Order_ID,Order_Date,Customer_ID,Product_ID,Quantity,Discount,Payment_Mode,Order_Status,Unit_Price,Cost,Gross_Sales,Sales,Total_Cost,Profit
ORD000001,2026-07-19,CUST0151,P001,1,0.05,Cash,Completed,65000,52000,65000,61750.0,52000,9750.0
ORD000002,2026-05-30,CUST1109,P008,1,0.05,Debit Card,Completed,16000,12500,16000,15200.0,12500,2700.0
ORD000003,2025-03-09,CUST0147,P001,2,0.1,Credit Card,Completed,65000,52000,130000,117000.0,104000,13000.0
ORD000004,2025-09-03,CUST1648,P005,2,0.1,UPI,Completed,4500,3000,9000,8100.0,6000,2100.0
ORD000005,2026-01-24,CUST1405,P009,1,0.05,Credit Card,Completed,12000,8500,12000,11400.0,8500,2900.0
ORD000006,2025-11-04,CUST0915,P007,1,0.0,UPI,Completed,28000,22000,28000,28000.0,22000,6000.0
ORD000007,2025-12-18,CUST1572,P004,1,0.1,UPI,Completed,1500,950,1500,1350.0,950,400.0
ORD000008,2025-03-07,CUST1309,P011,1,0.0,Net Banking,Completed,4000,2600,4000,4000.0,2600,1400.0
ORD000009,2026-04-05,CUST0700,P009,1,0.0,Credit Card,Completed,12000,8500,12000,12000.0,8500,3500.0
ORD000010,2025-12-13,CUST0082,P009,3,0.1,Credit Card,Completed,12000,8500,36000,32400.0,25500,6900.0
ORD000011,2025-11-21,CUST0514,P002,1,0.0,Net Banking,Completed,18000,13500,18000,18000.0,13500,4500.0
ORD000012,2026-08-22,CUST0815,P010,2,0.2,UPI,Completed,22000,16000,44000,35200.0,32000,3200.0
ORD000013,2025-02-02,CUST0709,P010,1,0.1,Credit Card,Completed,22000,16000,22000,19800.0,16000,3800.0
ORD000014,2025-03-09,CUST1547,P011,1,0.2,Credit Card,Completed,4000,2600,4000,3200.0,2600,600.0
ORD000015,2025-07-06,CUST0746,P012,3,0.0,Credit Card,Completed,9000,6500,27000,27000.0,19500,7500.0
ORD000016,2025-07-11,CUST1023,P006,2,0.2,Net Banking,Completed,35000,28500,70000,56000.0,57000,-1000.0
ORD000017,2025-08-01,CUST1410,P004,1,0.0,Net Banking,Completed,1500,950,1500,1500.0,950,550.0
ORD000018,2026-08-23,CUST0707,P008,3,0.0,Credit Card,Completed,16000,12500,48000,48000.0,37500,10500.0
ORD000019,2026-03-04,CUST0471,P012,1,0.0,Credit Card,Completed,9000,6500,9000,9000.0,6500,2500.0
ORD000020,2025-12-17,CUST1143,P011,1,0.05,Credit Card,Completed,4000,2600,4000,3800.0,2600,1200.0
ORD000021,2025-04-18,CUST0396,P007,2,0.0,Debit Card,Completed,28000,22000,56000,56000.0,44000,12000.0
ORD000022,2025-08-28,CUST1556,P007,2,0.05,Debit Card,Completed,28000,22000,56000,53200.0,44000,9200.0
ORD000023,2025-08-04,CUST0261,P011,1,0.0,UPI,Completed,4000,2600,4000,4000.0,2600,1400.0
ORD000024,2025-06-26,CUST0805,P010,1,0.0,UPI,Completed,22000,16000,22000,22000.0,16000,6000.0
ORD000025,2026-07-19,CUST0934,P009,3,0.1,Net Banking,Completed,12000,8500,36000,32400.0,25500,6900.0
ORD000026,2025-11-26,CUST1280,P013,1,0.0,UPI,Completed,6000,4200,6000,6000.0,4200,1800.0
ORD000027,2026-07-15,CUST1758,P005,1,0.1,Debit Card,Completed,4500,3000,4500,4050.0,3000,1050.0
ORD000028,2026-09-18,CUST0905,P006,2,0.05,Net Banking,Completed,35000,28500,70000,66500.0,57000,9500.0
ORD000029,2026-03-26,CUST1250,P001,4,0.15,UPI,Completed,65000,52000,260000,221000.0,208000,13000.0
ORD000030,2026-08-30,CUST1077,P006,1,0.05,Debit Card,Completed,35000,28500,35000,33250.0,28500,4750.0
ORD000031,2026-03-23,CUST0940,P002,3,0.2,UPI,Completed,18000,13500,54000,43200.0,40500,2700.0
ORD000032,2026-06-21,CUST1524,P006,2,0.05,Cash,Completed,35000,28500,70000,66500.0,57000,9500.0
ORD000033,2025-06-28,CUST1530,P009,1,0.2,UPI,Completed,12000,8500,12000,9600.0,8500,1100.0
ORD000034,2026-01-30,CUST0854,P008,2,0.0,Credit Card,Completed,16000,12500,32000,32000.0,25000,7000.0
ORD000035,2025-05-25,CUST1388,P009,4,0.1,Credit Card,Completed,12000,8500,48000,43200.0,34000,9200.0
ORD000036,2025-07-17,CUST1304,P013,1,0.1,Net Banking,Completed,6000,4200,6000,5400.0,4200,1200.0
ORD000037,2025-03-25,CUST0593,P015,1,0.0,UPI,Completed,2200,1400,2200,2200.0,1400,800.0
ORD000038,2025-03-26,CUST0714,P010,4,0.05,Credit Card,Completed,22000,16000,88000,83600.0,64000,19600.0
ORD000039,2026-04-02,CUST1182,P008,2,0.1,UPI,Completed,16000,12500,32000,28800.0,25000,3800.0
ORD000040,2026-04-21,CUST0632,P003,1,0.05,UPI,Completed,3000,2100,3000,2850.0,2100,750.0
ORD000041,2025-09-10,CUST0059,P008,2,0.0,Debit Card,Completed,16000,12500,32000,32000.0,25000,7000.0
ORD000042,2025-03-13,CUST1751,P006,2,0.1,UPI,Completed,35000,28500,70000,63000.0,57000,6000.0
ORD000043,2025-08-11,CUST0128,P013,3,0.0,Debit Card,Completed,6000,4200,18000,18000.0,12600,5400.0
ORD000044,2025-10-03,CUST0736,P006,4,0.1,Net Banking,Completed,35000,28500,140000,126000.0,114000,12000.0
ORD000045,2025-09-03,CUST0721,P006,1,0.0,Net Banking,Completed,35000,28500,35000,35000.0,28500,6500.0
ORD000046,2025-12-07,CUST1139,P003,1,0.0,Debit Card,Returned,3000,2100,3000,3000.0,2100,900.0
ORD000047,2026-07-27,CUST1233,P010,2,0.0,UPI,Returned,22000,16000,44000,44000.0,32000,12000.0
ORD000048,2026-04-16,CUST0526,P001,1,0.1,Credit Card,Completed,65000,52000,65000,58500.0,52000,6500.0
ORD000049,2026-03-30,CUST0521,P012,2,0.2,Cash,Returned,9000,6500,18000,14400.0,13000,1400.0
ORD000050,2025-01-07,CUST0552,P014,1,0.0,Net Banking,Completed,2500,1600,2500,2500.0,1600,900.0
ORD000051,2025-07-07,CUST0237,P004,1,0.0,Credit Card,Completed,1500,950,1500,1500.0,950,550.0
ORD000052,2025-01-04,CUST1305,P010,1,0.05,Net Banking,Cancelled,22000,16000,22000,20900.0,16000,4900.0
ORD000053,2025-05-05,CUST1383,P012,2,0.1,Net Banking,Completed,9000,6500,18000,16200.0,13000,3200.0
ORD000054,2025-01-15,CUST1225,P006,3,0.05,Net Banking,Completed,35000,28500,105000,99750.0,85500,14250.0
ORD000055,2026-06-09,CUST1782,P011,2,0.0,Debit Card,Completed,4000,2600,8000,8000.0,5200,2800.0
ORD000056,2026-09-22,CUST1302,P012,1,0.05,Net Banking,Completed,9000,6500,9000,8550.0,6500,2050.0
ORD000057,2025-08-28,CUST1259,P010,1,0.0,Net Banking,Completed,22000,16000,22000,22000.0,16000,6000.0
ORD000058,2025-12-26,CUST0494,P002,3,0.05,UPI,Cancelled,18000,13500,54000,51300.0,40500,10800.0
ORD000059,2026-06-02,CUST0004,P007,1,0.0,Cash,Returned,28000,22000,28000,28000.0,22000,6000.0
ORD000060,2025-11-16,CUST0666,P007,2,0.1,UPI,Completed,28000,22000,56000,50400.0,44000,6400.0
ORD000061,2025-08-19,CUST0442,P011,2,0.15,Credit Card,Completed,4000,2600,8000,6800.0,5200,1600.0
ORD000062,2025-01-30,CUST0029,P004,1,0.1,Net Banking,Completed,1500,950,1500,1350.0,950,400.0
ORD000063,2026-06-18,CUST1133,P004,3,0.05,Debit Card,Completed,1500,950,4500,4275.0,2850,1425.0
ORD000064,2025-06-05,CUST0610,P015,1,0.05,Net Banking,Cancelled,2200,1400,2200,2090.0,1400,690.0
ORD000065,2026-09-22,CUST1751,P001,2,0.0,Credit Card,Completed,65000,52000,130000,130000.0,104000,26000.0
ORD000066,2026-02-03,CUST0805,P013,1,0.1,Credit Card,Completed,6000,4200,6000,5400.0,4200,1200.0
ORD000067,2025-12-12,CUST0075,P002,1,0.05,UPI,Completed,18000,13500,18000,17100.0,13500,3600.0
ORD000068,2025-07-14,CUST0838,P009,2,0.15,Credit Card,Cancelled,12000,8500,24000,20400.0,17000,3400.0
ORD000069,2025-06-17,CUST1170,P010,2,0.0,Debit Card,Completed,22000,16000,44000,44000.0,32000,12000.0
ORD000070,2026-01-12,CUST0128,P008,2,0.1,UPI,Completed,16000,12500,32000,28800.0,25000,3800.0
ORD000071,2026-05-04,CUST0042,P008,2,0.1,Credit Card,Completed,16000,12500,32000,28800.0,25000,3800.0
ORD000072,2025-12-28,CUST1380,P009,2,0.0,UPI,Completed,12000,8500,24000,24000.0,17000,7000.0
ORD000073,2026-04-27,CUST0041,P015,1,0.1,Debit Card,Completed,2200,1400,2200,1980.0,1400,580.0
ORD000074,2025-09-01,CUST0934,P007,2,0.15,UPI,Completed,28000,22000,56000,47600.0,44000,3600.0
ORD000075,2026-08-04,CUST0034,P013,2,0.15,Debit Card,Completed,6000,4200,12000,10200.0,8400,1800.0
ORD000076,2026-08-30,CUST1041,P009,1,0.1,Credit Card,Completed,12000,8500,12000,10800.0,8500,2300.0
ORD000077,2026-08-12,CUST1701,P010,2,0.0,UPI,Completed,22000,16000,44000,44000.0,32000,12000.0
ORD000078,2025-06-20,CUST1177,P012,4,0.15,Net Banking,Completed,9000,6500,36000,30600.0,26000,4600.0
ORD000079,2026-05-28,CUST0998,P002,1,0.1,Credit Card,Returned,18000,13500,18000,16200.0,13500,2700.0
ORD000080,2026-02-10,CUST1402,P006,4,0.0,Credit Card,Completed,35000,28500,140000,140000.0,114000,26000.0
ORD000081,2026-07-28,CUST0588,P015,1,0.0,Debit Card,Completed,2200,1400,2200,2200.0,1400,800.0
ORD000082,2025-07-26,CUST1623,P003,1,0.0,Debit Card,Cancelled,3000,2100,3000,3000.0,2100,900.0
ORD000083,2025-06-03,CUST1653,P011,1,0.0,Debit Card,Completed,4000,2600,4000,4000.0,2600,1400.0
ORD000084,2025-02-17,CUST0342,P015,2,0.1,Debit Card,Completed,2200,1400,4400,3960.0,2800,1160.0
ORD000085,2025-01-01,CUST0027,P006,1,0.0,Credit Card,Completed,35000,28500,35000,35000.0,28500,6500.0
ORD000086,2026-02-11,CUST1311,P003,3,0.0,Credit Card,Completed,3000,2100,9000,9000.0,6300,2700.0
ORD000087,2025-04-17,CUST0646,P008,3,0.05,UPI,Completed,16000,12500,48000,45600.0,37500,8100.0
ORD000088,2025-06-22,CUST0731,P015,2,0.05,Net Banking,Completed,2200,1400,4400,4180.0,2800,1380.0
ORD000089,2026-05-21,CUST0168,P011,1,0.0,Cash,Cancelled,4000,2600,4000,4000.0,2600,1400.0
ORD000090,2025-05-10,CUST0610,P015,4,0.0,Credit Card,Completed,2200,1400,8800,8800.0,5600,3200.0
ORD000091,2026-02-02,CUST0268,P013,3,0.0,UPI,Completed,6000,4200,18000,18000.0,12600,5400.0
ORD000092,2025-10-21,CUST1773,P004,2,0.1,UPI,Completed,1500,950,3000,2700.0,1900,800.0
ORD000093,2026-07-06,CUST0821,P012,2,0.0,Debit Card,Completed,9000,6500,18000,18000.0,13000,5000.0
ORD000094,2026-03-23,CUST0455,P010,2,0.05,UPI,Completed,22000,16000,44000,41800.0,32000,9800.0
ORD000095,2025-01-16,CUST0906,P006,2,0.0,Net Banking,Completed,35000,28500,70000,70000.0,57000,13000.0
ORD000096,2025-12-15,CUST1709,P015,1,0.0,Net Banking,Completed,2200,1400,2200,2200.0,1400,800.0
ORD000097,2025-07-22,CUST1425,P009,1,0.05,Cash,Completed,12000,8500,12000,11400.0,8500,2900.0
ORD000098,2025-05-14,CUST0922,P002,1,0.0,,Completed,18000,13500,18000,18000.0,13500,4500.0
ORD000099,2026-06-10,CUST0981,P002,1,0.0,Cash,Completed,18000,13500,18000,18000.0,13500,4500.0
ORD000100,2026-05-23,CUST1500,P007,2,0.0,Debit Card,Completed,28000,22000,56000,56000.0,44000,12000.0
ORD000101,2025-03-07,CUST0702,P015,4,0.0,UPI,Completed,2200,1400,8800,8800.0,5600,3200.0
ORD000102,2026-04-25,CUST0634,P002,4,0.1,Credit Card,Completed,18000,13500,72000,64800.0,54000,10800.0
ORD000103,2026-04-04,CUST1582,P002,2,0.0,Debit Card,Completed,18000,13500,36000,36000.0,27000,9000.0
ORD000104,2025-12-08,CUST1600,P004,2,0.15,Cash,Completed,1500,950,3000,2550.0,1900,650.0
ORD000105,2026-09-18,CUST0130,P009,1,0.1,UPI,Completed,12000,8500,12000,10800.0,8500,2300.0
ORD000106,2025-06-08,CUST1020,P008,2,0.1,UPI,Completed,16000,12500,32000,28800.0,25000,3800.0
ORD000107,2025-06-10,CUST1387,P002,1,0.0,Credit Card,Completed,18000,13500,18000,18000.0,13500,4500.0
ORD000108,2025-09-11,CUST1729,P008,1,0.1,Cash,Cancelled,16000,12500,16000,14400.0,12500,1900.0
ORD000109,2026-06-11,CUST0819,P004,2,0.0,Cash,Completed,1500,950,3000,3000.0,1900,1100.0
ORD000110,2026-07-03,CUST0693,P002,1,0.0,UPI,Completed,18000,13500,18000,18000.0,13500,4500.0
ORD000111,2025-06-04,CUST1316,P011,1,0.0,UPI,Completed,4000,2600,4000,4000.0,2600,1400.0
ORD000112,2026-05-01,CUST1395,P010,3,0.15,Net Banking,Completed,22000,16000,66000,56100.0,48000,8100.0
ORD000113,2026-03-08,CUST0794,P007,1,0.0,Debit Card,Completed,28000,22000,28000,28000.0,22000,6000.0
ORD000114,2025-01-27,CUST0029,P006,1,0.15,Cash,Completed,35000,28500,35000,29750.0,28500,1250.0
ORD000115,2025-01-12,CUST0149,P014,1,0.0,Net Banking,Completed,2500,1600,2500,2500.0,1600,900.0
ORD000116,2025-03-08,CUST1320,P010,1,0.15,UPI,Completed,22000,16000,22000,18700.0,16000,2700.0
ORD000117,2026-06-26,CUST0011,P005,1,0.15,Debit Card,Completed,4500,3000,4500,3825.0,3000,825.0
ORD000118,2025-04-06,CUST1536,P011,3,0.15,UPI,Completed,4000,2600,12000,10200.0,7800,2400.0
ORD000119,2025-08-03,CUST0676,P001,1,0.05,Net Banking,Completed,65000,52000,65000,61750.0,52000,9750.0
ORD000120,2025-07-13,CUST1137,P002,3,0.15,Debit Card,Completed,18000,13500,54000,45900.0,40500,5400.0
ORD000121,2025-10-17,CUST0187,P008,1,0.2,Cash,Completed,16000,12500,16000,12800.0,12500,300.0
ORD000122,2026-06-28,CUST0807,P001,2,0.0,Cash,Completed,65000,52000,130000,130000.0,104000,26000.0
ORD000123,2025-02-08,CUST0744,P003,2,0.05,UPI,Completed,3000,2100,6000,5700.0,4200,1500.0
ORD000124,2025-07-25,CUST1251,P002,2,0.1,UPI,Completed,18000,13500,36000,32400.0,27000,5400.0
ORD000125,2026-07-09,CUST1334,P005,2,0.0,Credit Card,Completed,4500,3000,9000,9000.0,6000,3000.0
ORD000126,2026-04-29,CUST0098,P004,4,0.1,Net Banking,Completed,1500,950,6000,5400.0,3800,1600.0
ORD000127,2025-12-03,CUST0055,P013,1,0.0,Net Banking,Completed,6000,4200,6000,6000.0,4200,1800.0
ORD000128,2026-05-11,CUST0623,P007,2,0.05,Cash,Completed,28000,22000,56000,53200.0,44000,9200.0
ORD000129,2025-09-06,CUST0664,P005,3,0.0,Debit Card,Completed,4500,3000,13500,13500.0,9000,4500.0
ORD000130,2025-03-15,CUST0758,P008,1,0.0,UPI,Completed,16000,12500,16000,16000.0,12500,3500.0
ORD000131,2026-01-08,CUST0406,P004,1,0.0,UPI,Completed,1500,950,1500,1500.0,950,550.0
ORD000132,2025-05-18,CUST0069,P015,1,0.1,UPI,Completed,2200,1400,2200,1980.0,1400,580.0
ORD000133,2026-04-02,CUST1336,P012,2,0.0,Debit Card,Completed,9000,6500,18000,18000.0,13000,5000.0
ORD000134,2026-03-20,CUST1313,P006,1,0.1,Net Banking,Completed,35000,28500,35000,31500.0,28500,3000.0
ORD000135,2025-12-19,CUST1786,P004,1,0.1,UPI,Completed,1500,950,1500,1350.0,950,400.0
ORD000136,2026-02-15,CUST1572,P002,1,0.05,Net Banking,Completed,18000,13500,18000,17100.0,13500,3600.0
ORD000137,2026-06-22,CUST0751,P001,2,0.0,Credit Card,Cancelled,65000,52000,130000,130000.0,104000,26000.0
ORD000138,2026-03-29,CUST1172,P014,1,0.0,UPI,Completed,2500,1600,2500,2500.0,1600,900.0
ORD000139,2026-02-23,CUST1491,P014,1,0.05,Credit Card,Completed,2500,1600,2500,2375.0,1600,775.0
ORD000140,2026-03-26,CUST1763,P001,2,0.0,Credit Card,Completed,65000,52000,130000,130000.0,104000,26000.0
ORD000141,2026-08-08,CUST1268,P008,4,0.05,Net Banking,Completed,16000,12500,64000,60800.0,50000,10800.0
ORD000142,2025-04-25,CUST1515,P014,2,0.2,Credit Card,Completed,2500,1600,5000,4000.0,3200,800.0
ORD000143,2025-02-20,CUST0958,P004,3,0.0,UPI,Completed,1500,950,4500,4500.0,2850,1650.0
ORD000144,2026-01-04,CUST1531,P005,1,0.05,Net Banking,Returned,4500,3000,4500,4275.0,3000,1275.0
ORD000145,2026-05-30,CUST0365,P011,1,0.2,Cash,Returned,4000,2600,4000,3200.0,2600,600.0
ORD000146,2025-07-29,CUST0482,P008,1,0.15,Debit Card,Completed,16000,12500,16000,13600.0,12500,1100.0
ORD000147,2026-09-19,CUST0201,P012,3,0.15,UPI,Completed,9000,6500,27000,22950.0,19500,3450.0
ORD000148,2026-03-11,CUST0154,P015,1,0.1,UPI,Completed,2200,1400,2200,1980.0,1400,580.0
ORD000149,2025-08-15,CUST1474,P007,3,0.0,UPI,Cancelled,28000,22000,84000,84000.0,66000,18000.0
ORD000150,2025-09-25,CUST1525,P013,5,0.15,UPI,Completed,6000,4200,30000,25500.0,21000,4500.0
ORD000151,2025-04-26,CUST0073,P008,1,0.15,Net Banking,Completed,16000,12500,16000,13600.0,12500,1100.0
ORD000152,2026-08-23,CUST0713,P013,1,0.05,UPI,Completed,6000,4200,6000,5700.0,4200,1500.0
ORD000153,2025-12-26,CUST0296,P008,1,0.05,Credit Card,Completed,16000,12500,16000,15200.0,12500,2700.0
ORD000154,2025-11-25,CUST1041,P006,1,0.05,Debit Card,Completed,35000,28500,35000,33250.0,28500,4750.0
ORD000155,2025-02-09,CUST1665,P010,1,0.0,Net Banking,Completed,22000,16000,22000,22000.0,16000,6000.0
ORD000156,2025-07-01,CUST1241,P002,3,0.0,UPI,Completed,18000,13500,54000,54000.0,40500,13500.0
ORD000157,2026-05-05,CUST0061,P006,1,0.1,Credit Card,Completed,35000,28500,35000,31500.0,28500,3000.0
ORD000158,2025-07-28,CUST0939,P014,1,0.05,UPI,Completed,2500,1600,2500,2375.0,1600,775.0
ORD000159,2025-09-30,CUST1640,P001,1,0.05,UPI,Completed,65000,52000,65000,61750.0,52000,9750.0
ORD000160,2025-04-29,CUST0042,P001,4,0.0,UPI,Completed,65000,52000,260000,260000.0,208000,52000.0
ORD000161,2026-01-17,CUST0025,P011,2,0.1,Credit Card,Completed,4000,2600,8000,7200.0,5200,2000.0
ORD000162,2026-06-20,CUST1063,P003,4,0.0,UPI,Completed,3000,2100,12000,12000.0,8400,3600.0
ORD000163,2025-09-15,CUST0131,P003,5,0.0,Credit Card,Completed,3000,2100,15000,15000.0,10500,4500.0
ORD000164,2026-04-28,CUST1522,P011,2,0.1,UPI,Completed,4000,2600,8000,7200.0,5200,2000.0
ORD000165,2026-05-24,CUST1253,P013,1,0.05,Cash,Completed,6000,4200,6000,5700.0,4200,1500.0
ORD000166,2025-04-02,CUST0108,P005,1,0.0,Credit Card,Completed,4500,3000,4500,4500.0,3000,1500.0
ORD000167,2025-06-10,CUST0172,P001,1,0.05,Net Banking,Completed,65000,52000,65000,61750.0,52000,9750.0
ORD000168,2025-05-29,CUST1459,P010,2,0.1,UPI,Completed,22000,16000,44000,39600.0,32000,7600.0
ORD000169,2025-04-27,CUST1502,P006,1,0.1,Net Banking,Completed,35000,28500,35000,31500.0,28500,3000.0
ORD000170,2026-04-03,CUST0102,P007,1,0.05,Credit Card,Completed,28000,22000,28000,26600.0,22000,4600.0
ORD000171,2026-07-19,CUST0866,P010,2,0.0,UPI,Completed,22000,16000,44000,44000.0,32000,12000.0
ORD000172,2025-02-14,CUST0524,P012,2,0.1,Debit Card,Completed,9000,6500,18000,16200.0,13000,3200.0
ORD000173,2025-08-22,CUST0275,P013,2,0.15,Debit Card,Completed,6000,4200,12000,10200.0,8400,1800.0
ORD000174,2026-01-10,CUST1637,P011,1,0.1,Cash,Completed,4000,2600,4000,3600.0,2600,1000.0
ORD000175,2026-07-01,CUST1068,P003,3,0.1,Net Banking,Completed,3000,2100,9000,8100.0,6300,1800.0
ORD000176,2025-07-16,CUST0817,P004,2,0.05,UPI,Completed,1500,950,3000,2850.0,1900,950.0
ORD000177,2025-01-25,CUST0957,P010,1,0.1,UPI,Completed,22000,16000,22000,19800.0,16000,3800.0
ORD000178,2026-01-30,CUST1041,P011,3,0.15,Credit Card,Completed,4000,2600,12000,10200.0,7800,2400.0
ORD000179,2025-02-05,CUST0330,P010,4,0.1,UPI,Completed,22000,16000,88000,79200.0,64000,15200.0
ORD000180,2026-04-19,CUST1593,P014,1,0.15,Net Banking,Completed,2500,1600,2500,2125.0,1600,525.0
ORD000181,2025-08-11,CUST1521,P012,1,0.05,Credit Card,Completed,9000,6500,9000,8550.0,6500,2050.0
ORD000182,2026-06-14,CUST0012,P015,2,0.15,Net Banking,Completed,2200,1400,4400,3740.0,2800,940.0
ORD000183,2025-07-07,CUST1342,P010,1,0.1,Credit Card,Completed,22000,16000,22000,19800.0,16000,3800.0
ORD000184,2026-02-06,CUST1616,P014,3,0.15,Credit Card,Completed,2500,1600,7500,6375.0,4800,1575.0
ORD000185,2025-09-14,CUST0216,P010,1,0.0,UPI,Completed,22000,16000,22000,22000.0,16000,6000.0
ORD000186,2025-05-16,CUST0339,P010,3,0.1,UPI,Completed,22000,16000,66000,59400.0,48000,11400.0
ORD000187,2026-08-14,CUST1800,P003,2,0.1,Net Banking,Completed,3000,2100,6000,5400.0,4200,1200.0
ORD000188,2026-03-20,CUST0661,P001,2,0.0,Cash,Completed,65000,52000,130000,130000.0,104000,26000.0
ORD000189,2026-02-22,CUST1105,P008,1,0.1,Credit Card,Completed,16000,12500,16000,14400.0,12500,1900.0
ORD000190,2025-10-19,CUST1751,P013,1,0.1,Net Banking,Completed,6000,4200,6000,5400.0,4200,1200.0
ORD000191,2026-07-28,CUST1509,P010,1,0.0,Debit Card,Completed,22000,16000,22000,22000.0,16000,6000.0
ORD000192,2025-05-09,CUST0374,P010,1,0.05,Cash,Completed,22000,16000,22000,20900.0,16000,4900.0
ORD000193,2025-12-07,CUST0976,P002,1,0.05,UPI,Completed,18000,13500,18000,17100.0,13500,3600.0
ORD000194,2025-09-14,CUST0710,P001,3,0.05,Credit Card,Completed,65000,52000,195000,185250.0,156000,29250.0
ORD000195,2026-07-20,CUST1224,P014,1,0.0,Credit Card,Completed,2500,1600,2500,2500.0,1600,900.0
ORD000196,2025-04-10,CUST1561,P008,2,0.0,Credit Card,Completed,16000,12500,32000,32000.0,25000,7000.0
ORD000197,2025-02-08,CUST0466,P007,1,0.0,UPI,Completed,28000,22000,28000,28000.0,22000,6000.0
ORD000198,2025-09-20,CUST1113,P007,3,0.0,Credit Card,Completed,28000,22000,84000,84000.0,66000,18000.0
ORD000199,2025-05-30,CUST1292,P004,5,0.0,Debit Card,Completed,1500,950,7500,7500.0,4750,2750.0
ORD000200,2026-09-25,CUST1679,P011,1,0.1,UPI,Cancelled,4000,2600,4000,3600.0,2600,1000.0
ORD000201,2025-11-26,CUST1595,P009,3,0.05,Debit Card,Completed,12000,8500,36000,34200.0,25500,8700.0
ORD000202,2025-04-30,CUST0489,P006,2,0.1,Debit Card,Completed,35000,28500,70000,63000.0,57000,6000.0
ORD000203,2026-08-07,CUST1562,P002,3,0.0,Net Banking,Completed,18000,13500,54000,54000.0,40500,13500.0
ORD000204,2025-08-07,CUST0047,P014,2,0.05,Credit Card,Completed,2500,1600,5000,4750.0,3200,1550.0
ORD000205,2025-05-03,CUST1312,P001,1,0.0,UPI,Completed,65000,52000,65000,65000.0,52000,13000.0
ORD000206,2025-09-01,CUST0778,P001,1,0.1,Credit Card,Completed,65000,52000,65000,58500.0,52000,6500.0
ORD000207,2026-08-10,CUST1040,P009,1,0.1,UPI,Completed,12000,8500,12000,10800.0,8500,2300.0
ORD000208,2026-06-02,CUST0711,P004,2,0.15,Debit Card,Completed,1500,950,3000,2550.0,1900,650.0
ORD000209,2025-01-21,CUST0401,P005,5,0.0,UPI,Completed,4500,3000,22500,22500.0,15000,7500.0
ORD000210,2025-07-09,CUST0981,P003,2,0.1,Credit Card,Completed,3000,2100,6000,5400.0,4200,1200.0
ORD000211,2025-08-13,CUST1110,P004,1,0.05,UPI,Completed,1500,950,1500,1425.0,950,475.0
ORD000212,2026-09-07,CUST0250,P012,3,0.1,UPI,Completed,9000,6500,27000,24300.0,19500,4800.0
ORD000213,2026-04-11,CUST0391,P008,3,0.05,Cash,Completed,16000,12500,48000,45600.0,37500,8100.0
ORD000214,2025-04-09,CUST0335,P013,1,0.05,Cash,Completed,6000,4200,6000,5700.0,4200,1500.0
ORD000215,2025-12-29,CUST0629,P004,1,0.0,Credit Card,Completed,1500,950,1500,1500.0,950,550.0
ORD000216,2025-03-24,CUST1543,P009,1,0.1,UPI,Completed,12000,8500,12000,10800.0,8500,2300.0
ORD000217,2025-02-25,CUST0137,P009,3,0.0,Net Banking,Completed,12000,8500,36000,36000.0,25500,10500.0
ORD000218,2025-01-22,CUST0883,P006,3,0.0,Net Banking,Completed,35000,28500,105000,105000.0,85500,19500.0
ORD000219,2026-08-03,CUST0688,P002,1,0.0,Net Banking,Completed,18000,13500,18000,18000.0,13500,4500.0
ORD000220,2025-07-04,CUST1522,P012,1,0.2,Credit Card,Completed,9000,6500,9000,7200.0,6500,700.0
ORD000221,2026-06-06,CUST0827,P010,3,0.0,UPI,Completed,22000,16000,66000,66000.0,48000,18000.0
ORD000222,2026-08-01,CUST0727,P011,4,0.15,UPI,Completed,4000,2600,16000,13600.0,10400,3200.0
ORD000223,2025-09-21,CUST1501,P007,3,0.2,Net Banking,Completed,28000,22000,84000,67200.0,66000,1200.0
ORD000224,2025-08-13,CUST0594,P009,2,0.15,Net Banking,Completed,12000,8500,24000,20400.0,17000,3400.0
ORD000225,2026-09-27,CUST1247,P006,1,0.15,Credit Card,Completed,35000,28500,35000,29750.0,28500,1250.0
ORD000226,2025-02-07,CUST0990,P003,2,0.15,UPI,Completed,3000,2100,6000,5100.0,4200,900.0
ORD000227,2025-05-03,CUST0372,P014,1,0.0,Debit Card,Completed,2500,1600,2500,2500.0,1600,900.0
ORD000228,2025-06-05,CUST0935,P015,3,0.0,Net Banking,Completed,2200,1400,6600,6600.0,4200,2400.0
ORD000229,2025-10-28,CUST0995,P007,1,0.1,Debit Card,Completed,28000,22000,28000,25200.0,22000,3200.0
ORD000230,2025-03-08,CUST0402,P005,3,0.05,Debit Card,Cancelled,4500,3000,13500,12825.0,9000,3825.0
ORD000231,2026-01-29,CUST1467,P001,1,0.0,UPI,Completed,65000,52000,65000,65000.0,52000,13000.0
ORD000232,2026-08-17,CUST1514,P003,3,0.1,UPI,Completed,3000,2100,9000,8100.0,6300,1800.0
ORD000233,2026-07-24,CUST0615,P005,1,0.05,Debit Card,Completed,4500,3000,4500,4275.0,3000,1275.0
ORD000234,2026-02-09,CUST1297,P007,1,0.15,Net Banking,Completed,28000,22000,28000,23800.0,22000,1800.0
ORD000235,2026-03-25,CUST1550,P003,2,0.1,UPI,Completed,3000,2100,6000,5400.0,4200,1200.0
ORD000236,2025-05-11,CUST1183,P006,1,0.05,UPI,Returned,35000,28500,35000,33250.0,28500,4750.0
ORD000237,2025-03-10,CUST1176,P005,4,0.05,Debit Card,Completed,4500,3000,18000,17100.0,12000,5100.0
ORD000238,2025-12-11,CUST0995,P013,2,0.05,Credit Card,Cancelled,6000,4200,12000,11400.0,8400,3000.0
ORD000239,2025-11-16,CUST0620,P001,2,0.2,Credit Card,Completed,65000,52000,130000,104000.0,104000,0.0
ORD000240,2025-06-26,CUST0188,P010,3,0.0,Debit Card,Completed,22000,16000,66000,66000.0,48000,18000.0
ORD000241,2026-08-07,CUST1122,P006,3,0.05,Debit Card,Completed,35000,28500,105000,99750.0,85500,14250.0
ORD000242,2026-06-13,CUST0131,P014,2,0.1,Net Banking,Completed,2500,1600,5000,4500.0,3200,1300.0
ORD000243,2025-06-09,CUST0805,P008,4,0.05,UPI,Completed,16000,12500,64000,60800.0,50000,10800.0
ORD000244,2026-08-05,CUST1195,P013,1,0.0,Credit Card,Completed,6000,4200,6000,6000.0,4200,1800.0
ORD000245,2026-09-17,CUST0936,P013,1,0.0,UPI,Completed,6000,4200,6000,6000.0,4200,1800.0
ORD000246,2026-06-17,CUST0986,P001,2,0.0,Net Banking,Completed,65000,52000,130000,130000.0,104000,26000.0
ORD000247,2025-05-15,CUST0183,P002,1,0.0,Net Banking,Completed,18000,13500,18000,18000.0,13500,4500.0
ORD000248,2025-04-21,CUST0983,P014,1,0.15,UPI,Completed,2500,1600,2500,2125.0,1600,525.0
ORD000249,2025-10-10,CUST0364,P015,1,0.05,UPI,Cancelled,2200,1400,2200,2090.0,1400,690.0
ORD000250,2026-06-04,CUST0039,P004,1,0.0,UPI,Completed,1500,950,1500,1500.0,950,550.0
ORD000251,2025-07-13,CUST1551,P012,3,0.05,Credit Card,Completed,9000,6500,27000,25650.0,19500,6150.0
ORD000252,2025-02-16,CUST0497,P002,2,0.0,UPI,Completed,18000,13500,36000,36000.0,27000,9000.0
ORD000253,2025-12-08,CUST1540,P011,5,0.15,Debit Card,Completed,4000,2600,20000,17000.0,13000,4000.0
ORD000254,2025-08-30,CUST1373,P009,3,0.05,Debit Card,Cancelled,12000,8500,36000,34200.0,25500,8700.0
ORD000255,2026-06-06,CUST0982,P010,1,0.2,Debit Card,Completed,22000,16000,22000,17600.0,16000,1600.0
ORD000256,2026-01-05,CUST0921,P008,1,0.0,Net Banking,Completed,16000,12500,16000,16000.0,12500,3500.0
ORD000257,2025-05-11,CUST1421,P008,1,0.1,Credit Card,Completed,16000,12500,16000,14400.0,12500,1900.0
ORD000258,2025-09-27,CUST0722,P004,3,0.0,Net Banking,Completed,1500,950,4500,4500.0,2850,1650.0
ORD000259,2025-03-02,CUST1185,P005,1,0.0,UPI,Completed,4500,3000,4500,4500.0,3000,1500.0
ORD000260,2025-06-13,CUST0016,P004,1,0.0,UPI,Completed,1500,950,1500,1500.0,950,550.0
ORD000261,2026-06-09,CUST0493,P013,4,0.1,Credit Card,Completed,6000,4200,24000,21600.0,16800,4800.0
ORD000262,2025-09-29,CUST1450,P009,2,0.0,Credit Card,Completed,12000,8500,24000,24000.0,17000,7000.0
ORD000263,2025-05-13,CUST1132,P013,1,0.05,UPI,Completed,6000,4200,6000,5700.0,4200,1500.0
ORD000264,2025-09-01,CUST0894,P002,1,0.1,Credit Card,Completed,18000,13500,18000,16200.0,13500,2700.0
ORD000265,2026-03-10,CUST1474,P013,3,0.0,UPI,Returned,6000,4200,18000,18000.0,12600,5400.0
ORD000266,2025-02-07,CUST0311,P011,3,0.0,Net Banking,Completed,4000,2600,12000,12000.0,7800,4200.0
ORD000267,2026-07-22,CUST0739,P008,1,0.1,Credit Card,Completed,16000,12500,16000,14400.0,12500,1900.0
ORD000268,2025-11-15,CUST1194,P002,1,0.05,Credit Card,Completed,18000,13500,18000,17100.0,13500,3600.0
ORD000269,2026-05-25,CUST0546,P001,3,0.1,Net Banking,Completed,65000,52000,195000,175500.0,156000,19500.0
ORD000270,2026-01-11,CUST0414,P010,3,0.05,Debit Card,Completed,22000,16000,66000,62700.0,48000,14700.0
ORD000271,2026-07-14,CUST0251,P003,3,0.05,Credit Card,Completed,3000,2100,9000,8550.0,6300,2250.0
ORD000272,2026-09-09,CUST0759,P009,2,0.0,Credit Card,Completed,12000,8500,24000,24000.0,17000,7000.0
ORD000273,2026-04-19,CUST1165,P012,4,0.15,Debit Card,Completed,9000,6500,36000,30600.0,26000,4600.0
ORD000274,2025-02-28,CUST1298,P003,1,0.15,UPI,Completed,3000,2100,3000,2550.0,2100,450.0
ORD000275,2026-08-12,CUST1440,P009,1,0.2,UPI,Completed,12000,8500,12000,9600.0,8500,1100.0
ORD000276,2026-05-14,CUST1632,P007,2,0.05,UPI,Completed,28000,22000,56000,53200.0,44000,9200.0
ORD000277,2025-08-06,CUST1763,P013,2,0.1,Debit Card,Cancelled,6000,4200,12000,10800.0,8400,2400.0
ORD000278,2026-07-21,CUST1063,P010,3,0.05,UPI,Completed,22000,16000,66000,62700.0,48000,14700.0
ORD000279,2026-07-21,CUST0814,P001,1,0.05,UPI,Completed,65000,52000,65000,61750.0,52000,9750.0
ORD000280,2025-05-09,CUST0029,P010,3,0.1,UPI,Completed,22000,16000,66000,59400.0,48000,11400.0
ORD000281,2026-01-18,CUST0958,P005,1,0.0,Debit Card,Cancelled,4500,3000,4500,4500.0,3000,1500.0
ORD000282,2026-01-23,CUST0477,P009,2,0.0,Debit Card,Completed,12000,8500,24000,24000.0,17000,7000.0
ORD000283,2025-03-26,CUST0318,P012,1,0.0,Debit Card,Completed,9000,6500,9000,9000.0,6500,2500.0
ORD000284,2026-05-25,CUST0245,P015,2,0.1,UPI,Completed,2200,1400,4400,3960.0,2800,1160.0
ORD000285,2026-09-19,CUST0748,P015,2,0.05,Net Banking,Completed,2200,1400,4400,4180.0,2800,1380.0
ORD000286,2026-03-13,CUST0697,P003,1,0.05,Credit Card,Completed,3000,2100,3000,2850.0,2100,750.0
ORD000287,2025-10-20,CUST0272,P009,1,0.2,Credit Card,Completed,12000,8500,12000,9600.0,8500,1100.0
ORD000288,2025-02-18,CUST1464,P005,2,0.05,Net Banking,Completed,4500,3000,9000,8550.0,6000,2550.0
ORD000289,2025-03-08,CUST1772,P009,3,0.0,Cash,Completed,12000,8500,36000,36000.0,25500,10500.0
ORD000290,2025-05-09,CUST1263,P010,1,0.1,Debit Card,Completed,22000,16000,22000,19800.0,16000,3800.0
ORD000291,2025-01-29,CUST0377,P006,1,,Net Banking,Completed,35000,28500,35000,31500.0,28500,3000.0
ORD000292,2025-12-09,CUST0266,P009,1,0.0,Credit Card,Completed,12000,8500,12000,12000.0,8500,3500.0
ORD000293,2026-06-29,CUST0926,P007,4,0.1,UPI,Completed,28000,22000,112000,100800.0,88000,12800.0
ORD000294,2025-04-29,CUST0921,P007,1,0.0,UPI,Completed,28000,22000,28000,28000.0,22000,6000.0
ORD000295,2025-05-13,CUST1383,P008,1,0.05,Credit Card,Cancelled,16000,12500,16000,15200.0,12500,2700.0
ORD000296,2025-11-23,CUST0340,P007,3,0.0,Debit Card,Completed,28000,22000,84000,84000.0,66000,18000.0
ORD000297,2025-07-04,CUST0389,P012,2,0.0,Credit Card,Completed,9000,6500,18000,18000.0,13000,5000.0
ORD000298,2026-05-21,CUST0577,P009,1,0.05,Net Banking,Completed,12000,8500,12000,11400.0,8500,2900.0
ORD000299,2026-06-18,CUST1713,P011,5,0.15,Credit Card,Completed,4000,2600,20000,17000.0,13000,4000.0
ORD000300,2025-08-29,CUST0003,P009,2,0.1,UPI,Completed,12000,8500,24000,21600.0,17000,4600.0
ORD000301,2026-08-12,CUST1453,P006,2,0.15,UPI,Completed,35000,28500,70000,59500.0,57000,2500.0
ORD000302,2026-05-31,CUST1166,P007,1,0.1,Cash,Completed,28000,22000,28000,25200.0,22000,3200.0
ORD000303,2025-06-14,CUST0376,P002,3,0.0,Net Banking,Completed,18000,13500,54000,54000.0,40500,13500.0
ORD000304,2026-07-11,CUST1694,P015,1,0.0,Debit Card,Completed,2200,1400,2200,2200.0,1400,800.0
ORD000305,2025-08-06,CUST0324,P009,1,0.15,Net Banking,Completed,12000,8500,12000,10200.0,8500,1700.0
ORD000306,2026-08-28,CUST0146,P012,1,0.1,Net Banking,Completed,9000,6500,9000,8100.0,6500,1600.0
ORD000307,2025-01-05,CUST0293,P013,2,0.2,Net Banking,Completed,6000,4200,12000,9600.0,8400,1200.0
ORD000308,2025-03-22,CUST1689,P001,2,0.0,Credit Card,Completed,65000,52000,130000,130000.0,104000,26000.0
ORD000309,2025-09-04,CUST0432,P001,2,0.0,Credit Card,Completed,65000,52000,130000,130000.0,104000,26000.0
ORD000310,2026-05-08,CUST0705,P003,1,0.05,UPI,Completed,3000,2100,3000,2850.0,2100,750.0
ORD000311,2026-01-21,CUST0949,P012,2,0.0,Cash,Cancelled,9000,6500,18000,18000.0,13000,5000.0
ORD000312,2026-07-29,CUST0585,P006,3,0.0,Cash,Completed,35000,28500,105000,105000.0,85500,19500.0
ORD000313,2025-11-03,CUST0399,P005,1,0.05,Net Banking,Completed,4500,3000,4500,4275.0,3000,1275.0
ORD000314,2026-09-20,CUST0817,P015,3,0.1,Credit Card,Completed,2200,1400,6600,5940.0,4200,1740.0
ORD000315,2026-09-17,CUST1368,P002,1,0.0,Credit Card,Completed,18000,13500,18000,18000.0,13500,4500.0
ORD000316,2026-06-27,CUST0964,P009,2,0.0,Credit Card,Completed,12000,8500,24000,24000.0,17000,7000.0
ORD000317,2025-01-07,CUST1164,P014,1,0.1,UPI,Completed,2500,1600,2500,2250.0,1600,650.0
ORD000318,2026-05-30,CUST0187,P013,2,0.05,Credit Card,Completed,6000,4200,12000,11400.0,8400,3000.0
ORD000319,2026-07-22,CUST0061,P010,4,0.05,UPI,Returned,22000,16000,88000,83600.0,64000,19600.0
ORD000320,2025-03-14,CUST0939,P014,5,0.05,Cash,Completed,2500,1600,12500,11875.0,8000,3875.0
ORD000321,2025-01-10,CUST1404,P004,1,0.15,Credit Card,Completed,1500,950,1500,1275.0,950,325.0
ORD000322,2026-07-27,CUST0710,P004,1,0.05,Net Banking,Completed,1500,950,1500,1425.0,950,475.0
ORD000323,2026-07-16,CUST0807,P005,1,0.15,Debit Card,Completed,4500,3000,4500,3825.0,3000,825.0
ORD000324,2025-05-02,CUST1464,P015,3,0.05,UPI,Completed,2200,1400,6600,6270.0,4200,2070.0
ORD000325,2026-05-28,CUST1343,P008,2,0.0,UPI,Completed,16000,12500,32000,32000.0,25000,7000.0
ORD000326,2026-03-17,CUST1326,P010,1,0.05,Cash,Completed,22000,16000,22000,20900.0,16000,4900.0
ORD000327,2025-02-07,CUST1368,P004,1,0.05,Debit Card,Completed,1500,950,1500,1425.0,950,475.0
ORD000328,2026-08-14,CUST0011,P005,4,0.05,UPI,Completed,4500,3000,18000,17100.0,12000,5100.0
ORD000329,2025-12-11,CUST1086,P012,2,0.1,UPI,Completed,9000,6500,18000,16200.0,13000,3200.0
ORD000330,2025-12-04,CUST0226,P004,1,0.0,Debit Card,Cancelled,1500,950,1500,1500.0,950,550.0
ORD000331,2025-07-03,CUST1177,P014,1,0.1,UPI,Completed,2500,1600,2500,2250.0,1600,650.0
ORD000332,2025-03-08,CUST1735,P006,1,0.1,UPI,Completed,35000,28500,35000,31500.0,28500,3000.0
ORD000333,2025-01-17,CUST0564,P012,2,0.1,Debit Card,Returned,9000,6500,18000,16200.0,13000,3200.0
ORD000334,2026-01-18,CUST0772,P003,4,0.05,Debit Card,Completed,3000,2100,12000,11400.0,8400,3000.0
ORD000335,2026-01-03,CUST1595,P008,3,0.2,Credit Card,Completed,16000,12500,48000,38400.0,37500,900.0
ORD000336,2025-11-12,CUST1608,P006,1,0.05,Net Banking,Completed,35000,28500,35000,33250.0,28500,4750.0
ORD000337,2026-05-12,CUST1684,P010,3,0.0,Debit Card,Completed,22000,16000,66000,66000.0,48000,18000.0
ORD000338,2025-12-11,CUST1599,P005,1,0.1,Net Banking,Completed,4500,3000,4500,4050.0,3000,1050.0
ORD000339,2026-07-07,CUST1334,P013,1,0.0,UPI,Completed,6000,4200,6000,6000.0,4200,1800.0
ORD000340,2026-04-18,CUST0885,P015,5,0.1,UPI,Completed,2200,1400,11000,9900.0,7000,2900.0
ORD000341,2025-04-25,CUST1267,P002,1,0.0,UPI,Completed,18000,13500,18000,18000.0,13500,4500.0
ORD000342,2025-04-10,CUST1517,P010,1,0.0,UPI,Completed,22000,16000,22000,22000.0,16000,6000.0
ORD000343,2026-03-14,CUST1390,P010,5,0.0,Cash,Completed,22000,16000,110000,110000.0,80000,30000.0
ORD000344,2025-12-11,CUST1354,P007,1,0.05,Cash,Completed,28000,22000,28000,26600.0,22000,4600.0
ORD000345,2025-12-15,CUST1131,P002,3,0.0,Debit Card,Completed,18000,13500,54000,54000.0,40500,13500.0
ORD000346,2025-05-19,CUST0226,P001,4,0.0,Credit Card,Completed,65000,52000,260000,260000.0,208000,52000.0
ORD000347,2025-11-20,CUST0825,P007,2,0.1,Net Banking,Completed,28000,22000,56000,50400.0,44000,6400.0
ORD000348,2025-10-29,CUST0218,P005,1,0.1,Credit Card,Completed,4500,3000,4500,4050.0,3000,1050.0
ORD000349,2025-10-21,CUST0937,P001,1,0.1,UPI,Completed,65000,52000,65000,58500.0,52000,6500.0
ORD000350,2026-06-13,CUST0753,P015,1,0.1,Credit Card,Completed,2200,1400,2200,1980.0,1400,580.0
ORD000351,2025-10-19,CUST0506,P004,1,0.05,Credit Card,Completed,1500,950,1500,1425.0,950,475.0
ORD000352,2025-03-15,CUST0259,P012,3,0.15,UPI,Completed,9000,6500,27000,22950.0,19500,3450.0
ORD000353,2026-04-29,CUST1798,P013,1,0.05,UPI,Completed,6000,4200,6000,5700.0,4200,1500.0
ORD000354,2025-01-16,CUST1541,P004,1,0.05,UPI,Completed,1500,950,1500,1425.0,950,475.0
ORD000355,2026-06-10,CUST1797,P010,2,0.1,Debit Card,Completed,22000,16000,44000,39600.0,32000,7600.0
ORD000356,2025-12-02,CUST0054,P007,2,,UPI,Completed,28000,22000,56000,56000.0,44000,12000.0
ORD000357,2026-05-31,CUST1071,P009,3,0.1,Debit Card,Completed,12000,8500,36000,32400.0,25500,6900.0
ORD000358,2025-05-07,CUST0727,P002,1,0.05,Credit Card,Completed,18000,13500,18000,17100.0,13500,3600.0
ORD000359,2026-06-02,CUST0689,P012,3,0.0,Credit Card,Completed,9000,6500,27000,27000.0,19500,7500.0
ORD000360,2025-05-09,CUST1545,P014,2,0.0,Net Banking,Completed,2500,1600,5000,5000.0,3200,1800.0
ORD000361,2026-05-26,CUST1123,P001,1,0.0,Credit Card,Completed,65000,52000,65000,65000.0,52000,13000.0
ORD000362,2026-02-27,CUST1044,P002,1,0.15,Credit Card,Completed,18000,13500,18000,15300.0,13500,1800.0
ORD000363,2026-01-20,CUST1777,P007,1,0.2,Net Banking,Completed,28000,22000,28000,22400.0,22000,400.0
ORD000364,2025-08-20,CUST1597,P013,2,0.05,Credit Card,Completed,6000,4200,12000,11400.0,8400,3000.0
ORD000365,2025-07-14,CUST1514,P010,1,0.0,Net Banking,Completed,22000,16000,22000,22000.0,16000,6000.0
ORD000366,2025-03-06,CUST0419,P006,4,0.0,Credit Card,Completed,35000,28500,140000,140000.0,114000,26000.0
ORD000367,2026-09-07,CUST0690,P004,2,0.1,UPI,Cancelled,1500,950,3000,2700.0,1900,800.0
ORD000368,2025-10-04,CUST0850,P001,4,0.0,Debit Card,Completed,65000,52000,260000,260000.0,208000,52000.0
ORD000369,2025-08-12,CUST0062,P013,1,0.15,UPI,Completed,6000,4200,6000,5100.0,4200,900.0
ORD000370,2025-10-05,CUST1169,P001,1,0.1,UPI,Completed,65000,52000,65000,58500.0,52000,6500.0
ORD000371,2026-01-01,CUST0216,P005,1,0.15,UPI,Completed,4500,3000,4500,3825.0,3000,825.0
ORD000372,2026-05-31,CUST0003,P015,1,0.05,UPI,Completed,2200,1400,2200,2090.0,1400,690.0
ORD000373,2025-08-03,CUST0160,P001,3,0.1,Debit Card,Completed,65000,52000,195000,175500.0,156000,19500.0
ORD000374,2026-03-15,CUST1763,P012,1,0.1,Net Banking,Completed,9000,6500,9000,8100.0,6500,1600.0
ORD000375,2026-03-04,CUST0781,P015,1,0.1,Net Banking,Completed,2200,1400,2200,1980.0,1400,580.0
ORD000376,2026-01-31,CUST1144,P007,1,0.1,UPI,Completed,28000,22000,28000,25200.0,22000,3200.0
ORD000377,2025-07-28,CUST0893,P013,1,0.05,Debit Card,Completed,6000,4200,6000,5700.0,4200,1500.0
ORD000378,2026-05-16,CUST1113,P011,3,0.1,UPI,Completed,4000,2600,12000,10800.0,7800,3000.0
ORD000379,2026-04-08,CUST0329,P001,2,0.15,Debit Card,Completed,65000,52000,130000,110500.0,104000,6500.0
ORD000380,2026-08-09,CUST0580,P001,2,0.15,Net Banking,Completed,65000,52000,130000,110500.0,104000,6500.0
ORD000381,2025-08-15,CUST1381,P002,1,0.1,UPI,Completed,18000,13500,18000,16200.0,13500,2700.0
ORD000382,2026-01-10,CUST1634,P013,4,0.0,Cash,Completed,6000,4200,24000,24000.0,16800,7200.0
ORD000383,2026-05-15,CUST1291,P014,2,0.0,Net Banking,Completed,2500,1600,5000,5000.0,3200,1800.0
ORD000384,2025-04-03,CUST1641,P011,1,0.15,Debit Card,Completed,4000,2600,4000,3400.0,2600,800.0
ORD000385,2026-04-05,CUST0952,P012,1,0.0,Debit Card,Completed,9000,6500,9000,9000.0,6500,2500.0
ORD000386,2026-07-31,CUST1347,P010,4,0.0,Debit Card,Completed,22000,16000,88000,88000.0,64000,24000.0
ORD000387,2025-11-17,CUST0635,P003,2,0.0,Cash,Completed,3000,2100,6000,6000.0,4200,1800.0
ORD000388,2025-01-10,CUST0988,P013,2,0.1,Debit Card,Completed,6000,4200,12000,10800.0,8400,2400.0
ORD000389,2025-10-30,CUST1565,P011,1,0.05,Credit Card,Completed,4000,2600,4000,3800.0,2600,1200.0
ORD000390,2025-11-18,CUST1673,P015,1,0.0,Debit Card,Completed,2200,1400,2200,2200.0,1400,800.0
ORD000391,2026-04-01,CUST1219,P001,2,0.0,UPI,Completed,65000,52000,130000,130000.0,104000,26000.0
ORD000392,2025-10-05,CUST0921,P015,2,0.1,Cash,Completed,2200,1400,4400,3960.0,2800,1160.0
ORD000393,2026-08-21,CUST0738,P009,2,0.15,Net Banking,Completed,12000,8500,24000,20400.0,17000,3400.0
ORD000394,2026-06-22,CUST1356,P010,2,0.0,Credit Card,Completed,22000,16000,44000,44000.0,32000,12000.0
ORD000395,2026-01-28,CUST0170,P008,1,0.0,Net Banking,Completed,16000,12500,16000,16000.0,12500,3500.0
ORD000396,2025-04-05,CUST0521,P005,3,0.1,Net Banking,Completed,4500,3000,13500,12150.0,9000,3150.0
ORD000397,2025-04-17,CUST1487,P013,4,0.1,UPI,Completed,6000,4200,24000,21600.0,16800,4800.0
ORD000398,2026-01-25,CUST0040,P011,3,0.1,Credit Card,Completed,4000,2600,12000,10800.0,7800,3000.0
ORD000399,2026-06-10,CUST1561,P002,1,0.1,Credit Card,Completed,18000,13500,18000,16200.0,13500,2700.0
ORD000400,2025-03-12,CUST1285,P005,1,0.15,Debit Card,Completed,4500,3000,4500,3825.0,3000,825.0
ORD000401,2026-08-10,CUST1419,P006,3,0.0,Credit Card,Completed,35000,28500,105000,105000.0,85500,19500.0
ORD000402,2026-01-11,CUST0955,P014,2,0.0,Debit Card,Completed,2500,1600,5000,5000.0,3200,1800.0
ORD000403,2026-01-03,CUST1250,P015,2,0.1,Credit Card,Completed,2200,1400,4400,3960.0,2800,1160.0
ORD000404,2025-02-20,CUST0984,P001,4,0.1,UPI,Completed,65000,52000,260000,234000.0,208000,26000.0
ORD000405,2025-05-23,CUST1148,P011,2,0.05,UPI,Completed,4000,2600,8000,7600.0,5200,2400.0
ORD000406,2026-02-23,CUST0975,P004,2,0.2,UPI,Completed,1500,950,3000,2400.0,1900,500.0
ORD000407,2026-07-02,CUST0038,P009,1,0.1,UPI,Completed,12000,8500,12000,10800.0,8500,2300.0
ORD000408,2026-05-15,CUST0328,P002,1,0.1,Credit Card,Completed,18000,13500,18000,16200.0,13500,2700.0
ORD000409,2025-06-16,CUST1275,P005,1,0.0,Debit Card,Cancelled,4500,3000,4500,4500.0,3000,1500.0
ORD000410,2025-09-17,CUST1200,P001,4,0.0,UPI,Completed,65000,52000,260000,260000.0,208000,52000.0
ORD000411,2025-07-11,CUST1626,P004,1,0.1,Debit Card,Completed,1500,950,1500,1350.0,950,400.0
ORD000412,2025-07-21,CUST0914,P004,1,0.0,Credit Card,Cancelled,1500,950,1500,1500.0,950,550.0
ORD000413,2025-07-04,CUST0454,P006,3,0.0,UPI,Completed,35000,28500,105000,105000.0,85500,19500.0
ORD000414,2025-06-07,CUST0037,P010,2,0.15,Credit Card,Completed,22000,16000,44000,37400.0,32000,5400.0
ORD000415,2026-09-14,CUST1340,P009,2,0.15,Debit Card,Completed,12000,8500,24000,20400.0,17000,3400.0
ORD000416,2025-04-09,CUST1712,P003,1,0.0,UPI,Completed,3000,2100,3000,3000.0,2100,900.0
ORD000417,2025-08-29,CUST0973,P009,3,0.1,UPI,Completed,12000,8500,36000,32400.0,25500,6900.0
ORD000418,2026-05-06,CUST0796,P006,1,0.0,Cash,Returned,35000,28500,35000,35000.0,28500,6500.0
ORD000419,2025-07-21,CUST0973,P007,1,0.0,Debit Card,Cancelled,28000,22000,28000,28000.0,22000,6000.0
ORD000420,2026-09-26,CUST0593,P012,1,0.1,Credit Card,Completed,9000,6500,9000,8100.0,6500,1600.0
ORD000421,2026-05-24,CUST1138,P010,1,0.1,Debit Card,Completed,22000,16000,22000,19800.0,16000,3800.0
ORD000422,2026-09-21,CUST1064,P002,1,0.0,Net Banking,Completed,18000,13500,18000,18000.0,13500,4500.0
ORD000423,2025-04-06,CUST1325,P011,2,0.0,Net Banking,Completed,4000,2600,8000,8000.0,5200,2800.0
ORD000424,2026-05-05,CUST0224,P010,1,0.0,UPI,Completed,22000,16000,22000,22000.0,16000,6000.0
ORD000425,2026-08-02,CUST0318,P014,2,0.2,Credit Card,Completed,2500,1600,5000,4000.0,3200,800.0
ORD000426,2025-08-06,CUST0349,P006,1,0.1,Debit Card,Completed,35000,28500,35000,31500.0,28500,3000.0
ORD000427,2026-06-11,CUST0115,P006,1,0.05,UPI,Completed,35000,28500,35000,33250.0,28500,4750.0
ORD000428,2025-09-30,CUST0698,P002,2,0.0,Net Banking,Completed,18000,13500,36000,36000.0,27000,9000.0
ORD000429,2025-08-07,CUST1347,P002,4,0.05,Credit Card,Completed,18000,13500,72000,68400.0,54000,14400.0
ORD000430,2025-11-28,CUST1592,P014,3,0.1,Credit Card,Completed,2500,1600,7500,6750.0,4800,1950.0
ORD000431,2026-03-29,CUST1064,P002,4,0.1,Net Banking,Completed,18000,13500,72000,64800.0,54000,10800.0
ORD000432,2025-06-01,CUST0040,P010,2,0.0,UPI,Completed,22000,16000,44000,44000.0,32000,12000.0
ORD000433,2025-12-13,CUST1773,P012,2,0.2,UPI,Completed,9000,6500,18000,14400.0,13000,1400.0
ORD000434,2026-02-18,CUST1313,P001,2,0.05,Debit Card,Completed,65000,52000,130000,123500.0,104000,19500.0
ORD000435,2026-06-11,CUST1286,P005,2,0.0,Credit Card,Completed,4500,3000,9000,9000.0,6000,3000.0
ORD000436,2026-03-07,CUST0216,P008,1,0.0,Debit Card,Completed,16000,12500,16000,16000.0,12500,3500.0
ORD000437,2026-01-14,CUST1171,P002,2,0.05,UPI,Completed,18000,13500,36000,34200.0,27000,7200.0
ORD000438,2026-03-04,CUST0336,P013,1,0.15,Credit Card,Completed,6000,4200,6000,5100.0,4200,900.0
ORD000439,2025-03-25,CUST1192,P015,1,0.1,UPI,Completed,2200,1400,2200,1980.0,1400,580.0
ORD000440,2025-07-11,CUST0092,P005,2,0.05,Debit Card,Completed,4500,3000,9000,8550.0,6000,2550.0
ORD000441,2025-02-10,CUST0353,P012,1,0.0,UPI,Completed,9000,6500,9000,9000.0,6500,2500.0
ORD000442,2025-11-05,CUST0571,P008,1,0.0,Credit Card,Completed,16000,12500,16000,16000.0,12500,3500.0
ORD000443,2026-01-13,CUST1595,P010,1,0.05,Net Banking,Completed,22000,16000,22000,20900.0,16000,4900.0
ORD000444,2025-05-16,CUST0816,P014,5,0.1,Net Banking,Completed,2500,1600,12500,11250.0,8000,3250.0
ORD000445,2025-04-16,CUST1705,P005,1,0.1,Debit Card,Completed,4500,3000,4500,4050.0,3000,1050.0
ORD000446,2026-06-03,CUST0781,P002,1,0.0,Credit Card,Completed,18000,13500,18000,18000.0,13500,4500.0
ORD000447,2026-06-26,CUST0363,P003,3,0.0,Credit Card,Completed,3000,2100,9000,9000.0,6300,2700.0
ORD000448,2025-05-06,CUST0557,P015,2,0.05,Debit Card,Returned,2200,1400,4400,4180.0,2800,1380.0
ORD000449,2025-12-23,CUST1369,P006,1,0.15,Net Banking,Completed,35000,28500,35000,29750.0,28500,1250.0
ORD000450,2026-02-04,CUST1717,P011,1,0.05,Net Banking,Completed,4000,2600,4000,3800.0,2600,1200.0
ORD000451,2025-03-20,CUST1194,P011,1,0.0,Net Banking,Completed,4000,2600,4000,4000.0,2600,1400.0
ORD000452,2026-01-24,CUST0356,P005,1,0.0,Net Banking,Completed,4500,3000,4500,4500.0,3000,1500.0
ORD000453,2026-08-02,CUST0191,P011,1,0.0,UPI,Completed,4000,2600,4000,4000.0,2600,1400.0
ORD000454,2026-06-19,CUST1691,P004,1,0.05,Debit Card,Completed,1500,950,1500,1425.0,950,475.0
ORD000455,2025-03-15,CUST0422,P004,3,0.1,Net Banking,Completed,1500,950,4500,4050.0,2850,1200.0
ORD000456,2025-01-05,CUST0700,P005,2,0.2,Net Banking,Completed,4500,3000,9000,7200.0,6000,1200.0
ORD000457,2026-04-08,CUST0007,P002,2,0.05,Net Banking,Completed,18000,13500,36000,34200.0,27000,7200.0
ORD000458,2025-03-23,CUST0133,P009,1,0.0,Credit Card,Completed,12000,8500,12000,12000.0,8500,3500.0
ORD000459,2026-06-21,CUST1771,P002,1,0.1,Debit Card,Completed,18000,13500,18000,16200.0,13500,2700.0
ORD000460,2026-02-09,CUST0557,P010,3,0.1,UPI,Completed,22000,16000,66000,59400.0,48000,11400.0
ORD000461,2026-05-29,CUST0826,P002,1,0.0,Credit Card,Completed,18000,13500,18000,18000.0,13500,4500.0
ORD000462,2025-10-05,CUST0761,P010,3,0.15,Credit Card,Completed,22000,16000,66000,56100.0,48000,8100.0
ORD000463,2025-08-12,CUST1055,P014,2,0.1,Cash,Completed,2500,1600,5000,4500.0,3200,1300.0
ORD000464,2026-08-07,CUST0535,P009,3,0.05,Net Banking,Returned,12000,8500,36000,34200.0,25500,8700.0
ORD000465,2025-03-09,CUST0426,P014,1,0.05,Net Banking,Completed,2500,1600,2500,2375.0,1600,775.0
ORD000466,2025-11-16,CUST1418,P003,1,0.1,UPI,Completed,3000,2100,3000,2700.0,2100,600.0
ORD000467,2026-08-29,CUST0672,P015,2,0.1,Credit Card,Completed,2200,1400,4400,3960.0,2800,1160.0
ORD000468,2025-01-19,CUST0363,P010,3,0.0,Debit Card,Completed,22000,16000,66000,66000.0,48000,18000.0
ORD000469,2025-12-09,CUST1461,P007,1,0.0,UPI,Completed,28000,22000,28000,28000.0,22000,6000.0
ORD000470,2026-08-17,CUST1694,P004,5,0.0,UPI,Completed,1500,950,7500,7500.0,4750,2750.0
ORD000471,2025-12-09,CUST1575,P013,1,0.1,Net Banking,Completed,6000,4200,6000,5400.0,4200,1200.0
ORD000472,2025-04-07,CUST0082,P013,1,0.05,UPI,Completed,6000,4200,6000,5700.0,4200,1500.0
ORD000473,2025-02-21,CUST0356,P006,2,0.05,UPI,Completed,35000,28500,70000,66500.0,57000,9500.0
ORD000474,2025-06-24,CUST1282,P014,2,0.1,Credit Card,Completed,2500,1600,5000,4500.0,3200,1300.0
ORD000475,2025-12-04,CUST1742,P004,4,0.0,Net Banking,Completed,1500,950,6000,6000.0,3800,2200.0
ORD000476,2025-12-19,CUST0589,P010,1,0.1,Net Banking,Completed,22000,16000,22000,19800.0,16000,3800.0
ORD000477,2026-01-26,CUST1548,P015,1,0.05,Cash,Completed,2200,1400,2200,2090.0,1400,690.0
ORD000478,2025-04-25,CUST0295,P007,2,0.05,Debit Card,Completed,28000,22000,56000,53200.0,44000,9200.0
ORD000479,2025-12-14,CUST1248,P001,1,0.0,Credit Card,Completed,65000,52000,65000,65000.0,52000,13000.0
ORD000480,2025-01-01,CUST1549,P003,1,0.2,Net Banking,Completed,3000,2100,3000,2400.0,2100,300.0
ORD000481,2025-03-04,CUST1070,P013,2,0.1,Credit Card,Cancelled,6000,4200,12000,10800.0,8400,2400.0
ORD000482,2025-08-14,CUST1691,P003,1,0.0,Credit Card,Completed,3000,2100,3000,3000.0,2100,900.0
ORD000483,2026-02-27,CUST1137,P001,2,0.2,Credit Card,Completed,65000,52000,130000,104000.0,104000,0.0
ORD000484,2025-01-19,CUST1257,P006,1,0.1,Net Banking,Completed,35000,28500,35000,31500.0,28500,3000.0
ORD000485,2025-01-31,CUST0017,P015,2,0.0,Net Banking,Cancelled,2200,1400,4400,4400.0,2800,1600.0
ORD000486,2026-09-25,CUST0360,P013,2,0.0,Credit Card,Completed,6000,4200,12000,12000.0,8400,3600.0
ORD000487,2025-01-24,CUST1247,P011,1,0.0,Credit Card,Completed,4000,2600,4000,4000.0,2600,1400.0
ORD000488,2025-07-30,CUST0866,P014,1,0.1,Net Banking,Completed,2500,1600,2500,2250.0,1600,650.0
ORD000489,2025-06-10,CUST0700,P009,1,0.1,UPI,Completed,12000,8500,12000,10800.0,8500,2300.0
ORD000490,2025-09-12,CUST0448,P008,1,0.0,Net Banking,Completed,16000,12500,16000,16000.0,12500,3500.0
ORD000491,2026-07-25,CUST0856,P011,2,0.05,Credit Card,Completed,4000,2600,8000,7600.0,5200,2400.0
ORD000492,2025-04-24,CUST0365,P007,5,0.0,Credit Card,Completed,28000,22000,140000,140000.0,110000,30000.0
ORD000493,2026-05-19,CUST0675,P010,2,0.0,Credit Card,Completed,22000,16000,44000,44000.0,32000,12000.0
ORD000494,2025-08-08,CUST1008,P008,2,0.05,Credit Card,Completed,16000,12500,32000,30400.0,25000,5400.0
ORD000495,2025-12-23,CUST1350,P006,1,0.0,Debit Card,Completed,35000,28500,35000,35000.0,28500,6500.0
ORD000496,2025-06-18,CUST0467,P009,1,0.05,Net Banking,Completed,12000,8500,12000,11400.0,8500,2900.0
ORD000497,2026-06-08,CUST0414,P003,4,0.15,Credit Card,Completed,3000,2100,12000,10200.0,8400,1800.0
ORD000498,2025-08-30,CUST1479,P015,4,0.0,Net Banking,Completed,2200,1400,8800,8800.0,5600,3200.0
ORD000499,2026-01-10,CUST0586,P010,2,0.0,Debit Card,Completed,22000,16000,44000,44000.0,32000,12000.0
ORD000500,2025-05-19,CUST1257,P010,1,0.0,UPI,Completed,22000,16000,22000,22000.0,16000,6000.0
ORD000501,2025-04-07,CUST1248,P009,3,0.05,Credit Card,Completed,12000,8500,36000,34200.0,25500,8700.0
ORD000502,2025-05-27,CUST0994,P004,1,0.1,Debit Card,Completed,1500,950,1500,1350.0,950,400.0
ORD000503,2025-07-01,CUST1436,P007,3,0.05,UPI,Completed,28000,22000,84000,79800.0,66000,13800.0
ORD000504,2025-02-26,CUST0572,P015,3,0.05,Credit Card,Completed,2200,1400,6600,6270.0,4200,2070.0
ORD000505,2025-02-11,CUST0335,P013,1,0.05,Cash,Completed,6000,4200,6000,5700.0,4200,1500.0
ORD000506,2026-06-27,CUST1246,P009,5,0.0,Debit Card,Cancelled,12000,8500,60000,60000.0,42500,17500.0
ORD000507,2025-01-02,CUST0037,P002,5,0.05,UPI,Completed,18000,13500,90000,85500.0,67500,18000.0
ORD000508,2025-10-15,CUST0989,P002,4,0.1,UPI,Completed,18000,13500,72000,64800.0,54000,10800.0
ORD000509,2025-05-18,CUST0278,P009,2,0.0,UPI,Completed,12000,8500,24000,24000.0,17000,7000.0
ORD000510,2026-09-09,CUST1220,P012,1,0.1,Credit Card,Completed,9000,6500,9000,8100.0,6500,1600.0
ORD000511,2026-05-27,CUST0916,P013,2,0.05,UPI,Completed,6000,4200,12000,11400.0,8400,3000.0
ORD000512,2025-08-10,CUST0484,P003,1,0.0,UPI,Completed,3000,2100,3000,3000.0,2100,900.0
ORD000513,2025-11-27,CUST1266,P009,1,0.05,Credit Card,Completed,12000,8500,12000,11400.0,8500,2900.0
ORD000514,2026-09-09,CUST1348,P013,1,0.2,Debit Card,Completed,6000,4200,6000,4800.0,4200,600.0
ORD000515,2026-02-08,CUST0731,P015,2,0.0,UPI,Completed,2200,1400,4400,4400.0,2800,1600.0
ORD000516,2026-05-23,CUST0192,P005,1,0.0,UPI,Completed,4500,3000,4500,4500.0,3000,1500.0
ORD000517,2025-05-07,CUST1041,P006,1,0.05,UPI,Completed,35000,28500,35000,33250.0,28500,4750.0
ORD000518,2025-09-22,CUST0524,P002,1,0.1,UPI,Completed,18000,13500,18000,16200.0,13500,2700.0
ORD000519,2025-01-15,CUST0918,P008,2,0.0,UPI,Completed,16000,12500,32000,32000.0,25000,7000.0
ORD000520,2025-08-14,CUST0401,P011,2,0.15,Credit Card,Completed,4000,2600,8000,6800.0,5200,1600.0
ORD000521,2025-04-15,CUST0886,P009,1,,Credit Card,Completed,12000,8500,12000,10800.0,8500,2300.0
ORD000522,2026-05-08,CUST0705,P002,4,0.15,UPI,Returned,18000,13500,72000,61200.0,54000,7200.0
ORD000523,2025-11-15,CUST0022,P006,1,0.0,Net Banking,Cancelled,35000,28500,35000,35000.0,28500,6500.0
ORD000524,2025-08-07,CUST0474,P006,2,0.1,Credit Card,Completed,35000,28500,70000,63000.0,57000,6000.0
ORD000525,2025-10-04,CUST1144,P008,3,0.05,UPI,Returned,16000,12500,48000,45600.0,37500,8100.0
ORD000526,2025-12-07,CUST0210,P010,3,0.0,UPI,Completed,22000,16000,66000,66000.0,48000,18000.0
ORD000527,2026-03-28,CUST0306,P012,1,0.15,Cash,Completed,9000,6500,9000,7650.0,6500,1150.0
ORD000528,2026-01-04,CUST1294,P005,4,0.0,Cash,Completed,4500,3000,18000,18000.0,12000,6000.0
ORD000529,2026-04-19,CUST0704,P009,4,0.15,UPI,Completed,12000,8500,48000,40800.0,34000,6800.0
ORD000530,2025-07-09,CUST0687,P001,2,0.05,UPI,Completed,65000,52000,130000,123500.0,104000,19500.0
ORD000531,2026-02-23,CUST0285,P009,2,0.2,Credit Card,Completed,12000,8500,24000,19200.0,17000,2200.0
ORD000532,2026-05-10,CUST0716,P010,1,0.05,Credit Card,Completed,22000,16000,22000,20900.0,16000,4900.0
ORD000533,2025-02-08,CUST1700,P007,2,0.1,Credit Card,Completed,28000,22000,56000,50400.0,44000,6400.0
ORD000534,2025-06-11,CUST0763,P004,1,0.0,Credit Card,Completed,1500,950,1500,1500.0,950,550.0
ORD000535,2025-05-01,CUST1251,P003,3,0.05,UPI,Completed,3000,2100,9000,8550.0,6300,2250.0
ORD000536,2026-02-03,CUST0948,P014,1,0.1,UPI,Completed,2500,1600,2500,2250.0,1600,650.0
ORD000537,2025-09-19,CUST0381,P010,2,0.1,Credit Card,Completed,22000,16000,44000,39600.0,32000,7600.0
ORD000538,2026-07-15,CUST0460,P015,1,0.0,Net Banking,Completed,2200,1400,2200,2200.0,1400,800.0
ORD000539,2026-08-27,CUST1031,P011,1,0.05,UPI,Completed,4000,2600,4000,3800.0,2600,1200.0
ORD000540,2025-05-09,CUST0029,P014,1,0.05,Debit Card,Returned,2500,1600,2500,2375.0,1600,775.0
ORD000541,2026-06-24,CUST0907,P006,1,0.0,Credit Card,Completed,35000,28500,35000,35000.0,28500,6500.0
ORD000542,2025-12-22,CUST1057,P012,2,0.05,UPI,Completed,9000,6500,18000,17100.0,13000,4100.0
ORD000543,2026-03-08,CUST1670,P013,3,0.1,Net Banking,Completed,6000,4200,18000,16200.0,12600,3600.0
ORD000544,2025-03-06,CUST0879,P001,2,0.0,Credit Card,Completed,65000,52000,130000,130000.0,104000,26000.0
ORD000545,2025-08-06,CUST0079,P003,2,0.05,Credit Card,Completed,3000,2100,6000,5700.0,4200,1500.0
ORD000546,2026-07-17,CUST0947,P002,2,0.2,Credit Card,Cancelled,18000,13500,36000,28800.0,27000,1800.0
ORD000547,2026-03-03,CUST0459,P011,1,0.0,UPI,Completed,4000,2600,4000,4000.0,2600,1400.0
ORD000548,2025-03-15,CUST0570,P013,1,0.05,Credit Card,Completed,6000,4200,6000,5700.0,4200,1500.0
ORD000549,2026-04-05,CUST1562,P009,1,0.1,Credit Card,Completed,12000,8500,12000,10800.0,8500,2300.0
ORD000550,2026-03-01,CUST1506,P003,2,0.1,UPI,Completed,3000,2100,6000,5400.0,4200,1200.0
ORD000551,2025-07-11,CUST1454,P013,1,0.1,Credit Card,Completed,6000,4200,6000,5400.0,4200,1200.0
ORD000552,2025-07-08,CUST0738,P002,1,0.1,UPI,Completed,18000,13500,18000,16200.0,13500,2700.0
ORD000553,2025-01-12,CUST1309,P004,2,0.0,UPI,Completed,1500,950,3000,3000.0,1900,1100.0
ORD000554,2025-08-27,CUST0516,P015,4,0.05,Net Banking,Completed,2200,1400,8800,8360.0,5600,2760.0
ORD000555,2026-08-16,CUST1123,P014,2,0.1,UPI,Completed,2500,1600,5000,4500.0,3200,1300.0
ORD000556,2026-03-29,CUST0397,P002,3,0.0,Debit Card,Completed,18000,13500,54000,54000.0,40500,13500.0
ORD000557,2026-01-18,CUST1513,P001,2,0.0,Net Banking,Completed,65000,52000,130000,130000.0,104000,26000.0
ORD000558,2025-02-17,CUST0039,P006,2,0.1,UPI,Completed,35000,28500,70000,63000.0,57000,6000.0
ORD000559,2025-11-13,CUST1295,P015,2,0.1,Credit Card,Completed,2200,1400,4400,3960.0,2800,1160.0
ORD000560,2025-07-28,CUST0887,P010,3,0.05,Credit Card,Completed,22000,16000,66000,62700.0,48000,14700.0
ORD000561,2026-07-01,CUST0797,P008,1,0.15,Credit Card,Completed,16000,12500,16000,13600.0,12500,1100.0
ORD000562,2025-04-29,CUST0157,P010,1,0.1,Debit Card,Completed,22000,16000,22000,19800.0,16000,3800.0
ORD000563,2026-07-31,CUST1099,P010,1,0.2,Credit Card,Completed,22000,16000,22000,17600.0,16000,1600.0
ORD000564,2025-11-11,CUST0884,P002,1,0.15,UPI,Completed,18000,13500,18000,15300.0,13500,1800.0
ORD000565,2025-02-05,CUST1154,P014,3,0.05,UPI,Completed,2500,1600,7500,7125.0,4800,2325.0
ORD000566,2026-04-08,CUST1711,P009,1,0.1,Debit Card,Completed,12000,8500,12000,10800.0,8500,2300.0
ORD000567,2026-07-08,CUST0974,P015,1,0.1,UPI,Completed,2200,1400,2200,1980.0,1400,580.0
ORD000568,2026-08-04,CUST1108,P013,3,0.1,Net Banking,Completed,6000,4200,18000,16200.0,12600,3600.0
ORD000569,2026-02-07,CUST1046,P003,2,0.1,Debit Card,Completed,3000,2100,6000,5400.0,4200,1200.0
ORD000570,2025-04-17,CUST1483,P008,2,0.0,UPI,Completed,16000,12500,32000,32000.0,25000,7000.0
ORD000571,2025-02-08,CUST1563,P012,3,0.0,UPI,Completed,9000,6500,27000,27000.0,19500,7500.0
ORD000572,2026-08-04,CUST1731,P008,2,0.0,UPI,Completed,16000,12500,32000,32000.0,25000,7000.0
ORD000573,2025-06-29,CUST0849,P015,2,0.1,Credit Card,Completed,2200,1400,4400,3960.0,2800,1160.0
ORD000574,2025-01-12,CUST1406,P003,1,0.1,Net Banking,Completed,3000,2100,3000,2700.0,2100,600.0
ORD000575,2025-12-05,CUST0748,P003,1,0.05,UPI,Completed,3000,2100,3000,2850.0,2100,750.0
ORD000576,2026-07-02,CUST1464,P012,1,0.05,UPI,Completed,9000,6500,9000,8550.0,6500,2050.0
ORD000577,2025-05-06,CUST1628,P015,2,0.1,Credit Card,Completed,2200,1400,4400,3960.0,2800,1160.0
ORD000578,2025-03-04,CUST0989,P006,4,0.0,UPI,Completed,35000,28500,140000,140000.0,114000,26000.0
ORD000579,2025-03-23,CUST0021,P001,5,0.0,Credit Card,Completed,65000,52000,325000,325000.0,260000,65000.0
ORD000580,2025-10-26,CUST0303,P004,3,0.05,Credit Card,Cancelled,1500,950,4500,4275.0,2850,1425.0
ORD000581,2025-02-03,CUST0869,P001,1,0.15,UPI,Completed,65000,52000,65000,55250.0,52000,3250.0
ORD000582,2026-09-01,CUST0084,P014,4,0.1,Credit Card,Completed,2500,1600,10000,9000.0,6400,2600.0
ORD000583,2025-02-18,CUST1798,P003,2,0.05,Credit Card,Completed,3000,2100,6000,5700.0,4200,1500.0
ORD000584,2026-09-29,CUST1683,P009,1,0.0,UPI,Completed,12000,8500,12000,12000.0,8500,3500.0
ORD000585,2025-02-26,CUST1477,P014,2,0.1,UPI,Completed,2500,1600,5000,4500.0,3200,1300.0
ORD000586,2025-04-19,CUST1411,P014,1,0.1,Credit Card,Completed,2500,1600,2500,2250.0,1600,650.0
ORD000587,2026-06-01,CUST1531,P005,1,0.1,Credit Card,Completed,4500,3000,4500,4050.0,3000,1050.0
ORD000588,2025-01-24,CUST1281,P012,3,0.05,UPI,Completed,9000,6500,27000,25650.0,19500,6150.0
ORD000589,2025-08-09,CUST0570,P005,2,0.0,UPI,Completed,4500,3000,9000,9000.0,6000,3000.0
ORD000590,2025-11-11,CUST0934,P011,1,0.15,UPI,Completed,4000,2600,4000,3400.0,2600,800.0
ORD000591,2025-10-21,CUST1551,P004,2,0.0,UPI,Completed,1500,950,3000,3000.0,1900,1100.0
ORD000592,2025-01-10,CUST1186,P003,4,0.0,Credit Card,Completed,3000,2100,12000,12000.0,8400,3600.0
ORD000593,2026-04-26,CUST1187,P005,2,0.1,UPI,Completed,4500,3000,9000,8100.0,6000,2100.0
ORD000594,2026-09-30,CUST1009,P015,1,0.2,Credit Card,Completed,2200,1400,2200,1760.0,1400,360.0
ORD000595,2025-09-24,CUST0793,P014,1,0.1,UPI,Cancelled,2500,1600,2500,2250.0,1600,650.0
ORD000596,2025-03-29,CUST0792,P011,1,0.1,Credit Card,Completed,4000,2600,4000,3600.0,2600,1000.0
ORD000597,2026-03-31,CUST1548,P004,5,0.0,Debit Card,Completed,1500,950,7500,7500.0,4750,2750.0
ORD000598,2026-09-18,CUST1295,P008,1,0.0,Credit Card,Completed,16000,12500,16000,16000.0,12500,3500.0
ORD000599,2026-06-17,CUST0492,P004,1,0.0,UPI,Completed,1500,950,1500,1500.0,950,550.0
ORD000600,2025-05-28,CUST0208,P011,2,0.05,UPI,Returned,4000,2600,8000,7600.0,5200,2400.0
ORD000601,2026-03-07,CUST1563,P012,3,0.0,UPI,Completed,9000,6500,27000,27000.0,19500,7500.0
ORD000602,2025-08-30,CUST1608,P008,2,0.15,Credit Card,Completed,16000,12500,32000,27200.0,25000,2200.0
ORD000603,2025-03-07,CUST1084,P006,2,0.0,UPI,Completed,35000,28500,70000,70000.0,57000,13000.0
ORD000604,2026-01-13,CUST0430,P015,1,0.05,UPI,Completed,2200,1400,2200,2090.0,1400,690.0
ORD000605,2026-01-23,CUST0985,P014,1,0.05,Net Banking,Completed,2500,1600,2500,2375.0,1600,775.0
ORD000606,2025-07-28,CUST1681,P012,4,0.1,UPI,Completed,9000,6500,36000,32400.0,26000,6400.0
ORD000607,2026-02-19,CUST1629,P011,4,0.0,Net Banking,Completed,4000,2600,16000,16000.0,10400,5600.0
ORD000608,2025-01-16,CUST1333,P005,4,0.15,Net Banking,Completed,4500,3000,18000,15300.0,12000,3300.0
ORD000609,2025-10-24,CUST0520,P004,4,0.05,Net Banking,Completed,1500,950,6000,5700.0,3800,1900.0
ORD000610,2025-08-08,CUST0591,P004,3,0.1,Net Banking,Completed,1500,950,4500,4050.0,2850,1200.0
ORD000611,2026-01-02,CUST1051,P012,2,0.1,UPI,Completed,9000,6500,18000,16200.0,13000,3200.0
ORD000612,2025-08-17,CUST1710,P004,3,0.0,UPI,Completed,1500,950,4500,4500.0,2850,1650.0
ORD000613,2026-09-23,CUST1586,P011,2,0.1,UPI,Completed,4000,2600,8000,7200.0,5200,2000.0
ORD000614,2026-03-16,CUST0199,P013,1,0.05,UPI,Completed,6000,4200,6000,5700.0,4200,1500.0
ORD000615,2026-06-16,CUST0387,P013,1,0.15,UPI,Completed,6000,4200,6000,5100.0,4200,900.0
ORD000616,2026-03-26,CUST0349,P009,5,0.15,Net Banking,Completed,12000,8500,60000,51000.0,42500,8500.0
ORD000617,2025-02-05,CUST0960,P004,1,0.0,UPI,Completed,1500,950,1500,1500.0,950,550.0
ORD000618,2026-02-26,CUST0693,P012,3,0.0,UPI,Returned,9000,6500,27000,27000.0,19500,7500.0
ORD000619,2026-09-12,CUST1560,P009,1,0.0,Debit Card,Completed,12000,8500,12000,12000.0,8500,3500.0
ORD000620,2025-07-08,CUST0378,P013,1,0.2,UPI,Completed,6000,4200,6000,4800.0,4200,600.0
ORD000621,2025-06-27,CUST0899,P010,1,0.0,Credit Card,Completed,22000,16000,22000,22000.0,16000,6000.0
ORD000622,2026-08-31,CUST0916,P006,1,0.1,UPI,Completed,35000,28500,35000,31500.0,28500,3000.0
ORD000623,2025-11-11,CUST1582,P010,1,0.1,Net Banking,Completed,22000,16000,22000,19800.0,16000,3800.0
ORD000624,2025-01-20,CUST0527,P013,1,0.1,Credit Card,Completed,6000,4200,6000,5400.0,4200,1200.0
ORD000625,2026-01-17,CUST1177,P007,3,0.0,Debit Card,Completed,28000,22000,84000,84000.0,66000,18000.0
ORD000626,2026-09-01,CUST0734,P012,1,0.0,UPI,Completed,9000,6500,9000,9000.0,6500,2500.0
ORD000627,2025-05-23,CUST0206,P010,1,0.05,Net Banking,Completed,22000,16000,22000,20900.0,16000,4900.0
ORD000628,2025-03-03,CUST0455,P003,1,0.0,UPI,Completed,3000,2100,3000,3000.0,2100,900.0
ORD000629,2025-08-30,CUST1297,P008,2,0.0,Debit Card,Completed,16000,12500,32000,32000.0,25000,7000.0
ORD000630,2025-08-26,CUST1260,P003,2,0.0,Cash,Completed,3000,2100,6000,6000.0,4200,1800.0
ORD000631,2025-05-11,CUST1764,P001,2,0.05,Credit Card,Completed,65000,52000,130000,123500.0,104000,19500.0
ORD000632,2026-08-28,CUST0521,P013,1,0.05,Credit Card,Completed,6000,4200,6000,5700.0,4200,1500.0
ORD000633,2026-08-26,CUST1702,P013,1,0.0,UPI,Completed,6000,4200,6000,6000.0,4200,1800.0
ORD000634,2025-05-03,CUST1017,P010,2,0.0,Credit Card,Completed,22000,16000,44000,44000.0,32000,12000.0
ORD000635,2026-03-16,CUST0956,P012,3,,Net Banking,Completed,9000,6500,27000,27000.0,19500,7500.0
ORD000636,2025-12-08,CUST0726,P005,1,0.05,UPI,Completed,4500,3000,4500,4275.0,3000,1275.0
ORD000637,2026-02-23,CUST1014,P002,2,0.0,Net Banking,Completed,18000,13500,36000,36000.0,27000,9000.0
ORD000638,2026-09-22,CUST0501,P010,1,0.1,Debit Card,Completed,22000,16000,22000,19800.0,16000,3800.0
ORD000639,2026-03-31,CUST0117,P014,1,0.0,Credit Card,Completed,2500,1600,2500,2500.0,1600,900.0
ORD000640,2025-07-17,CUST0386,P006,2,0.15,Credit Card,Completed,35000,28500,70000,59500.0,57000,2500.0
ORD000641,2025-10-09,CUST1368,P013,2,0.0,UPI,Completed,6000,4200,12000,12000.0,8400,3600.0
ORD000642,2025-01-01,CUST0584,P010,1,0.15,UPI,Completed,22000,16000,22000,18700.0,16000,2700.0
ORD000643,2025-11-28,CUST0395,P009,1,0.1,UPI,Completed,12000,8500,12000,10800.0,8500,2300.0
ORD000644,2025-07-31,CUST1088,P001,4,0.1,Credit Card,Completed,65000,52000,260000,234000.0,208000,26000.0
ORD000645,2025-03-28,CUST1741,P014,3,0.15,Net Banking,Completed,2500,1600,7500,6375.0,4800,1575.0
ORD000646,2025-03-02,CUST0721,P013,3,0.0,Credit Card,Completed,6000,4200,18000,18000.0,12600,5400.0
ORD000647,2025-04-05,CUST0072,P004,1,0.0,Credit Card,Completed,1500,950,1500,1500.0,950,550.0
ORD000648,2026-07-07,CUST0274,P015,2,0.0,UPI,Completed,2200,1400,4400,4400.0,2800,1600.0
ORD000649,2025-05-27,CUST1344,P001,1,0.0,Debit Card,Completed,65000,52000,65000,65000.0,52000,13000.0
ORD000650,2025-09-03,CUST0338,P001,1,0.0,Credit Card,Completed,65000,52000,65000,65000.0,52000,13000.0
ORD000651,2025-10-24,CUST1390,P008,1,0.05,Credit Card,Completed,16000,12500,16000,15200.0,12500,2700.0
ORD000652,2025-05-03,CUST1519,P014,2,0.0,Net Banking,Completed,2500,1600,5000,5000.0,3200,1800.0
ORD000653,2026-04-01,CUST0607,P014,1,0.05,Net Banking,Completed,2500,1600,2500,2375.0,1600,775.0
ORD000654,2026-02-03,CUST0166,P013,3,0.0,Debit Card,Completed,6000,4200,18000,18000.0,12600,5400.0
ORD000655,2025-08-19,CUST1568,P014,1,0.1,Net Banking,Completed,2500,1600,2500,2250.0,1600,650.0
ORD000656,2026-06-18,CUST0011,P011,1,0.2,Credit Card,Completed,4000,2600,4000,3200.0,2600,600.0
ORD000657,2026-02-06,CUST1325,P015,1,0.05,Net Banking,Completed,2200,1400,2200,2090.0,1400,690.0
ORD000658,2026-08-15,CUST0729,P002,1,0.05,Credit Card,Completed,18000,13500,18000,17100.0,13500,3600.0
ORD000659,2025-05-10,CUST0801,P001,1,0.05,UPI,Completed,65000,52000,65000,61750.0,52000,9750.0
ORD000660,2025-10-19,CUST0102,P011,1,0.1,Cash,Completed,4000,2600,4000,3600.0,2600,1000.0
ORD000661,2025-10-03,CUST1449,P008,1,0.0,UPI,Completed,16000,12500,16000,16000.0,12500,3500.0
ORD000662,2026-01-11,CUST1416,P004,1,0.2,UPI,Completed,1500,950,1500,1200.0,950,250.0
ORD000663,2025-02-24,CUST0779,P003,2,0.05,UPI,Completed,3000,2100,6000,5700.0,4200,1500.0
ORD000664,2026-08-01,CUST0214,P013,1,0.0,UPI,Completed,6000,4200,6000,6000.0,4200,1800.0
ORD000665,2025-01-26,CUST1715,P012,2,0.2,UPI,Cancelled,9000,6500,18000,14400.0,13000,1400.0
ORD000666,2026-03-17,CUST1112,P004,2,0.15,Debit Card,Cancelled,1500,950,3000,2550.0,1900,650.0
ORD000667,2025-07-16,CUST1577,P014,1,0.1,Cash,Completed,2500,1600,2500,2250.0,1600,650.0
ORD000668,2025-08-31,CUST0401,P011,3,0.0,UPI,Completed,4000,2600,12000,12000.0,7800,4200.0
ORD000669,2025-07-09,CUST0588,P005,2,0.1,Debit Card,Completed,4500,3000,9000,8100.0,6000,2100.0
ORD000670,2026-07-22,CUST0889,P001,1,0.0,UPI,Completed,65000,52000,65000,65000.0,52000,13000.0
ORD000671,2026-07-21,CUST1070,P015,4,0.05,UPI,Completed,2200,1400,8800,8360.0,5600,2760.0
ORD000672,2025-10-03,CUST1696,P014,3,0.0,Debit Card,Completed,2500,1600,7500,7500.0,4800,2700.0
ORD000673,2026-02-13,CUST1487,P011,5,0.05,Net Banking,Completed,4000,2600,20000,19000.0,13000,6000.0
ORD000674,2025-12-06,CUST0592,P001,2,0.1,UPI,Completed,65000,52000,130000,117000.0,104000,13000.0
ORD000675,2025-06-02,CUST1334,P003,1,0.0,UPI,Completed,3000,2100,3000,3000.0,2100,900.0
ORD000676,2026-07-19,CUST1110,P006,1,0.15,UPI,Completed,35000,28500,35000,29750.0,28500,1250.0
ORD000677,2026-02-02,CUST0092,P001,2,0.0,Net Banking,Completed,65000,52000,130000,130000.0,104000,26000.0
ORD000678,2026-03-20,CUST1684,P014,5,0.0,UPI,Completed,2500,1600,12500,12500.0,8000,4500.0
ORD000679,2026-09-15,CUST0673,P011,2,0.1,Credit Card,Completed,4000,2600,8000,7200.0,5200,2000.0
ORD000680,2026-03-03,CUST0714,P012,3,0.1,Net Banking,Completed,9000,6500,27000,24300.0,19500,4800.0
ORD000681,2026-05-02,CUST0936,P015,1,0.2,Credit Card,Completed,2200,1400,2200,1760.0,1400,360.0
ORD000682,2025-07-23,CUST0242,P002,1,0.1,Net Banking,Completed,18000,13500,18000,16200.0,13500,2700.0
ORD000683,2025-04-22,CUST0002,P015,4,0.0,Net Banking,Completed,2200,1400,8800,8800.0,5600,3200.0
ORD000684,2025-11-21,CUST0225,P012,2,0.2,Credit Card,Completed,9000,6500,18000,14400.0,13000,1400.0
ORD000685,2025-09-15,CUST0801,P014,5,0.15,Credit Card,Completed,2500,1600,12500,10625.0,8000,2625.0
ORD000686,2026-06-12,CUST1769,P007,3,0.0,UPI,Completed,28000,22000,84000,84000.0,66000,18000.0
ORD000687,2025-12-16,CUST0589,P014,1,0.05,Cash,Completed,2500,1600,2500,2375.0,1600,775.0
ORD000688,2026-03-11,CUST0116,P014,2,0.05,UPI,Completed,2500,1600,5000,4750.0,3200,1550.0
ORD000689,2026-03-02,CUST1690,P001,4,0.05,Net Banking,Completed,65000,52000,260000,247000.0,208000,39000.0
ORD000690,2025-10-07,CUST0918,P013,2,0.2,UPI,Completed,6000,4200,12000,9600.0,8400,1200.0
ORD000691,2026-01-06,CUST1127,P014,1,0.0,UPI,Completed,2500,1600,2500,2500.0,1600,900.0
ORD000692,2025-09-06,CUST0194,P015,1,0.1,UPI,Completed,2200,1400,2200,1980.0,1400,580.0
ORD000693,2025-06-30,CUST1190,P007,2,0.0,Credit Card,Completed,28000,22000,56000,56000.0,44000,12000.0
ORD000694,2025-03-19,CUST0871,P015,1,0.05,UPI,Completed,2200,1400,2200,2090.0,1400,690.0
ORD000695,2025-12-02,CUST0090,P004,2,0.1,UPI,Completed,1500,950,3000,2700.0,1900,800.0
ORD000696,2025-02-19,CUST1710,P010,1,0.0,UPI,Completed,22000,16000,22000,22000.0,16000,6000.0
ORD000697,2025-03-26,CUST0122,P014,1,0.05,UPI,Completed,2500,1600,2500,2375.0,1600,775.0
ORD000698,2025-01-04,CUST0143,P006,3,0.2,Credit Card,Completed,35000,28500,105000,84000.0,85500,-1500.0
ORD000699,2025-11-13,CUST0994,P014,1,0.1,Credit Card,Completed,2500,1600,2500,2250.0,1600,650.0
ORD000700,2025-04-21,CUST0106,P008,3,0.05,UPI,Completed,16000,12500,48000,45600.0,37500,8100.0
ORD000701,2025-11-30,CUST0887,P009,1,0.0,Credit Card,Completed,12000,8500,12000,12000.0,8500,3500.0
ORD000702,2025-05-13,CUST0428,P006,4,0.05,Net Banking,Cancelled,35000,28500,140000,133000.0,114000,19000.0
ORD000703,2026-09-04,CUST1329,P012,1,0.1,Credit Card,Completed,9000,6500,9000,8100.0,6500,1600.0
ORD000704,2025-04-29,CUST0317,P011,1,0.1,Cash,Completed,4000,2600,4000,3600.0,2600,1000.0
ORD000705,2025-12-16,CUST0635,P013,3,0.0,UPI,Completed,6000,4200,18000,18000.0,12600,5400.0
ORD000706,2026-06-26,CUST0009,P015,2,0.1,Net Banking,Completed,2200,1400,4400,3960.0,2800,1160.0
ORD000707,2025-02-24,CUST0774,P014,1,0.0,Credit Card,Completed,2500,1600,2500,2500.0,1600,900.0
ORD000708,2025-12-27,CUST1097,P009,5,0.0,Credit Card,Completed,12000,8500,60000,60000.0,42500,17500.0
ORD000709,2026-03-29,CUST1383,P004,2,0.05,Credit Card,Completed,1500,950,3000,2850.0,1900,950.0
ORD000710,2026-07-07,CUST0223,P006,4,0.0,UPI,Completed,35000,28500,140000,140000.0,114000,26000.0
ORD000711,2025-11-26,CUST1440,P008,2,0.0,UPI,Completed,16000,12500,32000,32000.0,25000,7000.0
ORD000712,2025-08-07,CUST0553,P009,1,0.1,Debit Card,Completed,12000,8500,12000,10800.0,8500,2300.0
ORD000713,2025-07-27,CUST1394,P003,1,0.05,UPI,Completed,3000,2100,3000,2850.0,2100,750.0
ORD000714,2025-03-26,CUST0716,P002,1,0.1,Credit Card,Cancelled,18000,13500,18000,16200.0,13500,2700.0
ORD000715,2025-09-02,CUST1288,P006,2,0.1,Debit Card,Returned,35000,28500,70000,63000.0,57000,6000.0
ORD000716,2025-12-01,CUST1714,P004,1,0.1,Credit Card,Cancelled,1500,950,1500,1350.0,950,400.0
ORD000717,2025-07-31,CUST1342,P001,1,0.0,UPI,Completed,65000,52000,65000,65000.0,52000,13000.0
ORD000718,2026-08-19,CUST1108,P008,1,0.0,UPI,Completed,16000,12500,16000,16000.0,12500,3500.0
ORD000719,2025-07-02,CUST1342,P009,1,0.1,UPI,Completed,12000,8500,12000,10800.0,8500,2300.0
ORD000720,2025-05-13,CUST0111,P014,3,0.0,UPI,Completed,2500,1600,7500,7500.0,4800,2700.0
ORD000721,2025-12-16,CUST0251,P009,2,0.1,UPI,Completed,12000,8500,24000,21600.0,17000,4600.0
ORD000722,2025-10-09,CUST0383,P002,3,0.05,UPI,Cancelled,18000,13500,54000,51300.0,40500,10800.0
ORD000723,2025-10-20,CUST0007,P009,4,0.0,UPI,Completed,12000,8500,48000,48000.0,34000,14000.0
ORD000724,2025-09-26,CUST0459,P007,2,0.1,UPI,Completed,28000,22000,56000,50400.0,44000,6400.0
ORD000725,2025-07-16,CUST1108,P005,5,0.15,Cash,Cancelled,4500,3000,22500,19125.0,15000,4125.0
ORD000726,2026-06-21,CUST0208,P007,1,0.0,Cash,Cancelled,28000,22000,28000,28000.0,22000,6000.0
ORD000727,2025-01-20,CUST0900,P013,1,0.0,UPI,Completed,6000,4200,6000,6000.0,4200,1800.0
ORD000728,2026-02-09,CUST1414,P009,1,0.1,UPI,Completed,12000,8500,12000,10800.0,8500,2300.0
ORD000729,2025-04-25,CUST1338,P008,1,0.0,Credit Card,Completed,16000,12500,16000,16000.0,12500,3500.0
ORD000730,2025-01-26,CUST0022,P006,3,0.0,UPI,Completed,35000,28500,105000,105000.0,85500,19500.0
ORD000731,2026-07-20,CUST0410,P013,2,0.0,Credit Card,Completed,6000,4200,12000,12000.0,8400,3600.0
ORD000732,2026-01-30,CUST0895,P004,1,0.05,Credit Card,Completed,1500,950,1500,1425.0,950,475.0
ORD000733,2026-01-16,CUST0515,P013,2,0.05,UPI,Completed,6000,4200,12000,11400.0,8400,3000.0
ORD000734,2026-06-07,CUST1151,P015,2,0.05,Net Banking,Completed,2200,1400,4400,4180.0,2800,1380.0
ORD000735,2026-06-23,CUST0809,P001,1,0.15,Net Banking,Completed,65000,52000,65000,55250.0,52000,3250.0
ORD000736,2025-03-24,CUST1724,P006,2,0.1,Cash,Completed,35000,28500,70000,63000.0,57000,6000.0
ORD000737,2026-07-04,CUST0874,P003,4,0.2,UPI,Completed,3000,2100,12000,9600.0,8400,1200.0
ORD000738,2026-03-21,CUST0014,P006,3,0.05,Net Banking,Completed,35000,28500,105000,99750.0,85500,14250.0
ORD000739,2025-03-28,CUST0971,P006,2,0.0,Credit Card,Completed,35000,28500,70000,70000.0,57000,13000.0
ORD000740,2026-01-22,CUST0978,P014,1,0.2,Credit Card,Completed,2500,1600,2500,2000.0,1600,400.0
ORD000741,2026-02-02,CUST1014,P004,1,0.0,Net Banking,Completed,1500,950,1500,1500.0,950,550.0
ORD000742,2025-10-13,CUST1036,P002,1,0.1,Net Banking,Completed,18000,13500,18000,16200.0,13500,2700.0
ORD000743,2026-01-04,CUST0087,P015,2,0.0,Debit Card,Completed,2200,1400,4400,4400.0,2800,1600.0
ORD000744,2026-02-26,CUST1548,P009,1,0.1,UPI,Completed,12000,8500,12000,10800.0,8500,2300.0
ORD000745,2026-03-19,CUST0909,P002,1,0.15,Credit Card,Completed,18000,13500,18000,15300.0,13500,1800.0
ORD000746,2026-06-04,CUST1561,P003,4,0.05,Debit Card,Completed,3000,2100,12000,11400.0,8400,3000.0
ORD000747,2026-08-07,CUST1325,P010,3,0.0,Net Banking,Cancelled,22000,16000,66000,66000.0,48000,18000.0
ORD000748,2025-10-15,CUST1267,P001,2,0.0,Debit Card,Completed,65000,52000,130000,130000.0,104000,26000.0
ORD000749,2025-04-05,CUST0122,P007,1,0.05,Credit Card,Completed,28000,22000,28000,26600.0,22000,4600.0
ORD000750,2025-02-10,CUST1171,P015,1,0.0,Credit Card,Cancelled,2200,1400,2200,2200.0,1400,800.0
ORD000751,2025-11-27,CUST1591,P001,1,0.1,UPI,Completed,65000,52000,65000,58500.0,52000,6500.0
ORD000752,2025-06-04,CUST0750,P011,2,0.05,Net Banking,Completed,4000,2600,8000,7600.0,5200,2400.0
ORD000753,2026-05-19,CUST1380,P009,1,0.0,UPI,Completed,12000,8500,12000,12000.0,8500,3500.0
ORD000754,2025-10-02,CUST0685,P011,3,0.05,Credit Card,Completed,4000,2600,12000,11400.0,7800,3600.0
ORD000755,2026-07-19,CUST1757,P011,5,0.05,Net Banking,Completed,4000,2600,20000,19000.0,13000,6000.0
ORD000756,2025-06-28,CUST1655,P001,1,0.0,Credit Card,Completed,65000,52000,65000,65000.0,52000,13000.0
ORD000757,2025-05-17,CUST0309,P005,1,0.1,Net Banking,Completed,4500,3000,4500,4050.0,3000,1050.0
ORD000758,2025-06-29,CUST0695,P007,2,0.15,Net Banking,Returned,28000,22000,56000,47600.0,44000,3600.0
ORD000759,2025-07-01,CUST0288,P003,4,0.0,UPI,Completed,3000,2100,12000,12000.0,8400,3600.0
ORD000760,2025-09-16,CUST0307,P009,3,0.0,Credit Card,Completed,12000,8500,36000,36000.0,25500,10500.0
ORD000761,2025-08-31,CUST1618,P008,1,0.1,Debit Card,Completed,16000,12500,16000,14400.0,12500,1900.0
ORD000762,2025-04-06,CUST0914,P013,1,0.0,Credit Card,Completed,6000,4200,6000,6000.0,4200,1800.0
ORD000763,2025-07-16,CUST1747,P015,2,0.0,Credit Card,Completed,2200,1400,4400,4400.0,2800,1600.0
ORD000764,2026-06-10,CUST0662,P003,2,0.1,Credit Card,Completed,3000,2100,6000,5400.0,4200,1200.0
ORD000765,2026-09-24,CUST0549,P015,1,0.0,UPI,Completed,2200,1400,2200,2200.0,1400,800.0
ORD000766,2026-01-22,CUST1376,P005,2,0.0,Credit Card,Completed,4500,3000,9000,9000.0,6000,3000.0
ORD000767,2026-02-12,CUST0312,P007,3,0.2,UPI,Completed,28000,22000,84000,67200.0,66000,1200.0
ORD000768,2025-09-26,CUST0873,P012,1,0.0,UPI,Completed,9000,6500,9000,9000.0,6500,2500.0
ORD000769,2025-06-20,CUST1083,P014,3,0.15,Credit Card,Completed,2500,1600,7500,6375.0,4800,1575.0
ORD000770,2026-08-07,CUST1667,P004,1,0.0,Credit Card,Completed,1500,950,1500,1500.0,950,550.0
ORD000771,2025-06-19,CUST0924,P005,3,0.1,UPI,Completed,4500,3000,13500,12150.0,9000,3150.0
ORD000772,2025-06-08,CUST1738,P003,2,0.05,Debit Card,Completed,3000,2100,6000,5700.0,4200,1500.0
ORD000773,2026-05-24,CUST0755,P009,1,0.0,Credit Card,Completed,12000,8500,12000,12000.0,8500,3500.0
ORD000774,2026-03-23,CUST0035,P010,2,0.1,Net Banking,Completed,22000,16000,44000,39600.0,32000,7600.0
ORD000775,2025-03-23,CUST0445,P009,3,0.15,Credit Card,Completed,12000,8500,36000,30600.0,25500,5100.0
ORD000776,2025-02-26,CUST0093,P007,4,0.0,UPI,Completed,28000,22000,112000,112000.0,88000,24000.0
ORD000777,2026-06-03,CUST1231,P010,1,0.1,Debit Card,Completed,22000,16000,22000,19800.0,16000,3800.0
ORD000778,2025-04-22,CUST0353,P002,2,0.05,Credit Card,Completed,18000,13500,36000,34200.0,27000,7200.0
ORD000779,2025-02-17,CUST0903,P007,2,0.1,Credit Card,Returned,28000,22000,56000,50400.0,44000,6400.0
ORD000780,2026-08-15,CUST1356,P007,2,0.1,Credit Card,Completed,28000,22000,56000,50400.0,44000,6400.0
ORD000781,2026-01-11,CUST0862,P011,3,0.0,UPI,Completed,4000,2600,12000,12000.0,7800,4200.0
ORD000782,2025-02-02,CUST1749,P005,1,0.0,UPI,Completed,4500,3000,4500,4500.0,3000,1500.0
ORD000783,2026-05-19,CUST0159,P009,1,0.05,UPI,Completed,12000,8500,12000,11400.0,8500,2900.0
ORD000784,2026-09-19,CUST0957,P013,2,0.15,Credit Card,Completed,6000,4200,12000,10200.0,8400,1800.0
ORD000785,2025-01-03,CUST0024,P012,1,0.0,Net Banking,Completed,9000,6500,9000,9000.0,6500,2500.0
ORD000786,2026-05-01,CUST0404,P011,4,0.1,Net Banking,Completed,4000,2600,16000,14400.0,10400,4000.0
ORD000787,2026-05-31,CUST0805,P003,2,0.0,UPI,Completed,3000,2100,6000,6000.0,4200,1800.0
ORD000788,2025-02-11,CUST0516,P004,1,0.1,Net Banking,Completed,1500,950,1500,1350.0,950,400.0
ORD000789,2025-01-09,CUST0732,P001,3,0.1,Credit Card,Completed,65000,52000,195000,175500.0,156000,19500.0
ORD000790,2026-09-01,CUST1388,P006,1,0.1,UPI,Completed,35000,28500,35000,31500.0,28500,3000.0
ORD000791,2025-05-22,CUST1406,P004,2,0.15,Debit Card,Completed,1500,950,3000,2550.0,1900,650.0
ORD000792,2026-03-12,CUST0532,P001,1,0.0,UPI,Completed,65000,52000,65000,65000.0,52000,13000.0
ORD000793,2025-01-27,CUST0956,P002,1,0.0,UPI,Completed,18000,13500,18000,18000.0,13500,4500.0
ORD000794,2025-02-12,CUST0152,P015,1,0.2,UPI,Completed,2200,1400,2200,1760.0,1400,360.0
ORD000795,2025-05-11,CUST1586,P003,2,0.0,Credit Card,Completed,3000,2100,6000,6000.0,4200,1800.0
ORD000796,2025-08-04,CUST1713,P009,1,0.1,UPI,Completed,12000,8500,12000,10800.0,8500,2300.0
ORD000797,2026-08-29,CUST0947,P013,1,0.1,Net Banking,Completed,6000,4200,6000,5400.0,4200,1200.0
ORD000798,2026-06-04,CUST0608,P008,1,0.1,Credit Card,Completed,16000,12500,16000,14400.0,12500,1900.0
ORD000799,2026-08-21,CUST1641,P007,1,0.0,Credit Card,Completed,28000,22000,28000,28000.0,22000,6000.0
ORD000800,2025-12-11,CUST0420,P013,4,0.0,UPI,Completed,6000,4200,24000,24000.0,16800,7200.0
ORD000801,2026-05-23,CUST1274,P015,1,0.1,Net Banking,Completed,2200,1400,2200,1980.0,1400,580.0
ORD000802,2026-02-17,CUST1141,P011,3,0.0,Credit Card,Completed,4000,2600,12000,12000.0,7800,4200.0
ORD000803,2025-09-03,CUST0866,P012,2,0.1,Credit Card,Completed,9000,6500,18000,16200.0,13000,3200.0
ORD000804,2026-03-25,CUST1536,P014,2,0.05,Debit Card,Completed,2500,1600,5000,4750.0,3200,1550.0
ORD000805,2025-01-21,CUST1764,P004,1,0.05,UPI,Completed,1500,950,1500,1425.0,950,475.0
ORD000806,2026-02-12,CUST0578,P001,4,0.0,Credit Card,Completed,65000,52000,260000,260000.0,208000,52000.0
ORD000807,2026-04-02,CUST0335,P008,1,0.15,Credit Card,Completed,16000,12500,16000,13600.0,12500,1100.0
ORD000808,2026-03-20,CUST1442,P004,2,0.05,Credit Card,Completed,1500,950,3000,2850.0,1900,950.0
ORD000809,2025-09-22,CUST0932,P003,5,0.05,UPI,Completed,3000,2100,15000,14250.0,10500,3750.0
ORD000810,2025-07-03,CUST1798,P009,3,0.15,UPI,Completed,12000,8500,36000,30600.0,25500,5100.0
ORD000811,2025-08-15,CUST0295,P010,2,0.1,UPI,Completed,22000,16000,44000,39600.0,32000,7600.0
ORD000812,2026-07-02,CUST0755,P004,5,0.2,Cash,Completed,1500,950,7500,6000.0,4750,1250.0
ORD000813,2025-09-03,CUST1395,P004,2,0.0,UPI,Completed,1500,950,3000,3000.0,1900,1100.0
ORD000814,2025-03-14,CUST0186,P014,1,0.1,UPI,Completed,2500,1600,2500,2250.0,1600,650.0
ORD000815,2025-05-30,CUST1270,P009,1,0.0,Net Banking,Completed,12000,8500,12000,12000.0,8500,3500.0
ORD000816,2026-05-28,CUST0637,P013,1,0.1,Credit Card,Completed,6000,4200,6000,5400.0,4200,1200.0
ORD000817,2025-03-10,CUST1292,P012,1,0.15,Credit Card,Completed,9000,6500,9000,7650.0,6500,1150.0
ORD000818,2025-08-18,CUST1667,P011,3,0.0,Credit Card,Completed,4000,2600,12000,12000.0,7800,4200.0
ORD000819,2025-03-13,CUST1261,P012,2,0.05,Credit Card,Completed,9000,6500,18000,17100.0,13000,4100.0
ORD000820,2026-08-31,CUST0530,P014,1,0.1,Credit Card,Completed,2500,1600,2500,2250.0,1600,650.0
ORD000821,2026-02-01,CUST1576,P002,3,0.0,UPI,Completed,18000,13500,54000,54000.0,40500,13500.0
ORD000822,2025-03-25,CUST0021,P014,1,0.1,Net Banking,Completed,2500,1600,2500,2250.0,1600,650.0
ORD000823,2025-10-26,CUST0911,P012,5,0.0,UPI,Completed,9000,6500,45000,45000.0,32500,12500.0
ORD000824,2025-10-20,CUST1761,P005,4,0.15,UPI,Completed,4500,3000,18000,15300.0,12000,3300.0
ORD000825,2025-08-11,CUST0867,P015,4,0.0,UPI,Completed,2200,1400,8800,8800.0,5600,3200.0
ORD000826,2025-08-04,CUST0794,P004,3,0.05,Debit Card,Completed,1500,950,4500,4275.0,2850,1425.0
ORD000827,2025-08-19,CUST1544,P009,1,0.0,Credit Card,Completed,12000,8500,12000,12000.0,8500,3500.0
ORD000828,2026-02-09,CUST0100,P012,2,0.0,Debit Card,Completed,9000,6500,18000,18000.0,13000,5000.0
ORD000829,2025-06-18,CUST0752,P005,1,0.05,Debit Card,Completed,4500,3000,4500,4275.0,3000,1275.0
ORD000830,2025-11-25,CUST0478,P009,1,0.05,UPI,Completed,12000,8500,12000,11400.0,8500,2900.0
ORD000831,2026-03-02,CUST1623,P011,2,0.0,UPI,Completed,4000,2600,8000,8000.0,5200,2800.0
ORD000832,2026-07-08,CUST1322,P009,1,0.15,Credit Card,Completed,12000,8500,12000,10200.0,8500,1700.0
ORD000833,2025-07-15,CUST0940,P014,4,0.0,UPI,Completed,2500,1600,10000,10000.0,6400,3600.0
ORD000834,2026-08-31,CUST0526,P002,4,0.1,UPI,Completed,18000,13500,72000,64800.0,54000,10800.0
ORD000835,2026-06-10,CUST0334,P014,1,0.05,Net Banking,Completed,2500,1600,2500,2375.0,1600,775.0
ORD000836,2026-09-17,CUST0002,P015,2,0.05,Debit Card,Completed,2200,1400,4400,4180.0,2800,1380.0
ORD000837,2025-03-18,CUST0375,P009,1,0.0,UPI,Completed,12000,8500,12000,12000.0,8500,3500.0
ORD000838,2025-10-04,CUST0293,P003,3,0.1,Debit Card,Completed,3000,2100,9000,8100.0,6300,1800.0
ORD000839,2026-04-11,CUST0837,P004,2,0.05,Debit Card,Completed,1500,950,3000,2850.0,1900,950.0
ORD000840,2026-03-24,CUST1005,P001,1,0.0,UPI,Completed,65000,52000,65000,65000.0,52000,13000.0
ORD000841,2025-11-16,CUST0553,P014,1,0.0,Credit Card,Completed,2500,1600,2500,2500.0,1600,900.0
ORD000842,2025-06-09,CUST0318,P001,1,0.0,UPI,Completed,65000,52000,65000,65000.0,52000,13000.0
ORD000843,2026-05-07,CUST1526,P001,4,0.0,UPI,Completed,65000,52000,260000,260000.0,208000,52000.0
ORD000844,2025-11-09,CUST0381,P009,1,0.0,UPI,Completed,12000,8500,12000,12000.0,8500,3500.0
ORD000845,2026-09-23,CUST1647,P011,1,0.0,Net Banking,Completed,4000,2600,4000,4000.0,2600,1400.0
ORD000846,2025-06-10,CUST0014,P008,3,0.1,Credit Card,Completed,16000,12500,48000,43200.0,37500,5700.0
ORD000847,2025-11-04,CUST0504,P005,3,0.0,Net Banking,Completed,4500,3000,13500,13500.0,9000,4500.0
ORD000848,2025-05-26,CUST0231,P005,3,0.0,UPI,Completed,4500,3000,13500,13500.0,9000,4500.0
ORD000849,2026-01-31,CUST1108,P009,2,0.0,UPI,Completed,12000,8500,24000,24000.0,17000,7000.0
ORD000850,2025-03-30,CUST0130,P003,2,0.05,Net Banking,Completed,3000,2100,6000,5700.0,4200,1500.0
ORD000851,2025-11-04,CUST1767,P003,2,0.0,Credit Card,Completed,3000,2100,6000,6000.0,4200,1800.0
ORD000852,2026-06-30,CUST0838,P007,1,0.1,Net Banking,Completed,28000,22000,28000,25200.0,22000,3200.0
ORD000853,2026-01-06,CUST1169,P009,2,0.1,UPI,Completed,12000,8500,24000,21600.0,17000,4600.0
ORD000854,2026-03-27,CUST0891,P006,1,0.05,Net Banking,Completed,35000,28500,35000,33250.0,28500,4750.0
ORD000855,2025-06-16,CUST0028,P014,1,0.0,Credit Card,Completed,2500,1600,2500,2500.0,1600,900.0
ORD000856,2026-01-27,CUST0066,P002,4,0.05,UPI,Completed,18000,13500,72000,68400.0,54000,14400.0
ORD000857,2026-09-29,CUST1187,P001,1,0.0,Debit Card,Completed,65000,52000,65000,65000.0,52000,13000.0
ORD000858,2026-05-06,CUST1253,P002,4,0.15,Net Banking,Completed,18000,13500,72000,61200.0,54000,7200.0
ORD000859,2025-05-30,CUST0261,P014,1,0.1,UPI,Completed,2500,1600,2500,2250.0,1600,650.0
ORD000860,2026-04-13,CUST1473,P014,1,0.05,Cash,Completed,2500,1600,2500,2375.0,1600,775.0
ORD000861,2025-02-12,CUST1448,P001,2,0.2,Debit Card,Completed,65000,52000,130000,104000.0,104000,0.0
ORD000862,2025-01-29,CUST0460,P010,3,0.05,UPI,Returned,22000,16000,66000,62700.0,48000,14700.0
ORD000863,2026-09-24,CUST1700,P010,2,0.0,UPI,Completed,22000,16000,44000,44000.0,32000,12000.0
ORD000864,2025-01-31,CUST0301,P009,3,0.0,Credit Card,Completed,12000,8500,36000,36000.0,25500,10500.0
ORD000865,2025-05-08,CUST0919,P015,1,0.05,UPI,Completed,2200,1400,2200,2090.0,1400,690.0
ORD000866,2025-10-21,CUST1327,P010,4,0.15,Credit Card,Completed,22000,16000,88000,74800.0,64000,10800.0
ORD000867,2026-03-17,CUST0287,P015,1,0.15,Net Banking,Completed,2200,1400,2200,1870.0,1400,470.0
ORD000868,2026-01-23,CUST1419,P012,3,0.1,Debit Card,Completed,9000,6500,27000,24300.0,19500,4800.0
ORD000869,2026-06-08,CUST1034,P014,1,0.05,Credit Card,Completed,2500,1600,2500,2375.0,1600,775.0
ORD000870,2026-07-01,CUST1731,P013,3,0.1,UPI,Completed,6000,4200,18000,16200.0,12600,3600.0
ORD000871,2025-04-20,CUST0630,P008,2,0.1,Cash,Completed,16000,12500,32000,28800.0,25000,3800.0
ORD000872,2025-11-24,CUST0270,P015,1,0.05,UPI,Completed,2200,1400,2200,2090.0,1400,690.0
ORD000873,2026-02-09,CUST0592,P007,4,0.05,UPI,Completed,28000,22000,112000,106400.0,88000,18400.0
ORD000874,2025-09-02,CUST1629,P015,1,0.1,Debit Card,Returned,2200,1400,2200,1980.0,1400,580.0
ORD000875,2025-06-12,CUST0844,P003,1,0.15,Debit Card,Completed,3000,2100,3000,2550.0,2100,450.0
ORD000876,2026-07-14,CUST0862,P008,3,0.1,Cash,Completed,16000,12500,48000,43200.0,37500,5700.0
ORD000877,2026-02-03,CUST1385,P002,1,0.0,Cash,Completed,18000,13500,18000,18000.0,13500,4500.0
ORD000878,2026-08-06,CUST1281,P002,1,0.0,Net Banking,Completed,18000,13500,18000,18000.0,13500,4500.0
ORD000879,2026-02-03,CUST0133,P011,2,0.15,Credit Card,Completed,4000,2600,8000,6800.0,5200,1600.0
ORD000880,2026-05-08,CUST1300,P010,3,0.1,UPI,Completed,22000,16000,66000,59400.0,48000,11400.0
ORD000881,2025-08-27,CUST1800,P003,1,0.05,Credit Card,Completed,3000,2100,3000,2850.0,2100,750.0
ORD000882,2026-04-10,CUST1707,P007,2,0.05,UPI,Completed,28000,22000,56000,53200.0,44000,9200.0
ORD000883,2026-08-03,CUST0972,P001,2,0.15,UPI,Completed,65000,52000,130000,110500.0,104000,6500.0
ORD000884,2025-02-01,CUST0513,P008,3,0.15,UPI,Completed,16000,12500,48000,40800.0,37500,3300.0
ORD000885,2025-05-03,CUST0313,P012,4,0.1,UPI,Cancelled,9000,6500,36000,32400.0,26000,6400.0
ORD000886,2026-06-18,CUST0576,P007,3,0.0,Credit Card,Completed,28000,22000,84000,84000.0,66000,18000.0
ORD000887,2025-04-20,CUST0886,P004,2,0.1,Credit Card,Completed,1500,950,3000,2700.0,1900,800.0
ORD000888,2025-09-28,CUST1308,P014,1,0.0,Credit Card,Completed,2500,1600,2500,2500.0,1600,900.0
ORD000889,2026-01-15,CUST1145,P015,1,0.15,Net Banking,Completed,2200,1400,2200,1870.0,1400,470.0
ORD000890,2025-10-27,CUST1131,P005,2,0.0,Debit Card,Completed,4500,3000,9000,9000.0,6000,3000.0
ORD000891,2026-09-19,CUST0687,P010,5,0.1,Net Banking,Completed,22000,16000,110000,99000.0,80000,19000.0
ORD000892,2025-09-06,CUST1228,P013,2,0.1,Credit Card,Completed,6000,4200,12000,10800.0,8400,2400.0
ORD000893,2026-06-05,CUST0165,P001,1,0.1,UPI,Completed,65000,52000,65000,58500.0,52000,6500.0
ORD000894,2025-02-03,CUST0305,P004,2,0.05,UPI,Completed,1500,950,3000,2850.0,1900,950.0
ORD000895,2025-08-16,CUST1521,P015,2,0.0,Debit Card,Returned,2200,1400,4400,4400.0,2800,1600.0
ORD000896,2026-08-08,CUST1656,P001,2,0.1,Net Banking,Cancelled,65000,52000,130000,117000.0,104000,13000.0
ORD000897,2026-02-03,CUST1580,P001,2,0.05,UPI,Completed,65000,52000,130000,123500.0,104000,19500.0
ORD000898,2026-08-07,CUST0156,P010,2,0.0,Net Banking,Completed,22000,16000,44000,44000.0,32000,12000.0
ORD000899,2026-07-24,CUST1391,P001,1,0.2,Credit Card,Completed,65000,52000,65000,52000.0,52000,0.0
ORD000900,2025-08-08,CUST1743,P007,4,0.05,UPI,Completed,28000,22000,112000,106400.0,88000,18400.0
ORD000901,2026-01-06,CUST0620,P007,2,0.1,Debit Card,Completed,28000,22000,56000,50400.0,44000,6400.0
ORD000902,2026-06-12,CUST1275,P004,1,0.05,Credit Card,Cancelled,1500,950,1500,1425.0,950,475.0
ORD000903,2025-03-16,CUST0957,P015,1,0.1,UPI,Completed,2200,1400,2200,1980.0,1400,580.0
ORD000904,2026-09-10,CUST0334,P013,4,0.1,Credit Card,Completed,6000,4200,24000,21600.0,16800,4800.0
ORD000905,2025-05-16,CUST1666,P012,3,0.1,Net Banking,Completed,9000,6500,27000,24300.0,19500,4800.0
ORD000906,2025-03-15,CUST0969,P002,1,0.2,Credit Card,Completed,18000,13500,18000,14400.0,13500,900.0
ORD000907,2025-09-11,CUST0511,P012,1,0.05,UPI,Completed,9000,6500,9000,8550.0,6500,2050.0
ORD000908,2025-01-18,CUST1317,P003,1,0.1,Net Banking,Completed,3000,2100,3000,2700.0,2100,600.0
ORD000909,2025-02-12,CUST1044,P008,1,0.1,UPI,Completed,16000,12500,16000,14400.0,12500,1900.0
ORD000910,2025-02-19,CUST0282,P013,2,0.05,UPI,Completed,6000,4200,12000,11400.0,8400,3000.0
ORD000911,2026-05-30,CUST0797,P008,2,0.05,Credit Card,Completed,16000,12500,32000,30400.0,25000,5400.0
ORD000912,2026-07-25,CUST1025,P011,2,0.2,Net Banking,Completed,4000,2600,8000,6400.0,5200,1200.0
ORD000913,2026-07-30,CUST0119,P011,2,0.0,Credit Card,Completed,4000,2600,8000,8000.0,5200,2800.0
ORD000914,2026-08-05,CUST1059,P006,1,0.0,Debit Card,Completed,35000,28500,35000,35000.0,28500,6500.0
ORD000915,2025-10-30,CUST0198,P015,1,0.05,Cash,Completed,2200,1400,2200,2090.0,1400,690.0
ORD000916,2025-05-22,CUST0485,P010,1,0.0,Net Banking,Completed,22000,16000,22000,22000.0,16000,6000.0
ORD000917,2025-07-21,CUST1781,P009,1,0.15,UPI,Completed,12000,8500,12000,10200.0,8500,1700.0
ORD000918,2025-07-26,CUST1083,P011,1,0.0,Net Banking,Completed,4000,2600,4000,4000.0,2600,1400.0
ORD000919,2026-02-19,CUST0837,P012,2,0.0,Debit Card,Completed,9000,6500,18000,18000.0,13000,5000.0
ORD000920,2025-08-09,CUST1185,P009,3,0.1,UPI,Completed,12000,8500,36000,32400.0,25500,6900.0
ORD000921,2025-12-28,CUST1009,P004,2,0.0,UPI,Completed,1500,950,3000,3000.0,1900,1100.0
ORD000922,2025-03-22,CUST0691,P012,3,0.1,Debit Card,Completed,9000,6500,27000,24300.0,19500,4800.0
ORD000923,2026-07-17,CUST1230,P001,2,0.1,UPI,Completed,65000,52000,130000,117000.0,104000,13000.0
ORD000924,2025-10-12,CUST1036,P001,2,0.1,UPI,Completed,65000,52000,130000,117000.0,104000,13000.0
ORD000925,2026-01-04,CUST0490,P015,1,0.1,Debit Card,Completed,2200,1400,2200,1980.0,1400,580.0
ORD000926,2026-05-07,CUST0276,P012,5,0.0,Net Banking,Completed,9000,6500,45000,45000.0,32500,12500.0
ORD000927,2025-12-12,CUST0693,P010,1,0.0,UPI,Completed,22000,16000,22000,22000.0,16000,6000.0
ORD000928,2025-07-23,CUST0242,P015,1,0.0,Credit Card,Completed,2200,1400,2200,2200.0,1400,800.0
ORD000929,2025-01-25,CUST1240,P005,1,0.0,Debit Card,Completed,4500,3000,4500,4500.0,3000,1500.0
ORD000930,2026-07-07,CUST1275,P014,5,0.05,Debit Card,Cancelled,2500,1600,12500,11875.0,8000,3875.0
ORD000931,2025-03-10,CUST0126,P013,5,0.05,Cash,Completed,6000,4200,30000,28500.0,21000,7500.0
ORD000932,2026-05-31,CUST0217,P002,3,0.05,Debit Card,Completed,18000,13500,54000,51300.0,40500,10800.0
ORD000933,2026-05-07,CUST1330,P015,2,0.0,Debit Card,Completed,2200,1400,4400,4400.0,2800,1600.0
ORD000934,2025-08-28,CUST1209,P006,2,0.05,Cash,Completed,35000,28500,70000,66500.0,57000,9500.0
ORD000935,2025-12-27,CUST1063,P007,5,0.0,UPI,Completed,28000,22000,140000,140000.0,110000,30000.0
ORD000936,2026-03-17,CUST1247,P001,2,0.0,UPI,Completed,65000,52000,130000,130000.0,104000,26000.0
ORD000937,2025-01-31,CUST1208,P006,4,0.1,Credit Card,Completed,35000,28500,140000,126000.0,114000,12000.0
ORD000938,2026-09-21,CUST0495,P008,1,0.1,Credit Card,Completed,16000,12500,16000,14400.0,12500,1900.0
ORD000939,2026-08-25,CUST0427,P012,1,0.1,UPI,Cancelled,9000,6500,9000,8100.0,6500,1600.0
ORD000940,2025-11-18,CUST1202,P005,3,0.15,UPI,Completed,4500,3000,13500,11475.0,9000,2475.0
ORD000941,2025-12-10,CUST0919,P014,1,0.1,Debit Card,Completed,2500,1600,2500,2250.0,1600,650.0
ORD000942,2026-06-20,CUST1452,P012,4,0.1,Net Banking,Completed,9000,6500,36000,32400.0,26000,6400.0
ORD000943,2025-12-21,CUST1318,P007,2,0.0,UPI,Completed,28000,22000,56000,56000.0,44000,12000.0
ORD000944,2026-04-16,CUST0151,P010,4,0.0,Credit Card,Completed,22000,16000,88000,88000.0,64000,24000.0
ORD000945,2025-04-15,CUST0384,P006,1,0.1,UPI,Completed,35000,28500,35000,31500.0,28500,3000.0
ORD000946,2025-11-18,CUST1662,P004,2,0.0,Debit Card,Completed,1500,950,3000,3000.0,1900,1100.0
ORD000947,2026-07-26,CUST0308,P015,2,0.05,Credit Card,Completed,2200,1400,4400,4180.0,2800,1380.0
ORD000948,2026-06-11,CUST1360,P015,2,0.0,Net Banking,Completed,2200,1400,4400,4400.0,2800,1600.0
ORD000949,2026-05-19,CUST0746,P007,2,0.0,UPI,Completed,28000,22000,56000,56000.0,44000,12000.0
ORD000950,2025-03-26,CUST0892,P010,4,0.1,Credit Card,Completed,22000,16000,88000,79200.0,64000,15200.0
ORD000951,2025-08-23,CUST0375,P009,2,0.0,UPI,Completed,12000,8500,24000,24000.0,17000,7000.0
ORD000952,2025-09-20,CUST1032,P010,1,0.05,Credit Card,Completed,22000,16000,22000,20900.0,16000,4900.0
ORD000953,2025-01-06,CUST1365,P010,4,0.0,Net Banking,Completed,22000,16000,88000,88000.0,64000,24000.0
ORD000954,2026-05-09,CUST0129,P013,1,0.1,,Completed,6000,4200,6000,5400.0,4200,1200.0
ORD000955,2025-10-16,CUST1015,P007,1,0.1,Credit Card,Completed,28000,22000,28000,25200.0,22000,3200.0
ORD000956,2026-07-24,CUST1800,P012,1,0.05,Net Banking,Completed,9000,6500,9000,8550.0,6500,2050.0
ORD000957,2026-07-08,CUST0669,P014,3,0.1,UPI,Completed,2500,1600,7500,6750.0,4800,1950.0
ORD000958,2025-12-16,CUST1376,P005,1,0.0,UPI,Completed,4500,3000,4500,4500.0,3000,1500.0
ORD000959,2025-07-19,CUST1382,P007,1,0.1,Net Banking,Returned,28000,22000,28000,25200.0,22000,3200.0
ORD000960,2025-12-01,CUST0517,P003,4,0.1,UPI,Cancelled,3000,2100,12000,10800.0,8400,2400.0
ORD000961,2026-08-30,CUST1519,P002,3,0.2,UPI,Completed,18000,13500,54000,43200.0,40500,2700.0
ORD000962,2025-08-05,CUST0086,P011,1,0.0,Credit Card,Completed,4000,2600,4000,4000.0,2600,1400.0
ORD000963,2026-09-15,CUST1199,P015,3,0.0,Credit Card,Completed,2200,1400,6600,6600.0,4200,2400.0
ORD000964,2025-12-19,CUST1217,P005,4,0.0,UPI,Completed,4500,3000,18000,18000.0,12000,6000.0
ORD000965,2026-09-23,CUST0311,P004,1,0.0,Net Banking,Completed,1500,950,1500,1500.0,950,550.0
ORD000966,2025-11-21,CUST1143,P005,3,0.0,Credit Card,Completed,4500,3000,13500,13500.0,9000,4500.0
ORD000967,2025-08-16,CUST1242,P008,2,0.0,Credit Card,Completed,16000,12500,32000,32000.0,25000,7000.0
ORD000968,2025-05-25,CUST0427,P012,2,0.05,UPI,Completed,9000,6500,18000,17100.0,13000,4100.0
ORD000969,2025-11-04,CUST1438,P004,2,0.15,Credit Card,Completed,1500,950,3000,2550.0,1900,650.0
ORD000970,2026-09-26,CUST0114,P015,2,0.0,Debit Card,Completed,2200,1400,4400,4400.0,2800,1600.0
ORD000971,2025-10-12,CUST1169,P009,1,0.2,,Completed,12000,8500,12000,9600.0,8500,1100.0
ORD000972,2026-01-27,CUST1562,P007,3,0.1,Cash,Completed,28000,22000,84000,75600.0,66000,9600.0
ORD000973,2025-12-26,CUST1672,P010,1,0.15,Credit Card,Completed,22000,16000,22000,18700.0,16000,2700.0
ORD000974,2025-06-14,CUST0303,P013,1,0.15,Cash,Completed,6000,4200,6000,5100.0,4200,900.0
ORD000975,2026-08-04,CUST0744,P012,1,0.1,UPI,Completed,9000,6500,9000,8100.0,6500,1600.0
ORD000976,2025-08-12,CUST0588,P007,3,0.1,UPI,Returned,28000,22000,84000,75600.0,66000,9600.0
ORD000977,2025-05-04,CUST0987,P015,1,0.05,Debit Card,Completed,2200,1400,2200,2090.0,1400,690.0
ORD000978,2025-12-10,CUST0345,P013,1,0.05,UPI,Completed,6000,4200,6000,5700.0,4200,1500.0
ORD000979,2026-06-08,CUST0814,P013,1,0.15,UPI,Completed,6000,4200,6000,5100.0,4200,900.0
ORD000980,2025-02-21,CUST0801,P008,3,0.05,Net Banking,Completed,16000,12500,48000,45600.0,37500,8100.0
ORD000981,2025-05-09,CUST1025,P012,2,0.0,Net Banking,Completed,9000,6500,18000,18000.0,13000,5000.0
ORD000982,2025-05-15,CUST1171,P006,3,0.1,UPI,Completed,35000,28500,105000,94500.0,85500,9000.0
ORD000983,2025-05-07,CUST1311,P008,1,0.05,Debit Card,Completed,16000,12500,16000,15200.0,12500,2700.0
ORD000984,2025-03-12,CUST1678,P003,1,0.1,Net Banking,Completed,3000,2100,3000,2700.0,2100,600.0
ORD000985,2025-09-30,CUST1077,P010,2,0.0,Net Banking,Completed,22000,16000,44000,44000.0,32000,12000.0
ORD000986,2025-07-06,CUST1328,P010,4,0.1,Credit Card,Completed,22000,16000,88000,79200.0,64000,15200.0
ORD000987,2025-01-03,CUST1093,P014,1,0.0,Debit Card,Completed,2500,1600,2500,2500.0,1600,900.0
ORD000988,2025-10-12,CUST0361,P001,1,0.15,Debit Card,Completed,65000,52000,65000,55250.0,52000,3250.0
ORD000989,2025-01-22,CUST1626,P006,1,0.0,Debit Card,Completed,35000,28500,35000,35000.0,28500,6500.0
ORD000990,2025-06-15,CUST1244,P001,2,0.1,Debit Card,Completed,65000,52000,130000,117000.0,104000,13000.0
ORD000991,2025-11-06,CUST1010,P009,1,0.0,Credit Card,Completed,12000,8500,12000,12000.0,8500,3500.0
ORD000992,2026-04-22,CUST0704,P014,3,0.0,Credit Card,Completed,2500,1600,7500,7500.0,4800,2700.0
ORD000993,2026-05-13,CUST0575,P002,1,0.0,Cash,Completed,18000,13500,18000,18000.0,13500,4500.0
ORD000994,2026-03-10,CUST1609,P011,1,0.0,UPI,Completed,4000,2600,4000,4000.0,2600,1400.0
ORD000995,2025-08-22,CUST1185,P002,1,0.1,UPI,Completed,18000,13500,18000,16200.0,13500,2700.0
ORD000996,2026-01-11,CUST1705,P007,2,0.0,Debit Card,Completed,28000,22000,56000,56000.0,44000,12000.0
ORD000997,2025-09-03,CUST1113,P002,2,0.05,UPI,Returned,18000,13500,36000,34200.0,27000,7200.0
ORD000998,2025-10-30,CUST0688,P010,1,0.0,Credit Card,Completed,22000,16000,22000,22000.0,16000,6000.0
ORD000999,2026-02-09,CUST0781,P008,4,0.15,UPI,Completed,16000,12500,64000,54400.0,50000,4400.0
ORD001000,2025-01-21,CUST0585,P006,1,0.0,Debit Card,Completed,35000,28500,35000,35000.0,28500,6500.0
ORD001001,2025-09-14,CUST1781,P014,2,0.05,Net Banking,Completed,2500,1600,5000,4750.0,3200,1550.0
ORD001002,2026-02-03,CUST0589,P007,2,0.1,Debit Card,Completed,28000,22000,56000,50400.0,44000,6400.0
ORD001003,2026-06-13,CUST1183,P007,1,0.15,UPI,Completed,28000,22000,28000,23800.0,22000,1800.0
ORD001004,2025-02-20,CUST0489,P006,3,0.15,Cash,Completed,35000,28500,105000,89250.0,85500,3750.0
ORD001005,2026-03-23,CUST0971,P010,3,0.15,UPI,Completed,22000,16000,66000,56100.0,48000,8100.0
ORD001006,2025-09-27,CUST1348,P011,1,0.0,Credit Card,Cancelled,4000,2600,4000,4000.0,2600,1400.0
ORD001007,2026-08-18,CUST1634,P009,2,0.1,Credit Card,Completed,12000,8500,24000,21600.0,17000,4600.0
ORD001008,2026-09-28,CUST1405,P013,1,0.1,Cash,Completed,6000,4200,6000,5400.0,4200,1200.0
ORD001009,2025-09-19,CUST1126,P009,2,0.15,UPI,Completed,12000,8500,24000,20400.0,17000,3400.0
ORD001010,2025-12-31,CUST0494,P015,1,0.0,Debit Card,Completed,2200,1400,2200,2200.0,1400,800.0
ORD001011,2025-02-18,CUST1668,P007,3,0.15,Credit Card,Completed,28000,22000,84000,71400.0,66000,5400.0
ORD001012,2026-06-02,CUST1638,P009,1,0.05,UPI,Cancelled,12000,8500,12000,11400.0,8500,2900.0
ORD001013,2026-09-21,CUST0019,P013,1,0.1,Net Banking,Completed,6000,4200,6000,5400.0,4200,1200.0
ORD001014,2025-04-28,CUST1478,P010,1,0.05,Credit Card,Cancelled,22000,16000,22000,20900.0,16000,4900.0
ORD001015,2026-03-29,CUST1506,P003,1,0.05,Debit Card,Completed,3000,2100,3000,2850.0,2100,750.0
ORD001016,2026-02-01,CUST1618,P003,2,0.05,UPI,Completed,3000,2100,6000,5700.0,4200,1500.0
ORD001017,2025-01-27,CUST0397,P001,1,0.05,Debit Card,Completed,65000,52000,65000,61750.0,52000,9750.0
ORD001018,2026-01-07,CUST1001,P005,3,0.1,Net Banking,Completed,4500,3000,13500,12150.0,9000,3150.0
ORD001019,2025-04-07,CUST1303,P015,1,0.1,Credit Card,Completed,2200,1400,2200,1980.0,1400,580.0
ORD001020,2026-06-13,CUST0851,P004,2,0.1,Credit Card,Completed,1500,950,3000,2700.0,1900,800.0
ORD001021,2026-09-05,CUST1389,P002,2,0.0,Cash,Completed,18000,13500,36000,36000.0,27000,9000.0
ORD001022,2025-07-05,CUST1355,P009,5,0.2,Net Banking,Completed,12000,8500,60000,48000.0,42500,5500.0
ORD001023,2025-08-03,CUST1665,P003,5,0.1,Credit Card,Completed,3000,2100,15000,13500.0,10500,3000.0
ORD001024,2025-09-08,CUST1368,P015,3,0.0,Debit Card,Completed,2200,1400,6600,6600.0,4200,2400.0
ORD001025,2025-08-04,CUST0822,P008,2,0.1,Net Banking,Completed,16000,12500,32000,28800.0,25000,3800.0
ORD001026,2025-01-29,CUST0455,P006,1,0.0,UPI,Completed,35000,28500,35000,35000.0,28500,6500.0
ORD001027,2025-04-12,CUST1625,P014,2,0.0,Credit Card,Completed,2500,1600,5000,5000.0,3200,1800.0
ORD001028,2025-05-03,CUST0725,P013,4,0.05,Cash,Completed,6000,4200,24000,22800.0,16800,6000.0
ORD001029,2025-02-23,CUST1679,P005,1,0.05,Net Banking,Completed,4500,3000,4500,4275.0,3000,1275.0
ORD001030,2025-10-10,CUST1089,P001,2,0.0,Net Banking,Completed,65000,52000,130000,130000.0,104000,26000.0
ORD001031,2026-09-06,CUST1100,P004,1,0.0,UPI,Completed,1500,950,1500,1500.0,950,550.0
ORD001032,2025-04-27,CUST0711,P003,2,0.15,Cash,Completed,3000,2100,6000,5100.0,4200,900.0
ORD001033,2026-09-08,CUST0143,P001,1,0.0,Debit Card,Completed,65000,52000,65000,65000.0,52000,13000.0
ORD001034,2026-07-11,CUST0917,P012,2,0.0,UPI,Completed,9000,6500,18000,18000.0,13000,5000.0
ORD001035,2025-04-24,CUST0828,P015,2,0.2,Debit Card,Completed,2200,1400,4400,3520.0,2800,720.0
ORD001036,2026-06-27,CUST0605,P005,4,0.0,Net Banking,Completed,4500,3000,18000,18000.0,12000,6000.0
ORD001037,2025-10-20,CUST1497,P006,2,0.1,UPI,Completed,35000,28500,70000,63000.0,57000,6000.0
ORD001038,2025-07-14,CUST1441,P002,3,0.0,Net Banking,Returned,18000,13500,54000,54000.0,40500,13500.0
ORD001039,2025-10-19,CUST0305,P015,1,0.05,Net Banking,Completed,2200,1400,2200,2090.0,1400,690.0
ORD001040,2025-09-18,CUST0736,P014,1,0.05,UPI,Returned,2500,1600,2500,2375.0,1600,775.0
ORD001041,2025-07-26,CUST1521,P003,1,0.2,Net Banking,Completed,3000,2100,3000,2400.0,2100,300.0
ORD001042,2026-07-18,CUST0291,P011,1,0.05,Net Banking,Completed,4000,2600,4000,3800.0,2600,1200.0
ORD001043,2025-02-18,CUST0102,P014,1,0.05,UPI,Completed,2500,1600,2500,2375.0,1600,775.0
ORD001044,2025-01-06,CUST1291,P015,2,0.15,UPI,Completed,2200,1400,4400,3740.0,2800,940.0
ORD001045,2026-01-14,CUST0867,P006,2,0.2,Credit Card,Completed,35000,28500,70000,56000.0,57000,-1000.0
ORD001046,2026-01-29,CUST0968,P004,2,0.0,UPI,Completed,1500,950,3000,3000.0,1900,1100.0
ORD001047,2025-08-12,CUST1646,P009,1,0.1,Debit Card,Completed,12000,8500,12000,10800.0,8500,2300.0
ORD001048,2025-01-23,CUST0974,P005,1,0.05,Credit Card,Completed,4500,3000,4500,4275.0,3000,1275.0
ORD001049,2025-04-20,CUST0842,P004,2,0.05,Cash,Completed,1500,950,3000,2850.0,1900,950.0
ORD001050,2026-07-07,CUST0962,P002,1,0.05,Cash,Completed,18000,13500,18000,17100.0,13500,3600.0
ORD001051,2026-02-03,CUST0942,P006,1,0.05,UPI,Completed,35000,28500,35000,33250.0,28500,4750.0
ORD001052,2025-06-21,CUST1027,P010,1,0.0,Credit Card,Completed,22000,16000,22000,22000.0,16000,6000.0
ORD001053,2025-11-02,CUST0085,P002,1,0.05,Credit Card,Completed,18000,13500,18000,17100.0,13500,3600.0
ORD001054,2026-07-18,CUST0328,P012,1,0.05,Credit Card,Completed,9000,6500,9000,8550.0,6500,2050.0
ORD001055,2026-08-05,CUST0816,P013,1,0.0,Credit Card,Completed,6000,4200,6000,6000.0,4200,1800.0
ORD001056,2025-05-31,CUST1474,P007,1,0.05,UPI,Completed,28000,22000,28000,26600.0,22000,4600.0
ORD001057,2026-03-04,CUST0454,P003,2,0.2,UPI,Completed,3000,2100,6000,4800.0,4200,600.0
ORD001058,2026-09-13,CUST0629,P009,1,0.1,UPI,Completed,12000,8500,12000,10800.0,8500,2300.0
ORD001059,2026-04-12,CUST1245,P011,1,0.05,Net Banking,Completed,4000,2600,4000,3800.0,2600,1200.0
ORD001060,2026-09-22,CUST1178,P005,4,0.15,UPI,Completed,4500,3000,18000,15300.0,12000,3300.0
ORD001061,2026-08-30,CUST0665,P008,3,0.05,UPI,Completed,16000,12500,48000,45600.0,37500,8100.0
ORD001062,2026-07-10,CUST0012,P011,1,0.0,Debit Card,Completed,4000,2600,4000,4000.0,2600,1400.0
ORD001063,2025-03-08,CUST1157,P006,4,0.05,UPI,Returned,35000,28500,140000,133000.0,114000,19000.0
ORD001064,2025-06-05,CUST0304,P014,1,0.0,UPI,Completed,2500,1600,2500,2500.0,1600,900.0
ORD001065,2025-07-25,CUST1317,P012,1,0.1,Debit Card,Completed,9000,6500,9000,8100.0,6500,1600.0
ORD001066,2025-06-04,CUST0975,P010,5,0.2,Credit Card,Completed,22000,16000,110000,88000.0,80000,8000.0
ORD001067,2026-05-24,CUST1324,P008,3,0.05,UPI,Completed,16000,12500,48000,45600.0,37500,8100.0
ORD001068,2026-07-26,CUST1764,P013,1,0.05,Credit Card,Completed,6000,4200,6000,5700.0,4200,1500.0
ORD001069,2025-03-15,CUST0783,P013,2,0.05,Credit Card,Completed,6000,4200,12000,11400.0,8400,3000.0
ORD001070,2025-02-18,CUST0043,P011,2,0.0,Credit Card,Completed,4000,2600,8000,8000.0,5200,2800.0
ORD001071,2026-04-12,CUST0944,P012,1,0.1,Debit Card,Completed,9000,6500,9000,8100.0,6500,1600.0
ORD001072,2026-08-08,CUST0343,P003,1,0.1,UPI,Completed,3000,2100,3000,2700.0,2100,600.0
ORD001073,2025-06-28,CUST1350,P003,1,0.0,Credit Card,Completed,3000,2100,3000,3000.0,2100,900.0
ORD001074,2025-02-17,CUST0498,P005,4,0.1,Net Banking,Completed,4500,3000,18000,16200.0,12000,4200.0
ORD001075,2025-03-13,CUST0364,P011,1,0.0,Net Banking,Completed,4000,2600,4000,4000.0,2600,1400.0
ORD001076,2025-04-23,CUST0891,P010,3,0.2,Net Banking,Completed,22000,16000,66000,52800.0,48000,4800.0
ORD001077,2025-06-08,CUST0427,P003,1,0.05,Credit Card,Completed,3000,2100,3000,2850.0,2100,750.0
ORD001078,2025-01-30,CUST1005,P008,1,0.1,Credit Card,Completed,16000,12500,16000,14400.0,12500,1900.0
ORD001079,2025-04-07,CUST0021,P010,2,0.0,Credit Card,Completed,22000,16000,44000,44000.0,32000,12000.0
ORD001080,2025-09-08,CUST0407,P013,2,0.0,Net Banking,Completed,6000,4200,12000,12000.0,8400,3600.0
ORD001081,2026-06-03,CUST0619,P012,1,0.1,Net Banking,Completed,9000,6500,9000,8100.0,6500,1600.0
ORD001082,2025-04-02,CUST1015,P014,1,0.05,UPI,Completed,2500,1600,2500,2375.0,1600,775.0
ORD001083,2025-04-23,CUST0336,P008,2,0.15,UPI,Completed,16000,12500,32000,27200.0,25000,2200.0
ORD001084,2025-09-16,CUST1141,P002,1,0.05,Credit Card,Completed,18000,13500,18000,17100.0,13500,3600.0
ORD001085,2025-04-17,CUST1148,P012,1,0.15,UPI,Completed,9000,6500,9000,7650.0,6500,1150.0
ORD001086,2026-07-29,CUST0399,P004,2,0.2,Cash,Completed,1500,950,3000,2400.0,1900,500.0
ORD001087,2026-01-25,CUST0793,P010,2,0.05,UPI,Completed,22000,16000,44000,41800.0,32000,9800.0
ORD001088,2025-12-24,CUST0715,P013,1,0.05,UPI,Completed,6000,4200,6000,5700.0,4200,1500.0
ORD001089,2025-07-18,CUST0051,P001,2,0.1,Net Banking,Completed,65000,52000,130000,117000.0,104000,13000.0
ORD001090,2026-03-03,CUST0324,P004,4,0.0,UPI,Completed,1500,950,6000,6000.0,3800,2200.0
ORD001091,2026-04-23,CUST0789,P012,1,0.15,UPI,Completed,9000,6500,9000,7650.0,6500,1150.0
ORD001092,2026-05-18,CUST0141,P013,2,0.05,Credit Card,Completed,6000,4200,12000,11400.0,8400,3000.0
ORD001093,2026-07-27,CUST0470,P013,1,0.1,Credit Card,Completed,6000,4200,6000,5400.0,4200,1200.0
ORD001094,2025-04-30,CUST0787,P011,1,0.0,UPI,Completed,4000,2600,4000,4000.0,2600,1400.0
ORD001095,2026-07-27,CUST1358,P013,1,0.1,Credit Card,Completed,6000,4200,6000,5400.0,4200,1200.0
ORD001096,2025-11-05,CUST0964,P004,1,0.0,UPI,Completed,1500,950,1500,1500.0,950,550.0
ORD001097,2026-06-22,CUST1008,P010,3,0.1,Credit Card,Completed,22000,16000,66000,59400.0,48000,11400.0
ORD001098,2026-09-19,CUST0373,P009,1,0.05,Credit Card,Completed,12000,8500,12000,11400.0,8500,2900.0
ORD001099,2026-04-20,CUST1588,P015,2,0.0,Net Banking,Completed,2200,1400,4400,4400.0,2800,1600.0
ORD001100,2026-07-06,CUST0494,P003,1,0.2,Credit Card,Completed,3000,2100,3000,2400.0,2100,300.0
ORD001101,2025-12-10,CUST1563,P015,1,0.1,Credit Card,Completed,2200,1400,2200,1980.0,1400,580.0
ORD001102,2026-09-20,CUST1693,P002,2,0.2,Credit Card,Completed,18000,13500,36000,28800.0,27000,1800.0
ORD001103,2025-05-16,CUST0751,P009,3,0.05,UPI,Completed,12000,8500,36000,34200.0,25500,8700.0
ORD001104,2025-10-04,CUST1180,P009,3,0.1,UPI,Completed,12000,8500,36000,32400.0,25500,6900.0
ORD001105,2026-06-17,CUST0291,P001,3,0.1,Net Banking,Completed,65000,52000,195000,175500.0,156000,19500.0
ORD001106,2025-01-31,CUST1672,P006,1,0.1,UPI,Completed,35000,28500,35000,31500.0,28500,3000.0
ORD001107,2025-09-04,CUST1168,P010,3,0.0,Debit Card,Completed,22000,16000,66000,66000.0,48000,18000.0
ORD001108,2026-02-15,CUST0106,P008,1,0.0,UPI,Completed,16000,12500,16000,16000.0,12500,3500.0
ORD001109,2025-01-27,CUST1444,P003,2,0.15,Net Banking,Completed,3000,2100,6000,5100.0,4200,900.0
ORD001110,2025-03-14,CUST0670,P011,4,0.05,Cash,Completed,4000,2600,16000,15200.0,10400,4800.0
ORD001111,2025-04-07,CUST1682,P009,1,0.2,Credit Card,Completed,12000,8500,12000,9600.0,8500,1100.0
ORD001112,2025-12-12,CUST0002,P002,1,0.0,Credit Card,Completed,18000,13500,18000,18000.0,13500,4500.0
ORD001113,2026-04-21,CUST0589,P006,2,0.2,Credit Card,Completed,35000,28500,70000,56000.0,57000,-1000.0
ORD001114,2025-10-27,CUST0644,P001,2,0.1,Net Banking,Completed,65000,52000,130000,117000.0,104000,13000.0
ORD001115,2025-10-26,CUST0090,P013,1,0.1,UPI,Completed,6000,4200,6000,5400.0,4200,1200.0
ORD001116,2025-10-14,CUST1369,P007,5,0.05,Debit Card,Completed,28000,22000,140000,133000.0,110000,23000.0
ORD001117,2026-03-25,CUST0350,P003,2,0.15,Debit Card,Returned,3000,2100,6000,5100.0,4200,900.0
ORD001118,2025-07-31,CUST1483,P007,1,0.05,Credit Card,Completed,28000,22000,28000,26600.0,22000,4600.0
ORD001119,2025-03-17,CUST1287,P004,1,0.1,UPI,Completed,1500,950,1500,1350.0,950,400.0
ORD001120,2026-02-05,CUST1375,P009,3,0.0,UPI,Completed,12000,8500,36000,36000.0,25500,10500.0
ORD001121,2025-02-03,CUST1132,P005,1,0.1,Net Banking,Completed,4500,3000,4500,4050.0,3000,1050.0
ORD001122,2026-05-13,CUST1610,P003,1,0.15,UPI,Cancelled,3000,2100,3000,2550.0,2100,450.0
ORD001123,2026-05-31,CUST1063,P015,2,0.0,Credit Card,Completed,2200,1400,4400,4400.0,2800,1600.0
ORD001124,2025-11-24,CUST0909,P008,2,0.1,UPI,Completed,16000,12500,32000,28800.0,25000,3800.0
ORD001125,2025-04-08,CUST0159,P006,2,0.0,UPI,Completed,35000,28500,70000,70000.0,57000,13000.0
ORD001126,2026-01-01,CUST1607,P002,1,0.15,Credit Card,Completed,18000,13500,18000,15300.0,13500,1800.0
ORD001127,2026-04-08,CUST0959,P003,3,0.2,Net Banking,Completed,3000,2100,9000,7200.0,6300,900.0
ORD001128,2025-01-28,CUST0312,P008,5,0.05,Debit Card,Completed,16000,12500,80000,76000.0,62500,13500.0
ORD001129,2026-01-21,CUST1265,P015,1,0.0,Net Banking,Completed,2200,1400,2200,2200.0,1400,800.0
ORD001130,2025-09-30,CUST0445,P010,2,0.1,Debit Card,Completed,22000,16000,44000,39600.0,32000,7600.0
ORD001131,2025-05-07,CUST0298,P007,4,0.0,Debit Card,Completed,28000,22000,112000,112000.0,88000,24000.0
ORD001132,2025-07-21,CUST0952,P010,2,0.05,Credit Card,Completed,22000,16000,44000,41800.0,32000,9800.0
ORD001133,2026-06-05,CUST0036,P006,2,0.0,Net Banking,Completed,35000,28500,70000,70000.0,57000,13000.0
ORD001134,2025-10-14,CUST1108,P014,1,0.05,Credit Card,Completed,2500,1600,2500,2375.0,1600,775.0
ORD001135,2026-03-26,CUST1476,P001,2,0.0,Credit Card,Completed,65000,52000,130000,130000.0,104000,26000.0
ORD001136,2025-03-29,CUST1799,P009,2,0.0,Credit Card,Completed,12000,8500,24000,24000.0,17000,7000.0
ORD001137,2025-11-14,CUST1409,P003,2,0.0,UPI,Completed,3000,2100,6000,6000.0,4200,1800.0
ORD001138,2025-01-19,CUST1196,P014,5,0.1,UPI,Completed,2500,1600,12500,11250.0,8000,3250.0
ORD001139,2026-08-16,CUST1400,P005,1,0.05,UPI,Completed,4500,3000,4500,4275.0,3000,1275.0
ORD001140,2025-04-17,CUST1709,P007,1,0.0,Debit Card,Completed,28000,22000,28000,28000.0,22000,6000.0
ORD001141,2026-04-03,CUST1386,P015,1,0.1,UPI,Cancelled,2200,1400,2200,1980.0,1400,580.0
ORD001142,2025-11-07,CUST0559,P007,2,0.15,Credit Card,Completed,28000,22000,56000,47600.0,44000,3600.0
ORD001143,2026-02-16,CUST0891,P003,1,0.0,Net Banking,Completed,3000,2100,3000,3000.0,2100,900.0
ORD001144,2026-09-16,CUST0141,P015,2,0.1,Credit Card,Completed,2200,1400,4400,3960.0,2800,1160.0
ORD001145,2026-09-27,CUST0887,P004,1,0.1,UPI,Cancelled,1500,950,1500,1350.0,950,400.0
ORD001146,2026-05-13,CUST1142,P010,1,0.0,Net Banking,Returned,22000,16000,22000,22000.0,16000,6000.0
ORD001147,2025-09-01,CUST1301,P007,1,0.05,UPI,Completed,28000,22000,28000,26600.0,22000,4600.0
ORD001148,2026-07-31,CUST0726,P008,3,0.05,Credit Card,Completed,16000,12500,48000,45600.0,37500,8100.0
ORD001149,2026-01-15,CUST1244,P002,2,0.1,Credit Card,Completed,18000,13500,36000,32400.0,27000,5400.0
ORD001150,2026-05-30,CUST1050,P009,4,0.0,UPI,Completed,12000,8500,48000,48000.0,34000,14000.0
ORD001151,2025-07-26,CUST0521,P007,2,0.2,UPI,Completed,28000,22000,56000,44800.0,44000,800.0
ORD001152,2026-01-29,CUST0010,P013,1,0.1,UPI,Completed,6000,4200,6000,5400.0,4200,1200.0
ORD001153,2025-01-21,CUST0984,P008,1,0.05,UPI,Cancelled,16000,12500,16000,15200.0,12500,2700.0
ORD001154,2026-06-11,CUST0378,P006,5,0.0,UPI,Completed,35000,28500,175000,175000.0,142500,32500.0
ORD001155,2025-12-09,CUST1657,P006,2,0.0,Cash,Completed,35000,28500,70000,70000.0,57000,13000.0
ORD001156,2025-07-21,CUST1661,P009,1,0.05,Credit Card,Completed,12000,8500,12000,11400.0,8500,2900.0
ORD001157,2025-04-30,CUST0682,P004,2,0.05,Net Banking,Completed,1500,950,3000,2850.0,1900,950.0
ORD001158,2026-01-24,CUST0584,P011,1,0.1,Credit Card,Completed,4000,2600,4000,3600.0,2600,1000.0
ORD001159,2026-06-21,CUST0152,P011,1,0.1,Debit Card,Completed,4000,2600,4000,3600.0,2600,1000.0
ORD001160,2025-08-22,CUST0720,P005,1,0.0,UPI,Completed,4500,3000,4500,4500.0,3000,1500.0
ORD001161,2026-09-25,CUST1073,P009,3,0.05,UPI,Cancelled,12000,8500,36000,34200.0,25500,8700.0
ORD001162,2026-08-25,CUST1178,P001,1,0.0,Credit Card,Completed,65000,52000,65000,65000.0,52000,13000.0
ORD001163,2025-11-16,CUST0859,P004,1,0.05,Net Banking,Completed,1500,950,1500,1425.0,950,475.0
ORD001164,2025-06-29,CUST1317,P007,1,0.1,UPI,Completed,28000,22000,28000,25200.0,22000,3200.0
ORD001165,2026-01-03,CUST1604,P011,1,0.05,Credit Card,Completed,4000,2600,4000,3800.0,2600,1200.0
ORD001166,2025-03-17,CUST0050,P015,2,0.1,UPI,Cancelled,2200,1400,4400,3960.0,2800,1160.0
ORD001167,2026-05-11,CUST0664,P009,1,0.2,Credit Card,Completed,12000,8500,12000,9600.0,8500,1100.0
ORD001168,2026-06-06,CUST0531,P015,1,0.1,Debit Card,Completed,2200,1400,2200,1980.0,1400,580.0
ORD001169,2025-07-20,CUST1636,P014,4,0.0,Debit Card,Completed,2500,1600,10000,10000.0,6400,3600.0
ORD001170,2025-12-12,CUST1084,P013,1,0.05,UPI,Completed,6000,4200,6000,5700.0,4200,1500.0
ORD001171,2026-04-28,CUST1191,P011,1,0.0,UPI,Completed,4000,2600,4000,4000.0,2600,1400.0
ORD001172,2025-08-07,CUST1226,P012,1,0.1,Credit Card,Completed,9000,6500,9000,8100.0,6500,1600.0
ORD001173,2025-03-01,CUST0857,P013,2,0.1,Cash,Completed,6000,4200,12000,10800.0,8400,2400.0
ORD001174,2026-09-11,CUST0146,P010,3,0.1,Credit Card,Completed,22000,16000,66000,59400.0,48000,11400.0
ORD001175,2026-07-04,CUST0915,P006,1,0.1,Credit Card,Completed,35000,28500,35000,31500.0,28500,3000.0
ORD001176,2025-08-09,CUST1700,P012,3,0.1,Credit Card,Completed,9000,6500,27000,24300.0,19500,4800.0
ORD001177,2026-05-17,CUST0993,P008,2,0.15,UPI,Completed,16000,12500,32000,27200.0,25000,2200.0
ORD001178,2025-05-13,CUST1463,P013,2,0.0,Debit Card,Completed,6000,4200,12000,12000.0,8400,3600.0
ORD001179,2025-02-22,CUST0242,P009,1,0.15,UPI,Completed,12000,8500,12000,10200.0,8500,1700.0
ORD001180,2026-03-26,CUST0581,P010,1,0.1,Debit Card,Completed,22000,16000,22000,19800.0,16000,3800.0
ORD001181,2025-03-03,CUST0687,P004,2,0.0,Credit Card,Completed,1500,950,3000,3000.0,1900,1100.0
ORD001182,2025-01-23,CUST1585,P001,3,0.2,Debit Card,Completed,65000,52000,195000,156000.0,156000,0.0
ORD001183,2025-02-13,CUST0483,P014,2,0.2,UPI,Completed,2500,1600,5000,4000.0,3200,800.0
ORD001184,2026-07-12,CUST1132,P008,1,0.05,Net Banking,Completed,16000,12500,16000,15200.0,12500,2700.0
ORD001185,2025-02-16,CUST1250,P002,1,0.1,UPI,Completed,18000,13500,18000,16200.0,13500,2700.0
ORD001186,2025-01-24,CUST0673,P011,2,0.0,Debit Card,Completed,4000,2600,8000,8000.0,5200,2800.0
ORD001187,2025-03-30,CUST0631,P001,2,0.05,Net Banking,Completed,65000,52000,130000,123500.0,104000,19500.0
ORD001188,2025-06-23,CUST0661,P013,1,0.0,Credit Card,Completed,6000,4200,6000,6000.0,4200,1800.0
ORD001189,2026-07-30,CUST0662,P007,1,0.05,UPI,Completed,28000,22000,28000,26600.0,22000,4600.0
ORD001190,2025-04-29,CUST1456,P012,1,0.05,Cash,Completed,9000,6500,9000,8550.0,6500,2050.0
ORD001191,2025-06-27,CUST0805,P010,2,0.0,UPI,Completed,22000,16000,44000,44000.0,32000,12000.0
ORD001192,2025-12-08,CUST1679,P009,2,0.1,Net Banking,Cancelled,12000,8500,24000,21600.0,17000,4600.0
ORD001193,2026-07-22,CUST0419,P011,3,0.0,UPI,Completed,4000,2600,12000,12000.0,7800,4200.0
ORD001194,2025-02-28,CUST0988,P015,2,0.0,Credit Card,Completed,2200,1400,4400,4400.0,2800,1600.0
ORD001195,2026-03-14,CUST1479,P012,1,0.05,UPI,Completed,9000,6500,9000,8550.0,6500,2050.0
ORD001196,2026-03-04,CUST1184,P012,2,0.05,UPI,Completed,9000,6500,18000,17100.0,13000,4100.0
ORD001197,2026-03-02,CUST1547,P009,5,0.0,UPI,Completed,12000,8500,60000,60000.0,42500,17500.0
ORD001198,2026-01-16,CUST0650,P003,4,0.0,UPI,Completed,3000,2100,12000,12000.0,8400,3600.0
ORD001199,2026-05-01,CUST0969,P006,3,0.0,Cash,Completed,35000,28500,105000,105000.0,85500,19500.0
ORD001200,2025-07-04,CUST0590,P007,1,0.0,Debit Card,Completed,28000,22000,28000,28000.0,22000,6000.0
ORD001201,2026-07-13,CUST1101,P014,2,0.05,UPI,Completed,2500,1600,5000,4750.0,3200,1550.0
ORD001202,2026-04-05,CUST0509,P010,3,0.15,UPI,Completed,22000,16000,66000,56100.0,48000,8100.0
ORD001203,2025-04-12,CUST0441,P009,2,0.0,Debit Card,Completed,12000,8500,24000,24000.0,17000,7000.0
ORD001204,2026-07-10,CUST1278,P015,1,0.1,Credit Card,Completed,2200,1400,2200,1980.0,1400,580.0
ORD001205,2025-01-15,CUST0921,P002,4,0.0,Net Banking,Completed,18000,13500,72000,72000.0,54000,18000.0
ORD001206,2025-02-20,CUST0770,P008,1,0.05,Credit Card,Completed,16000,12500,16000,15200.0,12500,2700.0
ORD001207,2025-11-05,CUST1344,P014,1,0.0,Debit Card,Completed,2500,1600,2500,2500.0,1600,900.0
ORD001208,2025-02-03,CUST0263,P007,1,0.15,Credit Card,Completed,28000,22000,28000,23800.0,22000,1800.0
ORD001209,2026-09-28,CUST1621,P004,2,0.05,Debit Card,Completed,1500,950,3000,2850.0,1900,950.0
ORD001210,2026-08-12,CUST1682,P002,1,0.1,UPI,Completed,18000,13500,18000,16200.0,13500,2700.0
ORD001211,2026-09-27,CUST1578,P008,1,0.1,Credit Card,Completed,16000,12500,16000,14400.0,12500,1900.0
ORD001212,2025-07-24,CUST1398,P011,2,0.0,UPI,Completed,4000,2600,8000,8000.0,5200,2800.0
ORD001213,2025-03-11,CUST0637,P005,3,0.15,Credit Card,Completed,4500,3000,13500,11475.0,9000,2475.0
ORD001214,2025-08-18,CUST1191,P006,2,0.0,Credit Card,Completed,35000,28500,70000,70000.0,57000,13000.0
ORD001215,2026-04-25,CUST1777,P014,1,0.0,Debit Card,Completed,2500,1600,2500,2500.0,1600,900.0
ORD001216,2026-06-17,CUST0459,P011,2,0.0,UPI,Completed,4000,2600,8000,8000.0,5200,2800.0
ORD001217,2025-04-18,CUST0999,P007,1,0.0,Credit Card,Completed,28000,22000,28000,28000.0,22000,6000.0
ORD001218,2025-08-29,CUST1304,P015,1,0.0,UPI,Completed,2200,1400,2200,2200.0,1400,800.0
ORD001219,2025-09-08,CUST0700,P015,1,0.1,Debit Card,Completed,2200,1400,2200,1980.0,1400,580.0
ORD001220,2025-05-15,CUST0302,P010,3,0.0,Net Banking,Completed,22000,16000,66000,66000.0,48000,18000.0
ORD001221,2025-03-31,CUST1555,P001,1,0.1,Debit Card,Completed,65000,52000,65000,58500.0,52000,6500.0
ORD001222,2026-08-14,CUST1604,P008,1,0.0,Net Banking,Completed,16000,12500,16000,16000.0,12500,3500.0
ORD001223,2026-03-16,CUST1242,P004,1,0.2,Cash,Completed,1500,950,1500,1200.0,950,250.0
ORD001224,2025-10-25,CUST1126,P013,2,0.0,Debit Card,Completed,6000,4200,12000,12000.0,8400,3600.0
ORD001225,2026-02-11,CUST0554,P009,4,0.1,UPI,Completed,12000,8500,48000,43200.0,34000,9200.0
ORD001226,2025-11-04,CUST0288,P001,4,0.1,UPI,Completed,65000,52000,260000,234000.0,208000,26000.0
ORD001227,2025-04-12,CUST1191,P011,1,0.0,Credit Card,Completed,4000,2600,4000,4000.0,2600,1400.0
ORD001228,2025-12-27,CUST0621,P002,1,0.0,Cash,Completed,18000,13500,18000,18000.0,13500,4500.0
ORD001229,2026-09-16,CUST1006,P014,1,0.0,Credit Card,Completed,2500,1600,2500,2500.0,1600,900.0
ORD001230,2026-09-08,CUST0036,P006,3,0.0,UPI,Completed,35000,28500,105000,105000.0,85500,19500.0
ORD001231,2026-06-12,CUST0744,P011,1,0.0,Net Banking,Returned,4000,2600,4000,4000.0,2600,1400.0
ORD001232,2026-08-31,CUST1765,P010,1,0.1,Credit Card,Completed,22000,16000,22000,19800.0,16000,3800.0
ORD001233,2025-10-20,CUST0353,P011,2,0.05,Debit Card,Completed,4000,2600,8000,7600.0,5200,2400.0
ORD001234,2025-05-26,CUST1700,P014,1,0.05,Net Banking,Completed,2500,1600,2500,2375.0,1600,775.0
ORD001235,2026-02-08,CUST0073,P001,1,0.0,Net Banking,Completed,65000,52000,65000,65000.0,52000,13000.0
ORD001236,2025-01-02,CUST0648,P004,1,0.15,Net Banking,Completed,1500,950,1500,1275.0,950,325.0
ORD001237,2025-04-29,CUST1377,P008,1,0.0,Net Banking,Completed,16000,12500,16000,16000.0,12500,3500.0
ORD001238,2026-08-29,CUST1094,P015,2,0.05,Debit Card,Completed,2200,1400,4400,4180.0,2800,1380.0
ORD001239,2025-07-10,CUST0425,P010,5,0.0,Credit Card,Completed,22000,16000,110000,110000.0,80000,30000.0
ORD001240,2025-01-03,CUST0999,P005,1,0.0,Debit Card,Completed,4500,3000,4500,4500.0,3000,1500.0
ORD001241,2026-05-02,CUST0708,P013,1,0.1,Net Banking,Completed,6000,4200,6000,5400.0,4200,1200.0
ORD001242,2026-09-15,CUST0561,P009,4,0.1,Credit Card,Completed,12000,8500,48000,43200.0,34000,9200.0
ORD001243,2025-06-26,CUST0828,P011,3,0.1,UPI,Completed,4000,2600,12000,10800.0,7800,3000.0
ORD001244,2025-09-14,CUST1666,P011,1,0.05,UPI,Completed,4000,2600,4000,3800.0,2600,1200.0
ORD001245,2026-06-18,CUST0956,P006,2,0.2,Credit Card,Completed,35000,28500,70000,56000.0,57000,-1000.0
ORD001246,2026-04-22,CUST0517,P001,1,0.05,UPI,Completed,65000,52000,65000,61750.0,52000,9750.0
ORD001247,2026-02-02,CUST0428,P006,2,0.05,Debit Card,Completed,35000,28500,70000,66500.0,57000,9500.0
ORD001248,2026-05-11,CUST1563,P006,5,0.0,UPI,Completed,35000,28500,175000,175000.0,142500,32500.0
ORD001249,2025-08-08,CUST0160,P013,2,0.0,UPI,Cancelled,6000,4200,12000,12000.0,8400,3600.0
ORD001250,2025-06-22,CUST0149,P006,2,0.05,UPI,Completed,35000,28500,70000,66500.0,57000,9500.0
ORD001251,2026-01-25,CUST0776,P008,1,0.0,Credit Card,Completed,16000,12500,16000,16000.0,12500,3500.0
ORD001252,2026-05-17,CUST1254,P015,2,0.05,UPI,Returned,2200,1400,4400,4180.0,2800,1380.0
ORD001253,2026-07-31,CUST1736,P006,2,0.0,Credit Card,Completed,35000,28500,70000,70000.0,57000,13000.0
ORD001254,2025-09-17,CUST1586,P005,2,0.1,Net Banking,Completed,4500,3000,9000,8100.0,6000,2100.0
ORD001255,2025-05-11,CUST0067,P015,1,0.2,Net Banking,Completed,2200,1400,2200,1760.0,1400,360.0
ORD001256,2025-04-23,CUST1014,P011,2,0.0,Net Banking,Completed,4000,2600,8000,8000.0,5200,2800.0
ORD001257,2025-01-20,CUST0381,P002,2,0.1,Credit Card,Cancelled,18000,13500,36000,32400.0,27000,5400.0
ORD001258,2025-08-03,CUST0058,P004,1,0.15,Net Banking,Completed,1500,950,1500,1275.0,950,325.0
ORD001259,2025-11-06,CUST1283,P014,1,0.2,Debit Card,Completed,2500,1600,2500,2000.0,1600,400.0
ORD001260,2025-09-08,CUST0342,P015,1,0.0,Cash,Completed,2200,1400,2200,2200.0,1400,800.0
ORD001261,2026-05-03,CUST1154,P010,2,0.1,UPI,Completed,22000,16000,44000,39600.0,32000,7600.0
ORD001262,2026-01-17,CUST0727,P005,2,0.0,UPI,Completed,4500,3000,9000,9000.0,6000,3000.0
ORD001263,2026-02-13,CUST1196,P010,3,0.1,UPI,Completed,22000,16000,66000,59400.0,48000,11400.0
ORD001264,2025-09-28,CUST0770,P004,1,0.1,Net Banking,Completed,1500,950,1500,1350.0,950,400.0
ORD001265,2026-02-11,CUST0614,P002,4,0.1,Debit Card,Completed,18000,13500,72000,64800.0,54000,10800.0
ORD001266,2025-07-13,CUST1233,P007,2,0.0,Credit Card,Completed,28000,22000,56000,56000.0,44000,12000.0
ORD001267,2026-03-17,CUST0354,P010,1,0.1,Credit Card,Completed,22000,16000,22000,19800.0,16000,3800.0
ORD001268,2025-11-09,CUST1495,P010,1,0.05,Net Banking,Completed,22000,16000,22000,20900.0,16000,4900.0
ORD001269,2025-03-20,CUST0116,P002,1,0.0,Net Banking,Completed,18000,13500,18000,18000.0,13500,4500.0
ORD001270,2025-06-29,CUST1288,P001,4,0.05,Debit Card,Completed,65000,52000,260000,247000.0,208000,39000.0
ORD001271,2025-01-14,CUST0662,P014,1,0.15,Debit Card,Completed,2500,1600,2500,2125.0,1600,525.0
ORD001272,2025-09-03,CUST1466,P005,1,0.2,UPI,Completed,4500,3000,4500,3600.0,3000,600.0
ORD001273,2025-01-14,CUST1572,P012,1,0.1,Credit Card,Completed,9000,6500,9000,8100.0,6500,1600.0
ORD001274,2025-04-09,CUST0453,P013,3,0.0,Net Banking,Completed,6000,4200,18000,18000.0,12600,5400.0
ORD001275,2025-02-02,CUST1501,P001,1,0.0,Net Banking,Completed,65000,52000,65000,65000.0,52000,13000.0
ORD001276,2026-03-12,CUST0287,P001,1,0.0,Debit Card,Completed,65000,52000,65000,65000.0,52000,13000.0
ORD001277,2025-09-14,CUST1327,P015,1,0.0,UPI,Completed,2200,1400,2200,2200.0,1400,800.0
ORD001278,2025-02-03,CUST1017,P001,1,0.05,UPI,Cancelled,65000,52000,65000,61750.0,52000,9750.0
ORD001279,2025-01-19,CUST0311,P006,1,0.0,UPI,Completed,35000,28500,35000,35000.0,28500,6500.0
ORD001280,2025-09-17,CUST0208,P009,2,0.0,Credit Card,Completed,12000,8500,24000,24000.0,17000,7000.0
ORD001281,2026-08-12,CUST0618,P010,3,0.15,Credit Card,Completed,22000,16000,66000,56100.0,48000,8100.0
ORD001282,2026-02-20,CUST0446,P013,3,0.1,Net Banking,Completed,6000,4200,18000,16200.0,12600,3600.0
ORD001283,2025-05-17,CUST0670,P011,3,0.1,Debit Card,Completed,4000,2600,12000,10800.0,7800,3000.0
ORD001284,2025-12-25,CUST0633,P012,1,0.05,UPI,Completed,9000,6500,9000,8550.0,6500,2050.0
ORD001285,2026-08-02,CUST0055,P001,3,0.05,UPI,Completed,65000,52000,195000,185250.0,156000,29250.0
ORD001286,2025-04-26,CUST0912,P005,1,0.0,Net Banking,Completed,4500,3000,4500,4500.0,3000,1500.0
ORD001287,2026-02-08,CUST1036,P015,1,0.05,Credit Card,Completed,2200,1400,2200,2090.0,1400,690.0
ORD001288,2025-07-21,CUST0657,P009,4,0.1,Debit Card,Completed,12000,8500,48000,43200.0,34000,9200.0
ORD001289,2026-01-11,CUST1424,P014,3,0.05,Credit Card,Completed,2500,1600,7500,7125.0,4800,2325.0
ORD001290,2025-09-07,CUST1672,P009,2,0.1,UPI,Completed,12000,8500,24000,21600.0,17000,4600.0
ORD001291,2026-03-22,CUST0980,P001,3,0.15,UPI,Completed,65000,52000,195000,165750.0,156000,9750.0
ORD001292,2025-10-05,CUST0515,P008,5,0.05,Credit Card,Completed,16000,12500,80000,76000.0,62500,13500.0
ORD001293,2025-04-22,CUST1680,P001,2,0.0,Credit Card,Completed,65000,52000,130000,130000.0,104000,26000.0
ORD001294,2026-04-18,CUST1566,P015,2,0.15,Debit Card,Completed,2200,1400,4400,3740.0,2800,940.0
ORD001295,2026-01-27,CUST0237,P008,2,0.1,Debit Card,Completed,16000,12500,32000,28800.0,25000,3800.0
ORD001296,2025-05-23,CUST1303,P001,1,0.1,Cash,Completed,65000,52000,65000,58500.0,52000,6500.0
ORD001297,2025-02-01,CUST0348,P012,1,0.1,Net Banking,Completed,9000,6500,9000,8100.0,6500,1600.0
ORD001298,2025-06-30,CUST0627,P005,2,0.0,Credit Card,Completed,4500,3000,9000,9000.0,6000,3000.0
ORD001299,2026-08-02,CUST1128,P008,1,0.0,Credit Card,Completed,16000,12500,16000,16000.0,12500,3500.0
ORD001300,2026-05-31,CUST0630,P006,1,0.0,Debit Card,Completed,35000,28500,35000,35000.0,28500,6500.0
ORD001301,2025-09-26,CUST1541,P009,1,0.0,UPI,Completed,12000,8500,12000,12000.0,8500,3500.0
ORD001302,2025-08-24,CUST1272,P001,1,0.05,Cash,Returned,65000,52000,65000,61750.0,52000,9750.0
ORD001303,2025-10-04,CUST0364,P009,4,0.0,Credit Card,Completed,12000,8500,48000,48000.0,34000,14000.0
ORD001304,2026-07-07,CUST0321,P001,2,0.15,Net Banking,Completed,65000,52000,130000,110500.0,104000,6500.0
ORD001305,2026-09-25,CUST1657,P010,2,0.05,Cash,Completed,22000,16000,44000,41800.0,32000,9800.0
ORD001306,2025-10-02,CUST0286,P010,4,0.05,Credit Card,Completed,22000,16000,88000,83600.0,64000,19600.0
ORD001307,2025-03-27,CUST0149,P003,4,0.0,UPI,Completed,3000,2100,12000,12000.0,8400,3600.0
ORD001308,2025-03-04,CUST1108,P001,2,0.05,Credit Card,Completed,65000,52000,130000,123500.0,104000,19500.0
ORD001309,2026-02-08,CUST0406,P003,4,0.0,Credit Card,Completed,3000,2100,12000,12000.0,8400,3600.0
ORD001310,2025-07-11,CUST0978,P012,1,0.1,Net Banking,Completed,9000,6500,9000,8100.0,6500,1600.0
ORD001311,2025-10-20,CUST0456,P011,1,0.1,UPI,Completed,4000,2600,4000,3600.0,2600,1000.0
ORD001312,2025-01-31,CUST1767,P013,1,0.05,Credit Card,Completed,6000,4200,6000,5700.0,4200,1500.0
ORD001313,2025-11-26,CUST0800,P002,2,0.0,Net Banking,Completed,18000,13500,36000,36000.0,27000,9000.0
ORD001314,2025-04-17,CUST1185,P002,2,0.1,Cash,Completed,18000,13500,36000,32400.0,27000,5400.0
ORD001315,2026-09-14,CUST1013,P009,2,0.0,UPI,Cancelled,12000,8500,24000,24000.0,17000,7000.0
ORD001316,2025-10-03,CUST0784,P008,2,0.0,Net Banking,Completed,16000,12500,32000,32000.0,25000,7000.0
ORD001317,2026-08-21,CUST0460,P001,1,0.05,UPI,Returned,65000,52000,65000,61750.0,52000,9750.0
ORD001318,2026-07-10,CUST1574,P012,1,0.15,Net Banking,Completed,9000,6500,9000,7650.0,6500,1150.0
ORD001319,2025-03-23,CUST1524,P014,2,0.0,UPI,Completed,2500,1600,5000,5000.0,3200,1800.0
ORD001320,2025-03-05,CUST0738,P004,1,0.15,Cash,Completed,1500,950,1500,1275.0,950,325.0
ORD001321,2026-07-21,CUST0509,P013,2,0.0,Debit Card,Completed,6000,4200,12000,12000.0,8400,3600.0
ORD001322,2026-08-09,CUST1678,P001,2,0.0,Credit Card,Completed,65000,52000,130000,130000.0,104000,26000.0
ORD001323,2025-05-09,CUST0481,P001,2,0.1,UPI,Completed,65000,52000,130000,117000.0,104000,13000.0
ORD001324,2025-09-13,CUST1687,P012,1,0.0,UPI,Completed,9000,6500,9000,9000.0,6500,2500.0
ORD001325,2025-08-19,CUST0114,P012,2,0.0,Debit Card,Completed,9000,6500,18000,18000.0,13000,5000.0
ORD001326,2026-05-12,CUST0749,P004,3,0.0,Net Banking,Completed,1500,950,4500,4500.0,2850,1650.0
ORD001327,2025-05-17,CUST1602,P002,5,0.0,Debit Card,Completed,18000,13500,90000,90000.0,67500,22500.0
ORD001328,2026-03-31,CUST0361,P003,3,0.0,Net Banking,Completed,3000,2100,9000,9000.0,6300,2700.0
ORD001329,2025-12-21,CUST0341,P011,2,0.1,Net Banking,Completed,4000,2600,8000,7200.0,5200,2000.0
ORD001330,2026-09-16,CUST0770,P009,1,0.1,Cash,Completed,12000,8500,12000,10800.0,8500,2300.0
ORD001331,2026-04-30,CUST0761,P002,2,0.2,Debit Card,Completed,18000,13500,36000,28800.0,27000,1800.0
ORD001332,2025-05-26,CUST0969,P004,4,0.1,UPI,Completed,1500,950,6000,5400.0,3800,1600.0
ORD001333,2025-02-02,CUST0449,P001,1,0.1,Net Banking,Completed,65000,52000,65000,58500.0,52000,6500.0
ORD001334,2025-09-17,CUST0835,P002,1,0.1,UPI,Completed,18000,13500,18000,16200.0,13500,2700.0
ORD001335,2025-03-28,CUST1204,P005,1,0.15,Cash,Cancelled,4500,3000,4500,3825.0,3000,825.0
ORD001336,2025-09-22,CUST1726,P014,2,0.0,Credit Card,Completed,2500,1600,5000,5000.0,3200,1800.0
ORD001337,2026-06-26,CUST1431,P010,1,0.0,UPI,Completed,22000,16000,22000,22000.0,16000,6000.0
ORD001338,2026-01-27,CUST1690,P015,1,0.1,UPI,Completed,2200,1400,2200,1980.0,1400,580.0
ORD001339,2025-08-20,CUST1220,P001,3,0.0,Debit Card,Completed,65000,52000,195000,195000.0,156000,39000.0
ORD001340,2026-08-11,CUST1490,P011,2,0.15,UPI,Completed,4000,2600,8000,6800.0,5200,1600.0
ORD001341,2026-03-23,CUST0311,P007,1,0.05,Cash,Completed,28000,22000,28000,26600.0,22000,4600.0
ORD001342,2025-05-09,CUST0262,P004,1,0.0,UPI,Completed,1500,950,1500,1500.0,950,550.0
ORD001343,2025-09-28,CUST1443,P006,1,0.1,UPI,Completed,35000,28500,35000,31500.0,28500,3000.0
ORD001344,2025-03-30,CUST0406,P008,1,0.0,UPI,Completed,16000,12500,16000,16000.0,12500,3500.0
ORD001345,2026-04-11,CUST0143,P013,1,,UPI,Completed,6000,4200,6000,4800.0,4200,600.0
ORD001346,2025-06-19,CUST0342,P006,2,0.2,Credit Card,Completed,35000,28500,70000,56000.0,57000,-1000.0
ORD001347,2025-05-08,CUST1340,P014,3,0.1,Credit Card,Completed,2500,1600,7500,6750.0,4800,1950.0
ORD001348,2025-06-23,CUST1125,P002,2,0.0,UPI,Completed,18000,13500,36000,36000.0,27000,9000.0
ORD001349,2025-01-26,CUST0244,P001,1,0.0,UPI,Completed,65000,52000,65000,65000.0,52000,13000.0
ORD001350,2026-07-27,CUST0490,P008,2,0.05,UPI,Completed,16000,12500,32000,30400.0,25000,5400.0
ORD001351,2026-05-26,CUST0012,P008,3,0.15,Debit Card,Completed,16000,12500,48000,40800.0,37500,3300.0
ORD001352,2026-05-03,CUST1263,P009,1,0.0,Credit Card,Cancelled,12000,8500,12000,12000.0,8500,3500.0
ORD001353,2026-08-02,CUST0561,P006,1,0.0,UPI,Completed,35000,28500,35000,35000.0,28500,6500.0
ORD001354,2026-02-10,CUST0042,P012,2,0.0,UPI,Completed,9000,6500,18000,18000.0,13000,5000.0
ORD001355,2025-01-26,CUST0678,P001,2,0.05,Credit Card,Completed,65000,52000,130000,123500.0,104000,19500.0
ORD001356,2025-03-24,CUST0594,P014,1,0.15,UPI,Returned,2500,1600,2500,2125.0,1600,525.0
ORD001357,2025-12-30,CUST1453,P009,2,0.0,Debit Card,Completed,12000,8500,24000,24000.0,17000,7000.0
ORD001358,2026-01-02,CUST1182,P012,2,0.0,Cash,Completed,9000,6500,18000,18000.0,13000,5000.0
ORD001359,2025-03-01,CUST1240,P013,4,0.1,UPI,Completed,6000,4200,24000,21600.0,16800,4800.0
ORD001360,2026-07-05,CUST1694,P015,1,0.1,UPI,Completed,2200,1400,2200,1980.0,1400,580.0
ORD001361,2026-09-27,CUST1486,P014,2,0.1,UPI,Completed,2500,1600,5000,4500.0,3200,1300.0
ORD001362,2025-10-19,CUST0134,P003,1,0.1,Credit Card,Completed,3000,2100,3000,2700.0,2100,600.0
ORD001363,2025-07-10,CUST1091,P011,2,0.0,UPI,Completed,4000,2600,8000,8000.0,5200,2800.0
ORD001364,2026-04-06,CUST1031,P006,2,0.05,Credit Card,Completed,35000,28500,70000,66500.0,57000,9500.0
ORD001365,2025-08-21,CUST0948,P010,1,0.2,Net Banking,Completed,22000,16000,22000,17600.0,16000,1600.0
ORD001366,2026-04-19,CUST1550,P013,3,0.2,UPI,Completed,6000,4200,18000,14400.0,12600,1800.0
ORD001367,2026-02-09,CUST0073,P010,1,0.1,Credit Card,Returned,22000,16000,22000,19800.0,16000,3800.0
ORD001368,2025-09-28,CUST0399,P015,2,0.1,Debit Card,Completed,2200,1400,4400,3960.0,2800,1160.0
ORD001369,2025-05-14,CUST1429,P011,1,0.2,UPI,Completed,4000,2600,4000,3200.0,2600,600.0
ORD001370,2025-06-20,CUST1699,P012,2,0.05,UPI,Completed,9000,6500,18000,17100.0,13000,4100.0
ORD001371,2026-02-19,CUST0578,P014,1,0.0,Debit Card,Completed,2500,1600,2500,2500.0,1600,900.0
ORD001372,2025-01-28,CUST0859,P015,3,0.1,UPI,Completed,2200,1400,6600,5940.0,4200,1740.0
ORD001373,2025-05-16,CUST0130,P009,3,0.2,Net Banking,Completed,12000,8500,36000,28800.0,25500,3300.0
ORD001374,2026-02-09,CUST0931,P011,3,0.1,UPI,Completed,4000,2600,12000,10800.0,7800,3000.0
ORD001375,2026-05-20,CUST1490,P013,1,0.1,Credit Card,Completed,6000,4200,6000,5400.0,4200,1200.0
ORD001376,2025-08-29,CUST1230,P003,2,0.05,Debit Card,Completed,3000,2100,6000,5700.0,4200,1500.0
ORD001377,2026-03-20,CUST1792,P005,1,0.0,UPI,Completed,4500,3000,4500,4500.0,3000,1500.0
ORD001378,2026-03-10,CUST0266,P013,3,0.0,UPI,Completed,6000,4200,18000,18000.0,12600,5400.0
ORD001379,2025-08-16,CUST1561,P014,2,0.2,UPI,Cancelled,2500,1600,5000,4000.0,3200,800.0
ORD001380,2026-05-24,CUST0793,P005,2,0.05,Net Banking,Completed,4500,3000,9000,8550.0,6000,2550.0
ORD001381,2025-10-30,CUST0253,P010,2,0.0,Debit Card,Completed,22000,16000,44000,44000.0,32000,12000.0
ORD001382,2025-02-03,CUST0822,P007,1,0.2,UPI,Completed,28000,22000,28000,22400.0,22000,400.0
ORD001383,2025-01-02,CUST1313,P004,2,0.05,Debit Card,Returned,1500,950,3000,2850.0,1900,950.0
ORD001384,2025-12-28,CUST0164,P011,1,0.1,Debit Card,Completed,4000,2600,4000,3600.0,2600,1000.0
ORD001385,2025-07-14,CUST0095,P004,5,0.05,Cash,Completed,1500,950,7500,7125.0,4750,2375.0
ORD001386,2026-08-29,CUST0833,P007,3,0.0,Credit Card,Completed,28000,22000,84000,84000.0,66000,18000.0
ORD001387,2025-11-04,CUST1134,P009,2,0.1,Net Banking,Completed,12000,8500,24000,21600.0,17000,4600.0
ORD001388,2025-09-07,CUST0336,P015,4,0.2,Credit Card,Completed,2200,1400,8800,7040.0,5600,1440.0
ORD001389,2025-05-27,CUST0822,P011,1,0.0,Net Banking,Completed,4000,2600,4000,4000.0,2600,1400.0
ORD001390,2025-12-12,CUST0238,P004,4,0.1,UPI,Completed,1500,950,6000,5400.0,3800,1600.0
ORD001391,2025-12-14,CUST0381,P004,1,0.0,UPI,Completed,1500,950,1500,1500.0,950,550.0
ORD001392,2025-09-11,CUST1460,P006,2,0.05,Net Banking,Completed,35000,28500,70000,66500.0,57000,9500.0
ORD001393,2026-02-03,CUST0899,P006,2,0.05,Net Banking,Completed,35000,28500,70000,66500.0,57000,9500.0
ORD001394,2025-11-30,CUST0483,P007,1,0.15,UPI,Completed,28000,22000,28000,23800.0,22000,1800.0
ORD001395,2025-06-25,CUST0902,P015,1,0.05,Credit Card,Completed,2200,1400,2200,2090.0,1400,690.0
ORD001396,2025-05-05,CUST1049,P001,1,0.05,Credit Card,Completed,65000,52000,65000,61750.0,52000,9750.0
ORD001397,2026-02-02,CUST1677,P013,5,0.1,UPI,Completed,6000,4200,30000,27000.0,21000,6000.0
ORD001398,2025-05-11,CUST1141,P011,1,0.0,UPI,Completed,4000,2600,4000,4000.0,2600,1400.0
ORD001399,2026-07-16,CUST0482,P014,2,0.0,UPI,Completed,2500,1600,5000,5000.0,3200,1800.0
ORD001400,2026-08-28,CUST1416,P003,3,0.0,Credit Card,Completed,3000,2100,9000,9000.0,6300,2700.0
ORD001401,2026-02-11,CUST0917,P009,1,0.1,UPI,Completed,12000,8500,12000,10800.0,8500,2300.0
ORD001402,2025-11-30,CUST0994,P006,2,0.05,UPI,Completed,35000,28500,70000,66500.0,57000,9500.0
ORD001403,2025-01-20,CUST0964,P006,2,0.15,Net Banking,Completed,35000,28500,70000,59500.0,57000,2500.0
ORD001404,2025-07-24,CUST0537,P005,1,0.05,UPI,Completed,4500,3000,4500,4275.0,3000,1275.0
ORD001405,2026-08-26,CUST1103,P011,3,0.0,Debit Card,Completed,4000,2600,12000,12000.0,7800,4200.0
ORD001406,2025-12-21,CUST1604,P003,1,0.1,Net Banking,Completed,3000,2100,3000,2700.0,2100,600.0
ORD001407,2025-06-22,CUST1197,P011,1,0.0,UPI,Completed,4000,2600,4000,4000.0,2600,1400.0
ORD001408,2025-07-08,CUST1036,P005,2,0.15,UPI,Completed,4500,3000,9000,7650.0,6000,1650.0
ORD001409,2025-01-02,CUST0128,P014,1,0.0,Credit Card,Completed,2500,1600,2500,2500.0,1600,900.0
ORD001410,2025-06-17,CUST1632,P001,4,0.0,Credit Card,Completed,65000,52000,260000,260000.0,208000,52000.0
ORD001411,2026-01-03,CUST0092,P003,3,0.05,Credit Card,Completed,3000,2100,9000,8550.0,6300,2250.0
ORD001412,2026-06-20,CUST1677,P004,2,0.0,Credit Card,Completed,1500,950,3000,3000.0,1900,1100.0
ORD001413,2026-08-03,CUST0543,P005,1,0.0,Net Banking,Completed,4500,3000,4500,4500.0,3000,1500.0
ORD001414,2026-01-05,CUST0846,P010,1,0.05,UPI,Completed,22000,16000,22000,20900.0,16000,4900.0
ORD001415,2026-08-19,CUST1556,P009,1,0.0,Debit Card,Completed,12000,8500,12000,12000.0,8500,3500.0
ORD001416,2026-03-13,CUST1682,P004,2,0.0,UPI,Returned,1500,950,3000,3000.0,1900,1100.0
ORD001417,2025-07-26,CUST0989,P003,3,0.0,Credit Card,Completed,3000,2100,9000,9000.0,6300,2700.0
ORD001418,2025-02-18,CUST0447,P010,1,0.05,UPI,Completed,22000,16000,22000,20900.0,16000,4900.0
ORD001419,2026-06-28,CUST0390,P001,1,0.05,Credit Card,Completed,65000,52000,65000,61750.0,52000,9750.0
ORD001420,2025-05-09,CUST0672,P013,1,0.0,Net Banking,Completed,6000,4200,6000,6000.0,4200,1800.0
ORD001421,2026-03-23,CUST0043,P010,1,0.05,UPI,Completed,22000,16000,22000,20900.0,16000,4900.0
ORD001422,2026-09-06,CUST0254,P006,2,0.1,UPI,Cancelled,35000,28500,70000,63000.0,57000,6000.0
ORD001423,2025-02-04,CUST1154,P007,2,0.1,Credit Card,Completed,28000,22000,56000,50400.0,44000,6400.0
ORD001424,2025-07-18,CUST1084,P010,2,0.05,UPI,Completed,22000,16000,44000,41800.0,32000,9800.0
ORD001425,2025-03-18,CUST0663,P015,1,0.0,Debit Card,Completed,2200,1400,2200,2200.0,1400,800.0
ORD001426,2026-01-04,CUST0467,P008,4,0.05,Net Banking,Completed,16000,12500,64000,60800.0,50000,10800.0
ORD001427,2026-06-10,CUST0287,P012,1,0.15,Net Banking,Completed,9000,6500,9000,7650.0,6500,1150.0
ORD001428,2025-12-15,CUST1011,P001,3,0.05,Credit Card,Completed,65000,52000,195000,185250.0,156000,29250.0
ORD001429,2026-05-21,CUST1541,P012,1,0.0,Credit Card,Completed,9000,6500,9000,9000.0,6500,2500.0
ORD001430,2025-08-26,CUST1491,P004,3,0.0,UPI,Completed,1500,950,4500,4500.0,2850,1650.0
ORD001431,2025-10-07,CUST0778,P011,2,0.15,Debit Card,Completed,4000,2600,8000,6800.0,5200,1600.0
ORD001432,2026-07-31,CUST0345,P005,1,0.1,Credit Card,Completed,4500,3000,4500,4050.0,3000,1050.0
ORD001433,2026-03-08,CUST0642,P002,3,0.0,Cash,Completed,18000,13500,54000,54000.0,40500,13500.0
ORD001434,2025-05-18,CUST0382,P001,2,0.0,Cash,Completed,65000,52000,130000,130000.0,104000,26000.0
ORD001435,2025-09-26,CUST0690,P008,1,0.15,Net Banking,Completed,16000,12500,16000,13600.0,12500,1100.0
ORD001436,2025-07-20,CUST1277,P006,1,0.0,Credit Card,Completed,35000,28500,35000,35000.0,28500,6500.0
ORD001437,2025-05-22,CUST1080,P005,2,0.05,Credit Card,Returned,4500,3000,9000,8550.0,6000,2550.0
ORD001438,2026-09-04,CUST1487,P013,2,0.1,Net Banking,Completed,6000,4200,12000,10800.0,8400,2400.0
ORD001439,2026-09-03,CUST0457,P009,2,0.05,Debit Card,Completed,12000,8500,24000,22800.0,17000,5800.0
ORD001440,2025-12-21,CUST0983,P013,2,0.0,Debit Card,Completed,6000,4200,12000,12000.0,8400,3600.0
ORD001441,2026-08-01,CUST0083,P011,2,0.0,UPI,Completed,4000,2600,8000,8000.0,5200,2800.0
ORD001442,2025-11-25,CUST1123,P013,3,0.15,Net Banking,Completed,6000,4200,18000,15300.0,12600,2700.0
ORD001443,2026-07-13,CUST0149,P011,2,0.05,Credit Card,Completed,4000,2600,8000,7600.0,5200,2400.0
ORD001444,2025-08-19,CUST1353,P002,1,0.1,Credit Card,Completed,18000,13500,18000,16200.0,13500,2700.0
ORD001445,2025-11-04,CUST1180,P010,4,0.05,Net Banking,Completed,22000,16000,88000,83600.0,64000,19600.0
ORD001446,2025-05-26,CUST0190,P012,1,0.15,Credit Card,Completed,9000,6500,9000,7650.0,6500,1150.0
ORD001447,2025-06-01,CUST1518,P008,1,0.15,Debit Card,Completed,16000,12500,16000,13600.0,12500,1100.0
ORD001448,2025-05-20,CUST0883,P011,2,0.05,Credit Card,Completed,4000,2600,8000,7600.0,5200,2400.0
ORD001449,2025-01-21,CUST0263,P014,1,0.0,Credit Card,Completed,2500,1600,2500,2500.0,1600,900.0
ORD001450,2025-09-11,CUST1104,P010,1,0.1,UPI,Completed,22000,16000,22000,19800.0,16000,3800.0
ORD001451,2025-03-05,CUST0400,P013,1,0.1,Credit Card,Returned,6000,4200,6000,5400.0,4200,1200.0
ORD001452,2025-08-06,CUST0764,P009,2,0.05,Credit Card,Completed,12000,8500,24000,22800.0,17000,5800.0
ORD001453,2025-03-13,CUST0609,P001,4,0.1,Credit Card,Completed,65000,52000,260000,234000.0,208000,26000.0
ORD001454,2025-06-11,CUST1284,P007,2,0.0,Net Banking,Completed,28000,22000,56000,56000.0,44000,12000.0
ORD001455,2025-05-10,CUST1796,P008,2,0.0,UPI,Completed,16000,12500,32000,32000.0,25000,7000.0
ORD001456,2026-08-04,CUST1639,P003,1,0.1,Net Banking,Completed,3000,2100,3000,2700.0,2100,600.0
ORD001457,2025-08-13,CUST1576,P014,1,0.0,Credit Card,Completed,2500,1600,2500,2500.0,1600,900.0
ORD001458,2026-08-03,CUST0785,P004,1,0.05,Debit Card,Completed,1500,950,1500,1425.0,950,475.0
ORD001459,2026-03-30,CUST0101,P013,1,0.2,UPI,Completed,6000,4200,6000,4800.0,4200,600.0
ORD001460,2026-01-19,CUST1383,P003,1,0.1,UPI,Completed,3000,2100,3000,2700.0,2100,600.0
ORD001461,2025-04-17,CUST1404,P007,1,0.15,Debit Card,Completed,28000,22000,28000,23800.0,22000,1800.0
ORD001462,2026-09-13,CUST0820,P009,1,0.1,UPI,Completed,12000,8500,12000,10800.0,8500,2300.0
ORD001463,2025-04-13,CUST1245,P003,2,0.1,Cash,Completed,3000,2100,6000,5400.0,4200,1200.0
ORD001464,2025-05-21,CUST0820,P013,3,0.05,UPI,Cancelled,6000,4200,18000,17100.0,12600,4500.0
ORD001465,2026-07-31,CUST0420,P006,4,0.0,Net Banking,Completed,35000,28500,140000,140000.0,114000,26000.0
ORD001466,2025-05-14,CUST0124,P008,2,0.05,Credit Card,Completed,16000,12500,32000,30400.0,25000,5400.0
ORD001467,2025-07-18,CUST0422,P006,1,0.0,Credit Card,Cancelled,35000,28500,35000,35000.0,28500,6500.0
ORD001468,2026-05-25,CUST1255,P002,2,0.2,UPI,Completed,18000,13500,36000,28800.0,27000,1800.0
ORD001469,2025-03-20,CUST1714,P013,1,0.0,Credit Card,Returned,6000,4200,6000,6000.0,4200,1800.0
ORD001470,2026-04-27,CUST1087,P007,2,0.0,UPI,Completed,28000,22000,56000,56000.0,44000,12000.0
ORD001471,2026-05-27,CUST1509,P002,3,0.1,Credit Card,Completed,18000,13500,54000,48600.0,40500,8100.0
ORD001472,2025-09-07,CUST1652,P002,2,0.05,Credit Card,Completed,18000,13500,36000,34200.0,27000,7200.0
ORD001473,2026-08-22,CUST1727,P002,4,0.0,Debit Card,Completed,18000,13500,72000,72000.0,54000,18000.0
ORD001474,2026-08-23,CUST1598,P011,2,0.0,Net Banking,Completed,4000,2600,8000,8000.0,5200,2800.0
ORD001475,2026-04-28,CUST0768,P015,2,0.1,Credit Card,Completed,2200,1400,4400,3960.0,2800,1160.0
ORD001476,2025-06-21,CUST0483,P001,1,0.05,UPI,Completed,65000,52000,65000,61750.0,52000,9750.0
ORD001477,2025-01-17,CUST0519,P014,4,0.0,UPI,Completed,2500,1600,10000,10000.0,6400,3600.0
ORD001478,2025-10-21,CUST0155,P011,1,0.05,Net Banking,Cancelled,4000,2600,4000,3800.0,2600,1200.0
ORD001479,2026-01-29,CUST0092,P001,4,0.0,UPI,Completed,65000,52000,260000,260000.0,208000,52000.0
ORD001480,2026-05-13,CUST0982,P014,1,0.0,Debit Card,Completed,2500,1600,2500,2500.0,1600,900.0
ORD001481,2025-08-07,CUST1550,P007,1,0.2,UPI,Completed,28000,22000,28000,22400.0,22000,400.0
ORD001482,2025-08-22,CUST0455,P015,3,0.05,UPI,Completed,2200,1400,6600,6270.0,4200,2070.0
ORD001483,2026-01-25,CUST1765,P013,1,0.0,Credit Card,Completed,6000,4200,6000,6000.0,4200,1800.0
ORD001484,2025-09-05,CUST0598,P014,3,0.2,Credit Card,Completed,2500,1600,7500,6000.0,4800,1200.0
ORD001485,2025-02-21,CUST1669,P014,1,0.1,Credit Card,Completed,2500,1600,2500,2250.0,1600,650.0
ORD001486,2025-01-15,CUST0510,P015,3,0.0,Debit Card,Completed,2200,1400,6600,6600.0,4200,2400.0
ORD001487,2025-11-20,CUST1207,P014,2,0.05,UPI,Completed,2500,1600,5000,4750.0,3200,1550.0
ORD001488,2026-03-17,CUST0386,P012,2,0.15,UPI,Completed,9000,6500,18000,15300.0,13000,2300.0
ORD001489,2025-04-22,CUST1598,P005,1,0.05,Debit Card,Completed,4500,3000,4500,4275.0,3000,1275.0
ORD001490,2025-01-07,CUST1755,P011,1,0.05,Credit Card,Completed,4000,2600,4000,3800.0,2600,1200.0
ORD001491,2026-07-17,CUST0405,P003,3,0.05,UPI,Completed,3000,2100,9000,8550.0,6300,2250.0
ORD001492,2025-09-02,CUST0246,P001,1,0.05,Debit Card,Completed,65000,52000,65000,61750.0,52000,9750.0
ORD001493,2026-03-24,CUST0742,P011,1,0.1,Debit Card,Completed,4000,2600,4000,3600.0,2600,1000.0
ORD001494,2025-12-31,CUST1615,P010,2,0.05,UPI,Completed,22000,16000,44000,41800.0,32000,9800.0
ORD001495,2026-01-02,CUST0661,P006,2,0.0,Debit Card,Completed,35000,28500,70000,70000.0,57000,13000.0
ORD001496,2025-10-14,CUST0650,P011,1,0.1,Credit Card,Completed,4000,2600,4000,3600.0,2600,1000.0
ORD001497,2026-08-27,CUST1495,P001,1,0.0,UPI,Completed,65000,52000,65000,65000.0,52000,13000.0
ORD001498,2025-04-16,CUST1447,P009,1,0.05,Credit Card,Completed,12000,8500,12000,11400.0,8500,2900.0
ORD001499,2025-01-13,CUST0901,P002,3,0.05,Credit Card,Completed,18000,13500,54000,51300.0,40500,10800.0
ORD001500,2025-05-26,CUST0065,P001,1,0.1,Net Banking,Completed,65000,52000,65000,58500.0,52000,6500.0
ORD001501,2026-04-23,CUST1037,P015,5,0.05,Debit Card,Completed,2200,1400,11000,10450.0,7000,3450.0
ORD001502,2026-09-23,CUST0213,P012,1,0.1,UPI,Completed,9000,6500,9000,8100.0,6500,1600.0
ORD001503,2025-04-25,CUST0242,P007,1,0.0,UPI,Completed,28000,22000,28000,28000.0,22000,6000.0
ORD001504,2026-05-24,CUST0493,P006,2,0.1,Net Banking,Completed,35000,28500,70000,63000.0,57000,6000.0
ORD001505,2025-06-01,CUST1237,P006,1,0.1,Net Banking,Completed,35000,28500,35000,31500.0,28500,3000.0
ORD001506,2025-02-26,CUST1717,P014,2,0.15,UPI,Completed,2500,1600,5000,4250.0,3200,1050.0
ORD001507,2026-01-17,CUST0338,P005,3,0.05,UPI,Completed,4500,3000,13500,12825.0,9000,3825.0
ORD001508,2025-06-06,CUST0173,P011,1,0.0,Debit Card,Completed,4000,2600,4000,4000.0,2600,1400.0
ORD001509,2025-05-13,CUST0672,P004,3,0.0,Debit Card,Completed,1500,950,4500,4500.0,2850,1650.0
ORD001510,2025-06-12,CUST0164,P011,1,0.0,UPI,Completed,4000,2600,4000,4000.0,2600,1400.0
ORD001511,2025-10-02,CUST0465,P004,1,0.05,Debit Card,Returned,1500,950,1500,1425.0,950,475.0
ORD001512,2025-03-18,CUST0995,P003,1,0.0,UPI,Completed,3000,2100,3000,3000.0,2100,900.0
ORD001513,2025-02-13,CUST0497,P010,4,0.2,UPI,Completed,22000,16000,88000,70400.0,64000,6400.0
ORD001514,2026-07-04,CUST0700,P008,1,0.15,UPI,Completed,16000,12500,16000,13600.0,12500,1100.0
ORD001515,2025-11-14,CUST0395,P007,3,0.0,Credit Card,Cancelled,28000,22000,84000,84000.0,66000,18000.0
ORD001516,2026-06-18,CUST0703,P009,2,0.05,Net Banking,Completed,12000,8500,24000,22800.0,17000,5800.0
ORD001517,2026-08-08,CUST0308,P001,1,0.1,Credit Card,Completed,65000,52000,65000,58500.0,52000,6500.0
ORD001518,2025-06-03,CUST1792,P007,1,0.0,UPI,Completed,28000,22000,28000,28000.0,22000,6000.0
ORD001519,2025-08-25,CUST0183,P010,3,0.05,Net Banking,Completed,22000,16000,66000,62700.0,48000,14700.0
ORD001520,2026-06-01,CUST0629,P004,2,0.05,UPI,Completed,1500,950,3000,2850.0,1900,950.0
ORD001521,2025-08-09,CUST0510,P007,2,0.0,Net Banking,Completed,28000,22000,56000,56000.0,44000,12000.0
ORD001522,2025-11-06,CUST1732,P013,3,0.1,Net Banking,Cancelled,6000,4200,18000,16200.0,12600,3600.0
ORD001523,2026-08-21,CUST0546,P012,1,0.2,UPI,Completed,9000,6500,9000,7200.0,6500,700.0
ORD001524,2025-06-26,CUST1588,P001,4,0.05,UPI,Completed,65000,52000,260000,247000.0,208000,39000.0
ORD001525,2025-08-08,CUST0624,P005,3,0.05,Net Banking,Completed,4500,3000,13500,12825.0,9000,3825.0
ORD001526,2025-02-07,CUST1788,P003,2,0.0,Credit Card,Completed,3000,2100,6000,6000.0,4200,1800.0
ORD001527,2026-03-07,CUST0594,P005,3,0.15,UPI,Completed,4500,3000,13500,11475.0,9000,2475.0
ORD001528,2025-07-22,CUST0744,P004,2,0.15,Net Banking,Completed,1500,950,3000,2550.0,1900,650.0
ORD001529,2026-03-24,CUST1251,P002,2,0.0,UPI,Completed,18000,13500,36000,36000.0,27000,9000.0
ORD001530,2026-05-10,CUST1769,P011,2,0.15,UPI,Completed,4000,2600,8000,6800.0,5200,1600.0
ORD001531,2025-05-05,CUST1757,P004,1,0.0,Debit Card,Cancelled,1500,950,1500,1500.0,950,550.0
ORD001532,2025-03-06,CUST1460,P003,2,0.0,Debit Card,Completed,3000,2100,6000,6000.0,4200,1800.0
ORD001533,2025-09-01,CUST1446,P013,1,0.1,Credit Card,Completed,6000,4200,6000,5400.0,4200,1200.0
ORD001534,2026-06-11,CUST0554,P001,1,0.05,UPI,Returned,65000,52000,65000,61750.0,52000,9750.0
ORD001535,2025-08-14,CUST0021,P012,1,0.05,Credit Card,Completed,9000,6500,9000,8550.0,6500,2050.0
ORD001536,2026-04-10,CUST0554,P010,1,0.1,Debit Card,Completed,22000,16000,22000,19800.0,16000,3800.0
ORD001537,2025-10-20,CUST0397,P008,1,0.0,Net Banking,Completed,16000,12500,16000,16000.0,12500,3500.0
ORD001538,2026-01-16,CUST0625,P015,3,0.0,Credit Card,Completed,2200,1400,6600,6600.0,4200,2400.0
ORD001539,2026-09-17,CUST0105,P005,1,0.05,Debit Card,Completed,4500,3000,4500,4275.0,3000,1275.0
ORD001540,2025-06-15,CUST0192,P004,2,0.0,UPI,Completed,1500,950,3000,3000.0,1900,1100.0
ORD001541,2025-08-06,CUST0017,P010,1,0.0,Net Banking,Completed,22000,16000,22000,22000.0,16000,6000.0
ORD001542,2025-10-02,CUST1144,P012,1,0.0,UPI,Completed,9000,6500,9000,9000.0,6500,2500.0
ORD001543,2025-02-21,CUST0393,P005,1,0.1,Debit Card,Completed,4500,3000,4500,4050.0,3000,1050.0
ORD001544,2026-01-09,CUST0425,P004,1,0.15,Net Banking,Completed,1500,950,1500,1275.0,950,325.0
ORD001545,2025-12-29,CUST0129,P003,2,0.0,Net Banking,Completed,3000,2100,6000,6000.0,4200,1800.0
ORD001546,2026-07-21,CUST1154,P005,2,0.0,Debit Card,Completed,4500,3000,9000,9000.0,6000,3000.0
ORD001547,2025-01-14,CUST0572,P004,1,0.1,Debit Card,Completed,1500,950,1500,1350.0,950,400.0
ORD001548,2025-12-06,CUST1584,P015,1,0.2,Net Banking,Completed,2200,1400,2200,1760.0,1400,360.0
ORD001549,2026-08-25,CUST0029,P001,3,0.0,Net Banking,Completed,65000,52000,195000,195000.0,156000,39000.0
ORD001550,2026-06-23,CUST1121,P012,1,0.15,,Completed,9000,6500,9000,7650.0,6500,1150.0
ORD001551,2025-03-30,CUST1034,P003,1,0.05,Debit Card,Completed,3000,2100,3000,2850.0,2100,750.0
ORD001552,2025-02-10,CUST0242,P010,2,0.2,UPI,Completed,22000,16000,44000,35200.0,32000,3200.0
ORD001553,2025-10-31,CUST0232,P015,1,0.0,Credit Card,Completed,2200,1400,2200,2200.0,1400,800.0
ORD001554,2025-09-25,CUST0789,P010,5,0.2,UPI,Completed,22000,16000,110000,88000.0,80000,8000.0
ORD001555,2025-05-18,CUST1308,P008,2,0.05,Credit Card,Completed,16000,12500,32000,30400.0,25000,5400.0
ORD001556,2025-01-06,CUST0715,P007,1,0.2,Debit Card,Completed,28000,22000,28000,22400.0,22000,400.0
ORD001557,2025-08-30,CUST0759,P002,1,0.05,UPI,Completed,18000,13500,18000,17100.0,13500,3600.0
ORD001558,2025-06-11,CUST0802,P001,2,0.05,UPI,Completed,65000,52000,130000,123500.0,104000,19500.0
ORD001559,2026-06-02,CUST0776,P003,1,0.1,Credit Card,Completed,3000,2100,3000,2700.0,2100,600.0
ORD001560,2026-02-05,CUST0726,P005,4,0.1,UPI,Completed,4500,3000,18000,16200.0,12000,4200.0
ORD001561,2025-06-05,CUST0200,P010,2,0.1,Credit Card,Returned,22000,16000,44000,39600.0,32000,7600.0
ORD001562,2025-03-26,CUST0945,P015,1,0.05,Net Banking,Completed,2200,1400,2200,2090.0,1400,690.0
ORD001563,2025-01-10,CUST0079,P011,2,0.1,Debit Card,Returned,4000,2600,8000,7200.0,5200,2000.0
ORD001564,2025-05-18,CUST0956,P012,1,0.15,UPI,Cancelled,9000,6500,9000,7650.0,6500,1150.0
ORD001565,2025-06-05,CUST0856,P001,1,0.0,UPI,Completed,65000,52000,65000,65000.0,52000,13000.0
ORD001566,2026-02-12,CUST1197,P003,2,0.05,Debit Card,Completed,3000,2100,6000,5700.0,4200,1500.0
ORD001567,2025-08-13,CUST0467,P003,2,0.15,Debit Card,Completed,3000,2100,6000,5100.0,4200,900.0
ORD001568,2026-08-03,CUST0581,P005,2,0.1,Credit Card,Completed,4500,3000,9000,8100.0,6000,2100.0
ORD001569,2025-07-03,CUST1440,P003,1,0.1,UPI,Completed,3000,2100,3000,2700.0,2100,600.0
ORD001570,2025-07-14,CUST0940,P013,2,0.15,UPI,Completed,6000,4200,12000,10200.0,8400,1800.0
ORD001571,2026-07-08,CUST0449,P009,1,0.1,UPI,Completed,12000,8500,12000,10800.0,8500,2300.0
ORD001572,2026-01-31,CUST0087,P001,2,0.1,Credit Card,Completed,65000,52000,130000,117000.0,104000,13000.0
ORD001573,2026-08-19,CUST0101,P004,2,0.2,Net Banking,Completed,1500,950,3000,2400.0,1900,500.0
ORD001574,2025-05-14,CUST1032,P013,2,0.15,Net Banking,Cancelled,6000,4200,12000,10200.0,8400,1800.0
ORD001575,2025-11-05,CUST0845,P013,3,0.1,Credit Card,Cancelled,6000,4200,18000,16200.0,12600,3600.0
ORD001576,2026-06-26,CUST1224,P010,3,0.0,Net Banking,Completed,22000,16000,66000,66000.0,48000,18000.0
ORD001577,2025-01-09,CUST1529,P010,5,0.0,Cash,Completed,22000,16000,110000,110000.0,80000,30000.0
ORD001578,2025-06-19,CUST0087,P004,5,0.05,Debit Card,Completed,1500,950,7500,7125.0,4750,2375.0
ORD001579,2025-10-17,CUST0043,P001,3,0.1,Debit Card,Completed,65000,52000,195000,175500.0,156000,19500.0
ORD001580,2025-06-17,CUST1409,P014,4,0.0,Net Banking,Completed,2500,1600,10000,10000.0,6400,3600.0
ORD001581,2025-12-10,CUST1645,P002,3,0.0,UPI,Completed,18000,13500,54000,54000.0,40500,13500.0
ORD001582,2026-05-12,CUST1459,P011,2,0.0,UPI,Returned,4000,2600,8000,8000.0,5200,2800.0
ORD001583,2025-05-25,CUST0408,P001,1,0.1,Cash,Completed,65000,52000,65000,58500.0,52000,6500.0
ORD001584,2026-02-17,CUST1507,P006,1,0.15,Credit Card,Completed,35000,28500,35000,29750.0,28500,1250.0
ORD001585,2026-08-11,CUST0664,P003,3,0.15,Net Banking,Completed,3000,2100,9000,7650.0,6300,1350.0
ORD001586,2026-04-02,CUST1041,P007,2,0.05,Net Banking,Completed,28000,22000,56000,53200.0,44000,9200.0
ORD001587,2025-10-29,CUST1669,P005,3,0.05,Credit Card,Completed,4500,3000,13500,12825.0,9000,3825.0
ORD001588,2025-02-15,CUST0148,P009,1,0.05,Credit Card,Completed,12000,8500,12000,11400.0,8500,2900.0
ORD001589,2025-01-17,CUST0277,P007,1,0.05,Credit Card,Completed,28000,22000,28000,26600.0,22000,4600.0
ORD001590,2026-08-01,CUST0232,P004,2,0.1,UPI,Completed,1500,950,3000,2700.0,1900,800.0
ORD001591,2025-12-26,CUST0366,P005,4,0.05,UPI,Completed,4500,3000,18000,17100.0,12000,5100.0
ORD001592,2025-09-18,CUST1252,P005,1,0.0,Credit Card,Completed,4500,3000,4500,4500.0,3000,1500.0
ORD001593,2025-05-03,CUST1675,P011,3,0.05,UPI,Completed,4000,2600,12000,11400.0,7800,3600.0
ORD001594,2025-08-19,CUST0436,P015,3,0.0,UPI,Completed,2200,1400,6600,6600.0,4200,2400.0
ORD001595,2026-09-29,CUST0399,P005,1,0.0,UPI,Completed,4500,3000,4500,4500.0,3000,1500.0
ORD001596,2025-04-22,CUST1235,P010,1,0.05,Debit Card,Completed,22000,16000,22000,20900.0,16000,4900.0
ORD001597,2026-08-16,CUST1415,P009,1,0.0,Net Banking,Completed,12000,8500,12000,12000.0,8500,3500.0
ORD001598,2025-09-03,CUST0499,P010,1,0.05,Credit Card,Completed,22000,16000,22000,20900.0,16000,4900.0
ORD001599,2026-01-26,CUST0540,P003,1,0.0,Credit Card,Completed,3000,2100,3000,3000.0,2100,900.0
ORD001600,2026-01-27,CUST0563,P006,1,0.1,Cash,Completed,35000,28500,35000,31500.0,28500,3000.0
ORD001601,2025-11-24,CUST1515,P008,1,0.2,UPI,Completed,16000,12500,16000,12800.0,12500,300.0
ORD001602,2025-08-03,CUST0442,P011,3,0.05,UPI,Completed,4000,2600,12000,11400.0,7800,3600.0
ORD001603,2026-01-02,CUST1285,P009,2,0.1,UPI,Completed,12000,8500,24000,21600.0,17000,4600.0
ORD001604,2025-03-23,CUST0773,P013,2,0.15,Credit Card,Completed,6000,4200,12000,10200.0,8400,1800.0
ORD001605,2025-03-17,CUST0350,P015,1,0.05,UPI,Completed,2200,1400,2200,2090.0,1400,690.0
ORD001606,2026-06-11,CUST1376,P007,3,0.0,UPI,Returned,28000,22000,84000,84000.0,66000,18000.0
ORD001607,2026-05-18,CUST0520,P012,3,0.0,UPI,Completed,9000,6500,27000,27000.0,19500,7500.0
ORD001608,2026-04-24,CUST1344,P003,2,0.05,Credit Card,Completed,3000,2100,6000,5700.0,4200,1500.0
ORD001609,2026-01-07,CUST0138,P001,4,0.1,Credit Card,Completed,65000,52000,260000,234000.0,208000,26000.0
ORD001610,2025-09-22,CUST1574,P004,3,0.0,Debit Card,Completed,1500,950,4500,4500.0,2850,1650.0
ORD001611,2025-09-21,CUST1647,P013,2,0.15,Credit Card,Completed,6000,4200,12000,10200.0,8400,1800.0
ORD001612,2025-04-20,CUST0992,P006,2,0.0,UPI,Completed,35000,28500,70000,70000.0,57000,13000.0
ORD001613,2025-11-03,CUST0368,P003,1,0.15,Net Banking,Completed,3000,2100,3000,2550.0,2100,450.0
ORD001614,2025-07-19,CUST1244,P014,1,0.15,Credit Card,Completed,2500,1600,2500,2125.0,1600,525.0
ORD001615,2025-08-14,CUST1361,P001,1,0.2,UPI,Completed,65000,52000,65000,52000.0,52000,0.0
ORD001616,2025-07-04,CUST1247,P006,1,0.1,UPI,Completed,35000,28500,35000,31500.0,28500,3000.0
ORD001617,2025-01-31,CUST1672,P014,1,0.0,Net Banking,Completed,2500,1600,2500,2500.0,1600,900.0
ORD001618,2026-09-06,CUST1792,P001,3,0.1,Debit Card,Completed,65000,52000,195000,175500.0,156000,19500.0
ORD001619,2025-04-09,CUST0360,P009,1,0.0,Credit Card,Completed,12000,8500,12000,12000.0,8500,3500.0
ORD001620,2025-12-05,CUST0921,P011,5,0.15,UPI,Completed,4000,2600,20000,17000.0,13000,4000.0
ORD001621,2025-09-23,CUST0329,P014,2,0.0,Credit Card,Completed,2500,1600,5000,5000.0,3200,1800.0
ORD001622,2025-12-16,CUST0962,P012,1,0.0,Debit Card,Completed,9000,6500,9000,9000.0,6500,2500.0
ORD001623,2026-06-28,CUST0463,P001,2,0.15,Net Banking,Completed,65000,52000,130000,110500.0,104000,6500.0
ORD001624,2026-04-02,CUST0946,P013,1,0.0,Credit Card,Completed,6000,4200,6000,6000.0,4200,1800.0
ORD001625,2025-03-29,CUST0963,P006,5,0.0,UPI,Completed,35000,28500,175000,175000.0,142500,32500.0
ORD001626,2025-03-04,CUST1585,P001,3,0.05,UPI,Completed,65000,52000,195000,185250.0,156000,29250.0
ORD001627,2026-01-22,CUST1406,P012,1,0.1,UPI,Completed,9000,6500,9000,8100.0,6500,1600.0
ORD001628,2026-04-04,CUST0836,P007,4,0.1,Debit Card,Completed,28000,22000,112000,100800.0,88000,12800.0
ORD001629,2026-08-09,CUST1614,P003,2,0.1,UPI,Completed,3000,2100,6000,5400.0,4200,1200.0
ORD001630,2026-09-28,CUST1641,P006,1,0.15,Credit Card,Completed,35000,28500,35000,29750.0,28500,1250.0
ORD001631,2025-09-26,CUST0169,P007,2,0.0,Debit Card,Completed,28000,22000,56000,56000.0,44000,12000.0
ORD001632,2026-09-25,CUST0217,P001,2,0.05,UPI,Completed,65000,52000,130000,123500.0,104000,19500.0
ORD001633,2025-12-12,CUST0378,P001,1,0.1,Debit Card,Completed,65000,52000,65000,58500.0,52000,6500.0
ORD001634,2025-03-19,CUST0119,P013,2,0.1,Credit Card,Completed,6000,4200,12000,10800.0,8400,2400.0
ORD001635,2025-12-31,CUST0190,P005,1,0.05,Credit Card,Completed,4500,3000,4500,4275.0,3000,1275.0
ORD001636,2025-01-14,CUST0767,P006,2,0.0,Net Banking,Completed,35000,28500,70000,70000.0,57000,13000.0
ORD001637,2025-05-16,CUST0370,P015,1,0.0,Debit Card,Cancelled,2200,1400,2200,2200.0,1400,800.0
ORD001638,2025-10-31,CUST0149,P015,4,0.0,Credit Card,Completed,2200,1400,8800,8800.0,5600,3200.0
ORD001639,2026-02-01,CUST1700,P009,2,0.0,Net Banking,Completed,12000,8500,24000,24000.0,17000,7000.0
ORD001640,2025-03-20,CUST0652,P014,1,0.0,Debit Card,Completed,2500,1600,2500,2500.0,1600,900.0
ORD001641,2026-02-22,CUST1512,P001,1,0.05,Net Banking,Completed,65000,52000,65000,61750.0,52000,9750.0
ORD001642,2025-08-30,CUST0770,P013,1,0.0,Debit Card,Completed,6000,4200,6000,6000.0,4200,1800.0
ORD001643,2025-02-20,CUST0374,P004,3,0.1,Credit Card,Completed,1500,950,4500,4050.0,2850,1200.0
ORD001644,2026-01-19,CUST0781,P010,1,0.15,UPI,Completed,22000,16000,22000,18700.0,16000,2700.0
ORD001645,2026-01-10,CUST1717,P008,3,0.05,Debit Card,Completed,16000,12500,48000,45600.0,37500,8100.0
ORD001646,2025-07-25,CUST0160,P010,4,0.05,UPI,Completed,22000,16000,88000,83600.0,64000,19600.0
ORD001647,2026-05-04,CUST0351,P009,2,0.2,Net Banking,Completed,12000,8500,24000,19200.0,17000,2200.0
ORD001648,2026-01-16,CUST1312,P015,1,0.05,Credit Card,Completed,2200,1400,2200,2090.0,1400,690.0
ORD001649,2025-11-07,CUST1312,P013,1,0.2,Debit Card,Completed,6000,4200,6000,4800.0,4200,600.0
ORD001650,2026-01-10,CUST0892,P003,1,0.0,Credit Card,Completed,3000,2100,3000,3000.0,2100,900.0
ORD001651,2026-09-24,CUST1250,P011,2,0.15,Credit Card,Completed,4000,2600,8000,6800.0,5200,1600.0
ORD001652,2026-08-15,CUST0523,P002,2,0.05,Debit Card,Completed,18000,13500,36000,34200.0,27000,7200.0
ORD001653,2025-02-11,CUST0522,P004,2,0.0,Debit Card,Completed,1500,950,3000,3000.0,1900,1100.0
ORD001654,2026-06-17,CUST0783,P002,1,0.2,UPI,Completed,18000,13500,18000,14400.0,13500,900.0
ORD001655,2026-06-06,CUST0273,P001,3,0.2,UPI,Completed,65000,52000,195000,156000.0,156000,0.0
ORD001656,2025-06-02,CUST0936,P012,1,0.05,Net Banking,Completed,9000,6500,9000,8550.0,6500,2050.0
ORD001657,2025-11-08,CUST1426,P003,1,0.2,Net Banking,Returned,3000,2100,3000,2400.0,2100,300.0
ORD001658,2025-10-21,CUST0183,P007,3,0.0,UPI,Completed,28000,22000,84000,84000.0,66000,18000.0
ORD001659,2026-08-21,CUST1689,P013,1,0.1,UPI,Completed,6000,4200,6000,5400.0,4200,1200.0
ORD001660,2025-04-23,CUST0488,P013,2,0.0,UPI,Completed,6000,4200,12000,12000.0,8400,3600.0
ORD001661,2025-04-22,CUST0846,P001,3,0.0,Net Banking,Completed,65000,52000,195000,195000.0,156000,39000.0
ORD001662,2025-06-24,CUST0124,P002,2,0.1,UPI,Completed,18000,13500,36000,32400.0,27000,5400.0
ORD001663,2025-10-29,CUST0985,P001,1,0.05,UPI,Completed,65000,52000,65000,61750.0,52000,9750.0
ORD001664,2026-05-31,CUST1650,P008,1,0.0,UPI,Completed,16000,12500,16000,16000.0,12500,3500.0
ORD001665,2025-08-09,CUST0790,P005,1,0.05,Debit Card,Completed,4500,3000,4500,4275.0,3000,1275.0
ORD001666,2025-06-20,CUST0414,P008,1,0.0,Net Banking,Completed,16000,12500,16000,16000.0,12500,3500.0
ORD001667,2025-11-14,CUST1749,P003,4,0.1,Credit Card,Returned,3000,2100,12000,10800.0,8400,2400.0
ORD001668,2025-08-01,CUST1196,P013,2,0.0,UPI,Completed,6000,4200,12000,12000.0,8400,3600.0
ORD001669,2025-09-10,CUST1312,P012,1,0.1,Credit Card,Completed,9000,6500,9000,8100.0,6500,1600.0
ORD001670,2025-05-04,CUST1459,P007,4,0.0,UPI,Completed,28000,22000,112000,112000.0,88000,24000.0
ORD001671,2025-08-01,CUST0686,P008,2,0.05,UPI,Completed,16000,12500,32000,30400.0,25000,5400.0
ORD001672,2026-09-16,CUST0113,P015,1,0.0,Net Banking,Completed,2200,1400,2200,2200.0,1400,800.0
ORD001673,2025-03-26,CUST0888,P006,1,0.1,Net Banking,Completed,35000,28500,35000,31500.0,28500,3000.0
ORD001674,2026-05-31,CUST0122,P013,1,0.0,Cash,Completed,6000,4200,6000,6000.0,4200,1800.0
ORD001675,2025-03-06,CUST1568,P013,5,0.05,Credit Card,Completed,6000,4200,30000,28500.0,21000,7500.0
ORD001676,2025-11-14,CUST1246,P007,2,0.0,UPI,Completed,28000,22000,56000,56000.0,44000,12000.0
ORD001677,2025-12-12,CUST1655,P014,3,0.15,Debit Card,Completed,2500,1600,7500,6375.0,4800,1575.0
ORD001678,2026-09-24,CUST0039,P012,1,0.0,UPI,Completed,9000,6500,9000,9000.0,6500,2500.0
ORD001679,2025-08-31,CUST0497,P002,3,0.1,UPI,Cancelled,18000,13500,54000,48600.0,40500,8100.0
ORD001680,2025-05-17,CUST0780,P008,1,0.0,UPI,Completed,16000,12500,16000,16000.0,12500,3500.0
ORD001681,2025-09-04,CUST1257,P005,5,0.0,Cash,Completed,4500,3000,22500,22500.0,15000,7500.0
ORD001682,2026-03-17,CUST0943,P007,4,0.0,Debit Card,Completed,28000,22000,112000,112000.0,88000,24000.0
ORD001683,2025-02-14,CUST1554,P001,1,0.0,UPI,Completed,65000,52000,65000,65000.0,52000,13000.0
ORD001684,2026-07-08,CUST0149,P005,3,0.05,UPI,Completed,4500,3000,13500,12825.0,9000,3825.0
ORD001685,2025-03-30,CUST1421,P001,2,0.2,Net Banking,Completed,65000,52000,130000,104000.0,104000,0.0
ORD001686,2025-08-16,CUST1022,P012,4,0.0,Net Banking,Completed,9000,6500,36000,36000.0,26000,10000.0
ORD001687,2025-10-18,CUST0661,P013,1,0.05,Debit Card,Completed,6000,4200,6000,5700.0,4200,1500.0
ORD001688,2026-02-26,CUST1662,P008,1,0.05,UPI,Completed,16000,12500,16000,15200.0,12500,2700.0
ORD001689,2025-03-08,CUST0302,P015,3,0.0,Credit Card,Completed,2200,1400,6600,6600.0,4200,2400.0
ORD001690,2025-09-08,CUST1384,P004,3,0.0,Debit Card,Completed,1500,950,4500,4500.0,2850,1650.0
ORD001691,2025-02-10,CUST0238,P004,1,0.15,Net Banking,Returned,1500,950,1500,1275.0,950,325.0
ORD001692,2025-04-09,CUST0647,P002,3,0.0,UPI,Cancelled,18000,13500,54000,54000.0,40500,13500.0
ORD001693,2025-11-02,CUST0663,P005,1,0.1,Credit Card,Completed,4500,3000,4500,4050.0,3000,1050.0
ORD001694,2026-04-01,CUST0236,P001,3,0.0,UPI,Completed,65000,52000,195000,195000.0,156000,39000.0
ORD001695,2026-08-14,CUST1760,P009,1,0.05,Credit Card,Completed,12000,8500,12000,11400.0,8500,2900.0
ORD001696,2025-10-28,CUST0203,P005,1,0.05,UPI,Completed,4500,3000,4500,4275.0,3000,1275.0
ORD001697,2025-07-18,CUST0256,P006,2,0.0,Net Banking,Completed,35000,28500,70000,70000.0,57000,13000.0
ORD001698,2026-05-03,CUST0598,P002,1,0.0,UPI,Completed,18000,13500,18000,18000.0,13500,4500.0
ORD001699,2025-04-16,CUST0662,P010,2,0.0,Credit Card,Completed,22000,16000,44000,44000.0,32000,12000.0
ORD001700,2026-02-05,CUST0235,P010,2,0.0,Credit Card,Completed,22000,16000,44000,44000.0,32000,12000.0
ORD001701,2026-04-22,CUST1369,P001,1,0.1,Net Banking,Completed,65000,52000,65000,58500.0,52000,6500.0
ORD001702,2025-05-02,CUST0534,P004,1,0.0,Debit Card,Completed,1500,950,1500,1500.0,950,550.0
ORD001703,2025-03-18,CUST0860,P007,3,0.1,UPI,Completed,28000,22000,84000,75600.0,66000,9600.0
ORD001704,2025-11-08,CUST1490,P006,1,0.0,UPI,Completed,35000,28500,35000,35000.0,28500,6500.0
ORD001705,2025-04-22,CUST0770,P010,2,0.15,Credit Card,Completed,22000,16000,44000,37400.0,32000,5400.0
ORD001706,2026-06-02,CUST0541,P001,2,0.05,Credit Card,Completed,65000,52000,130000,123500.0,104000,19500.0
ORD001707,2025-07-16,CUST0213,P001,4,0.0,UPI,Completed,65000,52000,260000,260000.0,208000,52000.0
ORD001708,2025-04-08,CUST0463,P008,2,0.2,Net Banking,Completed,16000,12500,32000,25600.0,25000,600.0
ORD001709,2026-04-04,CUST0436,P004,1,0.0,UPI,Completed,1500,950,1500,1500.0,950,550.0
ORD001710,2025-08-18,CUST0283,P005,3,0.05,Cash,Completed,4500,3000,13500,12825.0,9000,3825.0
ORD001711,2025-06-17,CUST1586,P013,5,0.05,UPI,Completed,6000,4200,30000,28500.0,21000,7500.0
ORD001712,2025-01-08,CUST1631,P007,1,0.05,UPI,Completed,28000,22000,28000,26600.0,22000,4600.0
ORD001713,2025-06-21,CUST1487,P008,4,0.2,UPI,Completed,16000,12500,64000,51200.0,50000,1200.0
ORD001714,2025-12-26,CUST1431,P015,2,0.1,Credit Card,Completed,2200,1400,4400,3960.0,2800,1160.0
ORD001715,2025-07-14,CUST0088,P010,1,0.1,UPI,Completed,22000,16000,22000,19800.0,16000,3800.0
ORD001716,2025-09-26,CUST1068,P007,1,0.2,Debit Card,Completed,28000,22000,28000,22400.0,22000,400.0
ORD001717,2025-01-19,CUST0461,P002,2,0.05,Credit Card,Completed,18000,13500,36000,34200.0,27000,7200.0
ORD001718,2025-12-20,CUST0278,P014,1,0.0,UPI,Completed,2500,1600,2500,2500.0,1600,900.0
ORD001719,2025-02-18,CUST1707,P015,1,0.1,Net Banking,Completed,2200,1400,2200,1980.0,1400,580.0
ORD001720,2026-04-09,CUST0421,P004,1,0.05,Net Banking,Cancelled,1500,950,1500,1425.0,950,475.0
ORD001721,2025-12-22,CUST1725,P010,1,0.0,Debit Card,Completed,22000,16000,22000,22000.0,16000,6000.0
ORD001722,2025-06-07,CUST1377,P012,1,0.05,Net Banking,Completed,9000,6500,9000,8550.0,6500,2050.0
ORD001723,2025-03-07,CUST0696,P001,2,0.15,UPI,Completed,65000,52000,130000,110500.0,104000,6500.0
ORD001724,2026-07-25,CUST0515,P010,1,0.0,UPI,Completed,22000,16000,22000,22000.0,16000,6000.0
ORD001725,2025-11-04,CUST0703,P009,5,0.1,UPI,Completed,12000,8500,60000,54000.0,42500,11500.0
ORD001726,2025-12-03,CUST1654,P003,1,,Cash,Completed,3000,2100,3000,2850.0,2100,750.0
ORD001727,2025-05-01,CUST0019,P012,1,0.0,Credit Card,Completed,9000,6500,9000,9000.0,6500,2500.0
ORD001728,2026-02-08,CUST0023,P003,1,0.1,UPI,Completed,3000,2100,3000,2700.0,2100,600.0
ORD001729,2026-07-22,CUST0413,P010,1,0.2,Credit Card,Completed,22000,16000,22000,17600.0,16000,1600.0
ORD001730,2025-04-06,CUST1054,P009,1,0.0,UPI,Completed,12000,8500,12000,12000.0,8500,3500.0
ORD001731,2025-04-24,CUST0108,P010,2,0.0,UPI,Completed,22000,16000,44000,44000.0,32000,12000.0
ORD001732,2026-03-05,CUST1391,P003,2,0.05,Credit Card,Completed,3000,2100,6000,5700.0,4200,1500.0
ORD001733,2026-06-24,CUST1305,P008,1,0.1,UPI,Completed,16000,12500,16000,14400.0,12500,1900.0
ORD001734,2025-01-02,CUST1152,P002,1,0.0,UPI,Completed,18000,13500,18000,18000.0,13500,4500.0
ORD001735,2025-07-31,CUST1253,P014,1,0.0,UPI,Completed,2500,1600,2500,2500.0,1600,900.0
ORD001736,2026-08-03,CUST1135,P013,3,0.1,Credit Card,Completed,6000,4200,18000,16200.0,12600,3600.0
ORD001737,2025-11-29,CUST0136,P003,3,0.05,Debit Card,Cancelled,3000,2100,9000,8550.0,6300,2250.0
ORD001738,2025-01-24,CUST0362,P002,1,0.0,Credit Card,Completed,18000,13500,18000,18000.0,13500,4500.0
ORD001739,2026-01-03,CUST1210,P001,1,0.15,Debit Card,Completed,65000,52000,65000,55250.0,52000,3250.0
ORD001740,2026-05-21,CUST1680,P002,4,0.15,UPI,Completed,18000,13500,72000,61200.0,54000,7200.0
ORD001741,2025-06-25,CUST1608,P008,1,0.15,UPI,Completed,16000,12500,16000,13600.0,12500,1100.0
ORD001742,2026-03-05,CUST0129,P009,2,0.0,Net Banking,Completed,12000,8500,24000,24000.0,17000,7000.0
ORD001743,2026-03-18,CUST1285,P013,1,0.15,UPI,Completed,6000,4200,6000,5100.0,4200,900.0
ORD001744,2026-07-02,CUST0515,P002,2,0.1,Credit Card,Completed,18000,13500,36000,32400.0,27000,5400.0
ORD001745,2026-05-29,CUST0449,P007,5,0.0,Net Banking,Completed,28000,22000,140000,140000.0,110000,30000.0
ORD001746,2025-12-27,CUST1128,P015,5,0.1,Credit Card,Completed,2200,1400,11000,9900.0,7000,2900.0
ORD001747,2025-10-01,CUST1507,P005,3,0.0,UPI,Completed,4500,3000,13500,13500.0,9000,4500.0
ORD001748,2025-06-26,CUST1248,P003,1,0.1,Net Banking,Completed,3000,2100,3000,2700.0,2100,600.0
ORD001749,2025-09-21,CUST0874,P009,2,0.1,UPI,Completed,12000,8500,24000,21600.0,17000,4600.0
ORD001750,2025-07-05,CUST1515,P015,1,0.1,Debit Card,Completed,2200,1400,2200,1980.0,1400,580.0
ORD001751,2026-06-11,CUST0473,P006,5,0.0,UPI,Completed,35000,28500,175000,175000.0,142500,32500.0
ORD001752,2025-10-06,CUST1034,P011,2,0.1,Credit Card,Completed,4000,2600,8000,7200.0,5200,2000.0
ORD001753,2025-07-17,CUST1429,P001,1,0.0,Credit Card,Completed,65000,52000,65000,65000.0,52000,13000.0
ORD001754,2025-12-15,CUST0302,P005,1,0.15,Credit Card,Completed,4500,3000,4500,3825.0,3000,825.0
ORD001755,2026-02-25,CUST0231,P007,2,0.1,Debit Card,Completed,28000,22000,56000,50400.0,44000,6400.0
ORD001756,2025-11-01,CUST1755,P004,5,0.0,Net Banking,Completed,1500,950,7500,7500.0,4750,2750.0
ORD001757,2025-03-05,CUST0923,P008,2,0.0,UPI,Completed,16000,12500,32000,32000.0,25000,7000.0
ORD001758,2025-10-17,CUST1090,P010,1,0.1,Net Banking,Completed,22000,16000,22000,19800.0,16000,3800.0
ORD001759,2025-01-18,CUST0937,P005,1,0.05,UPI,Completed,4500,3000,4500,4275.0,3000,1275.0
ORD001760,2025-03-05,CUST0112,P009,1,0.1,UPI,Completed,12000,8500,12000,10800.0,8500,2300.0
ORD001761,2025-11-26,CUST1037,P009,4,0.0,Cash,Completed,12000,8500,48000,48000.0,34000,14000.0
ORD001762,2025-01-17,CUST1417,P009,5,0.1,Credit Card,Completed,12000,8500,60000,54000.0,42500,11500.0
ORD001763,2026-03-19,CUST0500,P001,4,0.0,UPI,Completed,65000,52000,260000,260000.0,208000,52000.0
ORD001764,2025-05-21,CUST0932,P002,2,0.05,Credit Card,Completed,18000,13500,36000,34200.0,27000,7200.0
ORD001765,2025-11-04,CUST0598,P003,2,0.2,UPI,Completed,3000,2100,6000,4800.0,4200,600.0
ORD001766,2026-03-20,CUST0234,P014,2,0.1,Credit Card,Completed,2500,1600,5000,4500.0,3200,1300.0
ORD001767,2026-05-11,CUST0602,P004,2,0.0,Debit Card,Completed,1500,950,3000,3000.0,1900,1100.0
ORD001768,2026-03-02,CUST0314,P010,2,0.2,Net Banking,Completed,22000,16000,44000,35200.0,32000,3200.0
ORD001769,2026-04-20,CUST0566,P009,1,0.0,UPI,Completed,12000,8500,12000,12000.0,8500,3500.0
ORD001770,2025-09-02,CUST1036,P010,2,0.1,UPI,Completed,22000,16000,44000,39600.0,32000,7600.0
ORD001771,2026-03-26,CUST0209,P013,1,0.05,UPI,Completed,6000,4200,6000,5700.0,4200,1500.0
ORD001772,2025-12-17,CUST1038,P006,1,0.0,UPI,Completed,35000,28500,35000,35000.0,28500,6500.0
ORD001773,2026-08-22,CUST1657,P001,3,0.0,Net Banking,Completed,65000,52000,195000,195000.0,156000,39000.0
ORD001774,2025-06-10,CUST1442,P012,4,0.0,Net Banking,Completed,9000,6500,36000,36000.0,26000,10000.0
ORD001775,2025-05-20,CUST1461,P009,2,0.15,Debit Card,Completed,12000,8500,24000,20400.0,17000,3400.0
ORD001776,2026-05-08,CUST1401,P006,1,0.15,Debit Card,Completed,35000,28500,35000,29750.0,28500,1250.0
ORD001777,2026-08-11,CUST1044,P004,4,0.05,Net Banking,Completed,1500,950,6000,5700.0,3800,1900.0
ORD001778,2026-06-15,CUST0587,P014,2,0.0,UPI,Completed,2500,1600,5000,5000.0,3200,1800.0
ORD001779,2026-01-28,CUST1779,P004,1,0.15,UPI,Completed,1500,950,1500,1275.0,950,325.0
ORD001780,2026-02-05,CUST1759,P003,2,0.05,UPI,Completed,3000,2100,6000,5700.0,4200,1500.0
ORD001781,2025-02-19,CUST1015,P007,1,0.05,Net Banking,Completed,28000,22000,28000,26600.0,22000,4600.0
ORD001782,2025-10-22,CUST1094,P003,1,0.05,Credit Card,Completed,3000,2100,3000,2850.0,2100,750.0
ORD001783,2026-03-01,CUST1235,P002,3,0.05,Credit Card,Completed,18000,13500,54000,51300.0,40500,10800.0
ORD001784,2025-01-12,CUST1125,P010,1,0.05,UPI,Completed,22000,16000,22000,20900.0,16000,4900.0
ORD001785,2025-12-01,CUST0698,P008,1,0.1,Debit Card,Completed,16000,12500,16000,14400.0,12500,1900.0
ORD001786,2025-01-15,CUST0132,P004,1,0.05,Net Banking,Completed,1500,950,1500,1425.0,950,475.0
ORD001787,2025-01-28,CUST1647,P008,1,0.15,UPI,Completed,16000,12500,16000,13600.0,12500,1100.0
ORD001788,2026-01-23,CUST1405,P001,1,0.0,Debit Card,Completed,65000,52000,65000,65000.0,52000,13000.0
ORD001789,2025-10-19,CUST1156,P015,1,0.05,UPI,Completed,2200,1400,2200,2090.0,1400,690.0
ORD001790,2025-09-07,CUST1044,P005,1,0.0,Net Banking,Completed,4500,3000,4500,4500.0,3000,1500.0
ORD001791,2026-05-20,CUST0536,P013,1,0.1,Credit Card,Completed,6000,4200,6000,5400.0,4200,1200.0
ORD001792,2025-04-08,CUST1014,P009,1,0.0,UPI,Completed,12000,8500,12000,12000.0,8500,3500.0
ORD001793,2025-12-03,CUST0227,P001,1,0.0,Credit Card,Completed,65000,52000,65000,65000.0,52000,13000.0
ORD001794,2025-02-08,CUST1178,P011,2,0.1,UPI,Completed,4000,2600,8000,7200.0,5200,2000.0
ORD001795,2025-02-07,CUST1766,P013,2,0.0,Net Banking,Completed,6000,4200,12000,12000.0,8400,3600.0
ORD001796,2025-10-27,CUST1493,P004,1,0.1,Cash,Completed,1500,950,1500,1350.0,950,400.0
ORD001797,2025-06-28,CUST0822,P006,2,0.2,Credit Card,Completed,35000,28500,70000,56000.0,57000,-1000.0
ORD001798,2026-09-01,CUST0871,P010,5,0.05,UPI,Completed,22000,16000,110000,104500.0,80000,24500.0
ORD001799,2026-04-14,CUST0405,P008,4,0.0,Debit Card,Completed,16000,12500,64000,64000.0,50000,14000.0
ORD001800,2025-10-09,CUST0202,P014,1,0.0,Credit Card,Completed,2500,1600,2500,2500.0,1600,900.0
ORD001801,2025-06-13,CUST0038,P003,3,0.1,UPI,Completed,3000,2100,9000,8100.0,6300,1800.0
ORD001802,2026-03-29,CUST0942,P005,1,0.05,UPI,Completed,4500,3000,4500,4275.0,3000,1275.0
ORD001803,2025-04-07,CUST1796,P007,1,0.1,Net Banking,Completed,28000,22000,28000,25200.0,22000,3200.0
ORD001804,2025-11-05,CUST0188,P001,1,0.1,Net Banking,Completed,65000,52000,65000,58500.0,52000,6500.0
ORD001805,2025-09-19,CUST1081,P015,1,0.05,Net Banking,Completed,2200,1400,2200,2090.0,1400,690.0
ORD001806,2025-10-20,CUST0941,P007,2,0.1,Credit Card,Completed,28000,22000,56000,50400.0,44000,6400.0
ORD001807,2025-09-06,CUST1044,P013,2,0.0,Debit Card,Completed,6000,4200,12000,12000.0,8400,3600.0
ORD001808,2025-09-02,CUST0273,P012,2,0.05,Credit Card,Completed,9000,6500,18000,17100.0,13000,4100.0
ORD001809,2025-09-08,CUST1143,P011,1,0.1,Credit Card,Cancelled,4000,2600,4000,3600.0,2600,1000.0
ORD001810,2025-05-03,CUST0583,P008,1,0.0,Net Banking,Completed,16000,12500,16000,16000.0,12500,3500.0
ORD001811,2025-11-21,CUST0516,P008,1,0.0,Cash,Completed,16000,12500,16000,16000.0,12500,3500.0
ORD001812,2026-05-16,CUST1245,P009,1,0.1,Net Banking,Completed,12000,8500,12000,10800.0,8500,2300.0
ORD001813,2025-03-07,CUST0526,P006,5,0.1,Debit Card,Completed,35000,28500,175000,157500.0,142500,15000.0
ORD001814,2025-02-28,CUST1539,P012,3,0.05,Debit Card,Completed,9000,6500,27000,25650.0,19500,6150.0
ORD001815,2026-05-13,CUST1752,P006,5,0.1,Debit Card,Cancelled,35000,28500,175000,157500.0,142500,15000.0
ORD001816,2026-01-08,CUST1765,P002,2,0.05,Net Banking,Completed,18000,13500,36000,34200.0,27000,7200.0
ORD001817,2025-09-23,CUST0336,P003,1,0.15,Credit Card,Completed,3000,2100,3000,2550.0,2100,450.0
ORD001818,2025-08-24,CUST0698,P004,1,0.1,UPI,Completed,1500,950,1500,1350.0,950,400.0
ORD001819,2025-08-06,CUST1079,P004,2,0.0,Debit Card,Cancelled,1500,950,3000,3000.0,1900,1100.0
ORD001820,2026-06-11,CUST0500,P008,1,0.05,Net Banking,Completed,16000,12500,16000,15200.0,12500,2700.0
ORD001821,2026-03-17,CUST0900,P014,3,0.1,UPI,Completed,2500,1600,7500,6750.0,4800,1950.0
ORD001822,2026-02-10,CUST0766,P001,1,0.15,Net Banking,Completed,65000,52000,65000,55250.0,52000,3250.0
ORD001823,2026-08-24,CUST0536,P010,1,0.0,UPI,Completed,22000,16000,22000,22000.0,16000,6000.0
ORD001824,2026-08-12,CUST0162,P014,3,0.05,Net Banking,Completed,2500,1600,7500,7125.0,4800,2325.0
ORD001825,2026-04-14,CUST1694,P004,3,0.0,Debit Card,Completed,1500,950,4500,4500.0,2850,1650.0
ORD001826,2025-04-20,CUST0594,P011,1,0.0,Credit Card,Completed,4000,2600,4000,4000.0,2600,1400.0
ORD001827,2025-12-19,CUST0159,P012,2,0.1,Debit Card,Completed,9000,6500,18000,16200.0,13000,3200.0
ORD001828,2025-04-01,CUST1212,P013,1,0.0,Net Banking,Completed,6000,4200,6000,6000.0,4200,1800.0
ORD001829,2026-02-18,CUST0060,P011,2,0.1,Net Banking,Completed,4000,2600,8000,7200.0,5200,2000.0
ORD001830,2025-03-14,CUST0915,P011,1,0.15,Net Banking,Completed,4000,2600,4000,3400.0,2600,800.0
ORD001831,2026-07-01,CUST1343,P004,1,0.2,UPI,Completed,1500,950,1500,1200.0,950,250.0
ORD001832,2025-10-25,CUST0211,P001,2,0.0,UPI,Completed,65000,52000,130000,130000.0,104000,26000.0
ORD001833,2025-10-10,CUST0406,P003,1,0.1,Net Banking,Completed,3000,2100,3000,2700.0,2100,600.0
ORD001834,2026-05-20,CUST0664,P005,2,0.15,Net Banking,Completed,4500,3000,9000,7650.0,6000,1650.0
ORD001835,2025-07-17,CUST1133,P006,3,0.0,UPI,Completed,35000,28500,105000,105000.0,85500,19500.0
ORD001836,2025-02-01,CUST1100,P009,1,0.05,UPI,Completed,12000,8500,12000,11400.0,8500,2900.0
ORD001837,2025-12-07,CUST0542,P009,2,0.15,UPI,Completed,12000,8500,24000,20400.0,17000,3400.0
ORD001838,2025-11-30,CUST1338,P009,2,0.0,Credit Card,Completed,12000,8500,24000,24000.0,17000,7000.0
ORD001839,2025-05-23,CUST0998,P011,1,0.15,Debit Card,Completed,4000,2600,4000,3400.0,2600,800.0
ORD001840,2026-02-14,CUST1141,P001,2,0.05,UPI,Completed,65000,52000,130000,123500.0,104000,19500.0
ORD001841,2025-02-13,CUST0927,P012,2,0.0,UPI,Completed,9000,6500,18000,18000.0,13000,5000.0
ORD001842,2025-02-01,CUST0868,P009,2,0.05,Net Banking,Completed,12000,8500,24000,22800.0,17000,5800.0
ORD001843,2025-01-28,CUST1728,P013,4,0.0,UPI,Completed,6000,4200,24000,24000.0,16800,7200.0
ORD001844,2026-02-27,CUST0019,P008,2,0.0,Debit Card,Completed,16000,12500,32000,32000.0,25000,7000.0
ORD001845,2026-05-06,CUST0432,P002,5,0.05,Credit Card,Completed,18000,13500,90000,85500.0,67500,18000.0
ORD001846,2025-06-09,CUST1709,P013,2,0.05,Debit Card,Completed,6000,4200,12000,11400.0,8400,3000.0
ORD001847,2025-07-26,CUST0740,P011,1,0.05,UPI,Completed,4000,2600,4000,3800.0,2600,1200.0
ORD001848,2025-01-18,CUST1374,P001,1,0.0,UPI,Completed,65000,52000,65000,65000.0,52000,13000.0
ORD001849,2025-04-13,CUST0183,P001,1,0.1,Credit Card,Completed,65000,52000,65000,58500.0,52000,6500.0
ORD001850,2026-08-05,CUST0113,P012,2,0.05,Net Banking,Completed,9000,6500,18000,17100.0,13000,4100.0
ORD001851,2026-09-23,CUST1207,P006,2,0.1,Credit Card,Completed,35000,28500,70000,63000.0,57000,6000.0
ORD001852,2025-08-20,CUST0481,P009,1,0.1,UPI,Completed,12000,8500,12000,10800.0,8500,2300.0
ORD001853,2026-02-28,CUST1170,P007,1,0.0,Net Banking,Completed,28000,22000,28000,28000.0,22000,6000.0
ORD001854,2026-07-01,CUST0831,P005,1,0.0,UPI,Completed,4500,3000,4500,4500.0,3000,1500.0
ORD001855,2025-08-27,CUST1652,P011,1,0.15,Net Banking,Completed,4000,2600,4000,3400.0,2600,800.0
ORD001856,2025-11-30,CUST1137,P002,2,0.1,UPI,Returned,18000,13500,36000,32400.0,27000,5400.0
ORD001857,2025-05-29,CUST0763,P001,3,0.0,Credit Card,Completed,65000,52000,195000,195000.0,156000,39000.0
ORD001858,2026-09-15,CUST0476,P002,4,0.1,UPI,Completed,18000,13500,72000,64800.0,54000,10800.0
ORD001859,2026-02-12,CUST0763,P001,1,0.0,Credit Card,Completed,65000,52000,65000,65000.0,52000,13000.0
ORD001860,2025-01-17,CUST1327,P003,2,0.0,Credit Card,Completed,3000,2100,6000,6000.0,4200,1800.0
ORD001861,2025-08-14,CUST0971,P006,2,0.05,Credit Card,Completed,35000,28500,70000,66500.0,57000,9500.0
ORD001862,2025-09-17,CUST1020,P013,4,0.0,UPI,Completed,6000,4200,24000,24000.0,16800,7200.0
ORD001863,2026-08-27,CUST1142,P008,2,0.2,Net Banking,Completed,16000,12500,32000,25600.0,25000,600.0
ORD001864,2025-06-23,CUST0161,P003,1,0.15,Net Banking,Completed,3000,2100,3000,2550.0,2100,450.0
ORD001865,2025-07-24,CUST0401,P010,1,0.1,Debit Card,Returned,22000,16000,22000,19800.0,16000,3800.0
ORD001866,2026-02-19,CUST0198,P009,2,0.0,Credit Card,Completed,12000,8500,24000,24000.0,17000,7000.0
ORD001867,2026-05-23,CUST1284,P010,2,0.0,Debit Card,Completed,22000,16000,44000,44000.0,32000,12000.0
ORD001868,2025-06-02,CUST0660,P005,3,0.05,UPI,Completed,4500,3000,13500,12825.0,9000,3825.0
ORD001869,2025-04-13,CUST1776,P007,1,0.05,Net Banking,Completed,28000,22000,28000,26600.0,22000,4600.0
ORD001870,2025-03-06,CUST1071,P008,4,0.0,UPI,Completed,16000,12500,64000,64000.0,50000,14000.0
ORD001871,2025-04-27,CUST0399,P003,1,0.05,Debit Card,Completed,3000,2100,3000,2850.0,2100,750.0
ORD001872,2025-06-05,CUST1734,P002,5,0.05,Debit Card,Completed,18000,13500,90000,85500.0,67500,18000.0
ORD001873,2025-03-23,CUST1583,P002,3,0.15,Debit Card,Completed,18000,13500,54000,45900.0,40500,5400.0
ORD001874,2026-06-02,CUST0078,P005,2,0.15,Net Banking,Completed,4500,3000,9000,7650.0,6000,1650.0
ORD001875,2025-03-08,CUST0124,P015,2,0.05,UPI,Completed,2200,1400,4400,4180.0,2800,1380.0
ORD001876,2025-08-26,CUST0075,P001,1,0.1,Debit Card,Completed,65000,52000,65000,58500.0,52000,6500.0
ORD001877,2026-08-07,CUST0137,P015,1,0.0,Credit Card,Completed,2200,1400,2200,2200.0,1400,800.0
ORD001878,2026-08-30,CUST0602,P002,1,0.0,UPI,Completed,18000,13500,18000,18000.0,13500,4500.0
ORD001879,2025-11-22,CUST1424,P013,1,0.15,Credit Card,Completed,6000,4200,6000,5100.0,4200,900.0
ORD001880,2026-08-13,CUST0837,P009,2,0.1,Net Banking,Completed,12000,8500,24000,21600.0,17000,4600.0
ORD001881,2025-03-08,CUST1529,P007,1,0.0,UPI,Completed,28000,22000,28000,28000.0,22000,6000.0
ORD001882,2025-06-25,CUST0500,P015,3,0.05,Credit Card,Completed,2200,1400,6600,6270.0,4200,2070.0
ORD001883,2026-04-23,CUST1597,P015,1,0.15,Credit Card,Completed,2200,1400,2200,1870.0,1400,470.0
ORD001884,2025-09-12,CUST0138,P006,2,0.0,Debit Card,Completed,35000,28500,70000,70000.0,57000,13000.0
ORD001885,2025-03-04,CUST0050,P009,2,0.0,Net Banking,Completed,12000,8500,24000,24000.0,17000,7000.0
ORD001886,2026-02-07,CUST1795,P007,1,0.15,UPI,Completed,28000,22000,28000,23800.0,22000,1800.0
ORD001887,2025-07-11,CUST0973,P014,1,0.05,Credit Card,Completed,2500,1600,2500,2375.0,1600,775.0
ORD001888,2025-11-25,CUST1643,P011,1,0.05,Credit Card,Completed,4000,2600,4000,3800.0,2600,1200.0
ORD001889,2025-03-12,CUST1649,P005,3,0.0,UPI,Completed,4500,3000,13500,13500.0,9000,4500.0
ORD001890,2025-03-04,CUST0254,P015,2,0.15,Net Banking,Completed,2200,1400,4400,3740.0,2800,940.0
ORD001891,2025-10-24,CUST1654,P009,1,0.1,UPI,Completed,12000,8500,12000,10800.0,8500,2300.0
ORD001892,2025-09-02,CUST0710,P006,3,0.05,UPI,Completed,35000,28500,105000,99750.0,85500,14250.0
ORD001893,2026-06-03,CUST0563,P006,1,0.0,Debit Card,Completed,35000,28500,35000,35000.0,28500,6500.0
ORD001894,2026-01-28,CUST0757,P011,2,0.05,UPI,Completed,4000,2600,8000,7600.0,5200,2400.0
ORD001895,2026-08-24,CUST1450,P004,1,0.0,Debit Card,Completed,1500,950,1500,1500.0,950,550.0
ORD001896,2025-06-26,CUST0547,P013,2,0.0,Net Banking,Completed,6000,4200,12000,12000.0,8400,3600.0
ORD001897,2025-07-23,CUST1326,P012,4,0.05,UPI,Completed,9000,6500,36000,34200.0,26000,8200.0
ORD001898,2026-08-17,CUST0922,P001,2,0.0,UPI,Completed,65000,52000,130000,130000.0,104000,26000.0
ORD001899,2026-06-17,CUST0581,P005,1,0.2,UPI,Completed,4500,3000,4500,3600.0,3000,600.0
ORD001900,2025-05-08,CUST1373,P011,1,0.0,UPI,Completed,4000,2600,4000,4000.0,2600,1400.0
ORD001901,2025-07-14,CUST0049,P009,3,0.05,UPI,Completed,12000,8500,36000,34200.0,25500,8700.0
ORD001902,2025-07-13,CUST0917,P013,1,0.0,Net Banking,Completed,6000,4200,6000,6000.0,4200,1800.0
ORD001903,2025-07-03,CUST1098,P008,1,0.1,Debit Card,Completed,16000,12500,16000,14400.0,12500,1900.0
ORD001904,2025-09-04,CUST0704,P008,2,0.0,UPI,Completed,16000,12500,32000,32000.0,25000,7000.0
ORD001905,2025-11-20,CUST0261,P005,1,0.05,Net Banking,Completed,4500,3000,4500,4275.0,3000,1275.0
ORD001906,2025-06-09,CUST0356,P012,1,0.1,UPI,Completed,9000,6500,9000,8100.0,6500,1600.0
ORD001907,2026-09-14,CUST1606,P009,4,0.2,Debit Card,Completed,12000,8500,48000,38400.0,34000,4400.0
ORD001908,2025-03-07,CUST1626,P003,2,0.1,UPI,Completed,3000,2100,6000,5400.0,4200,1200.0
ORD001909,2025-09-11,CUST1284,P003,1,0.0,UPI,Cancelled,3000,2100,3000,3000.0,2100,900.0
ORD001910,2025-10-10,CUST0638,P001,2,0.0,Debit Card,Completed,65000,52000,130000,130000.0,104000,26000.0
ORD001911,2025-03-01,CUST0743,P009,3,0.1,Credit Card,Completed,12000,8500,36000,32400.0,25500,6900.0
ORD001912,2025-04-28,CUST1319,P006,1,0.0,Credit Card,Completed,35000,28500,35000,35000.0,28500,6500.0
ORD001913,2026-02-27,CUST1010,P002,2,0.05,Credit Card,Completed,18000,13500,36000,34200.0,27000,7200.0
ORD001914,2026-07-10,CUST0931,P008,3,0.2,UPI,Completed,16000,12500,48000,38400.0,37500,900.0
ORD001915,2025-02-05,CUST0641,P012,1,,Debit Card,Completed,9000,6500,9000,8100.0,6500,1600.0
ORD001916,2026-06-15,CUST0792,P009,2,0.1,Net Banking,Completed,12000,8500,24000,21600.0,17000,4600.0
ORD001917,2025-04-01,CUST1337,P009,1,0.15,UPI,Completed,12000,8500,12000,10200.0,8500,1700.0
ORD001918,2025-10-28,CUST0612,P002,2,0.1,Credit Card,Completed,18000,13500,36000,32400.0,27000,5400.0
ORD001919,2025-08-05,CUST0809,P002,3,0.1,Credit Card,Completed,18000,13500,54000,48600.0,40500,8100.0
ORD001920,2025-04-08,CUST1206,P013,1,0.05,Debit Card,Cancelled,6000,4200,6000,5700.0,4200,1500.0
ORD001921,2026-04-01,CUST0686,P007,3,0.2,Credit Card,Completed,28000,22000,84000,67200.0,66000,1200.0
ORD001922,2026-06-15,CUST1388,P011,3,0.0,Debit Card,Completed,4000,2600,12000,12000.0,7800,4200.0
ORD001923,2026-06-22,CUST0188,P004,1,0.05,Cash,Completed,1500,950,1500,1425.0,950,475.0
ORD001924,2025-01-28,CUST1593,P013,2,0.0,Credit Card,Completed,6000,4200,12000,12000.0,8400,3600.0
ORD001925,2026-07-30,CUST1567,P001,1,0.0,Credit Card,Completed,65000,52000,65000,65000.0,52000,13000.0
ORD001926,2025-11-20,CUST1620,P008,4,0.05,Debit Card,Completed,16000,12500,64000,60800.0,50000,10800.0
ORD001927,2025-08-11,CUST1688,P002,2,0.05,Credit Card,Completed,18000,13500,36000,34200.0,27000,7200.0
ORD001928,2025-03-21,CUST0985,P014,2,0.05,Credit Card,Completed,2500,1600,5000,4750.0,3200,1550.0
ORD001929,2026-07-17,CUST0548,P003,2,0.05,Debit Card,Completed,3000,2100,6000,5700.0,4200,1500.0
ORD001930,2026-04-03,CUST0725,P005,2,0.05,Debit Card,Completed,4500,3000,9000,8550.0,6000,2550.0
ORD001931,2026-09-06,CUST0926,P014,3,0.0,Credit Card,Completed,2500,1600,7500,7500.0,4800,2700.0
ORD001932,2025-06-25,CUST1432,P003,2,0.05,UPI,Completed,3000,2100,6000,5700.0,4200,1500.0
ORD001933,2026-06-06,CUST0876,P007,4,0.1,Credit Card,Completed,28000,22000,112000,100800.0,88000,12800.0
ORD001934,2026-04-02,CUST0618,P007,2,0.0,Net Banking,Completed,28000,22000,56000,56000.0,44000,12000.0
ORD001935,2026-02-27,CUST0414,P014,1,0.05,Net Banking,Completed,2500,1600,2500,2375.0,1600,775.0
ORD001936,2025-04-10,CUST1366,P002,4,0.05,Debit Card,Completed,18000,13500,72000,68400.0,54000,14400.0
ORD001937,2026-02-07,CUST1244,P013,2,0.15,Debit Card,Completed,6000,4200,12000,10200.0,8400,1800.0
ORD001938,2026-07-30,CUST0903,P013,2,0.1,UPI,Completed,6000,4200,12000,10800.0,8400,2400.0
ORD001939,2026-01-15,CUST0163,P007,5,0.0,Credit Card,Completed,28000,22000,140000,140000.0,110000,30000.0
ORD001940,2026-06-15,CUST1244,P011,1,0.15,UPI,Completed,4000,2600,4000,3400.0,2600,800.0
ORD001941,2025-11-28,CUST0270,P006,1,0.1,Net Banking,Completed,35000,28500,35000,31500.0,28500,3000.0
ORD001942,2025-11-14,CUST0632,P010,1,0.1,UPI,Completed,22000,16000,22000,19800.0,16000,3800.0
ORD001943,2026-06-21,CUST0906,P009,2,0.05,Debit Card,Completed,12000,8500,24000,22800.0,17000,5800.0
ORD001944,2025-03-30,CUST1424,P013,3,0.1,Net Banking,Completed,6000,4200,18000,16200.0,12600,3600.0
ORD001945,2026-08-27,CUST1206,P009,4,0.05,Net Banking,Completed,12000,8500,48000,45600.0,34000,11600.0
ORD001946,2026-05-26,CUST1642,P002,1,0.1,Debit Card,Completed,18000,13500,18000,16200.0,13500,2700.0
ORD001947,2025-02-11,CUST1753,P007,3,0.15,Credit Card,Completed,28000,22000,84000,71400.0,66000,5400.0
ORD001948,2026-01-24,CUST0205,P005,4,0.15,Credit Card,Completed,4500,3000,18000,15300.0,12000,3300.0
ORD001949,2025-03-22,CUST0582,P013,2,0.05,UPI,Completed,6000,4200,12000,11400.0,8400,3000.0
ORD001950,2026-02-06,CUST1580,P006,1,0.15,UPI,Completed,35000,28500,35000,29750.0,28500,1250.0
ORD001951,2025-04-17,CUST0841,P001,2,0.0,UPI,Completed,65000,52000,130000,130000.0,104000,26000.0
ORD001952,2025-04-21,CUST1252,P007,4,0.0,UPI,Completed,28000,22000,112000,112000.0,88000,24000.0
ORD001953,2025-10-04,CUST1720,P006,5,0.05,Net Banking,Completed,35000,28500,175000,166250.0,142500,23750.0
ORD001954,2025-08-02,CUST1643,P004,2,0.1,UPI,Completed,1500,950,3000,2700.0,1900,800.0
ORD001955,2026-05-21,CUST0596,P001,3,0.0,Debit Card,Completed,65000,52000,195000,195000.0,156000,39000.0
ORD001956,2025-05-01,CUST0250,P009,1,0.05,UPI,Completed,12000,8500,12000,11400.0,8500,2900.0
ORD001957,2025-05-14,CUST0875,P004,1,0.0,Cash,Completed,1500,950,1500,1500.0,950,550.0
ORD001958,2026-01-06,CUST1465,P002,4,0.1,Credit Card,Completed,18000,13500,72000,64800.0,54000,10800.0
ORD001959,2025-09-14,CUST1557,P008,1,0.15,Credit Card,Completed,16000,12500,16000,13600.0,12500,1100.0
ORD001960,2025-06-29,CUST0196,P002,1,0.1,Credit Card,Completed,18000,13500,18000,16200.0,13500,2700.0
ORD001961,2025-02-17,CUST0690,P005,1,0.05,Net Banking,Completed,4500,3000,4500,4275.0,3000,1275.0
ORD001962,2026-08-22,CUST1543,P011,2,0.2,UPI,Completed,4000,2600,8000,6400.0,5200,1200.0
ORD001963,2025-01-19,CUST1094,P006,2,0.1,Net Banking,Completed,35000,28500,70000,63000.0,57000,6000.0
ORD001964,2025-02-15,CUST0639,P011,1,0.1,Debit Card,Completed,4000,2600,4000,3600.0,2600,1000.0
ORD001965,2026-03-27,CUST1423,P013,4,0.1,UPI,Completed,6000,4200,24000,21600.0,16800,4800.0
ORD001966,2025-02-25,CUST0672,P008,4,0.2,UPI,Completed,16000,12500,64000,51200.0,50000,1200.0
ORD001967,2025-04-02,CUST1784,P011,1,0.1,Debit Card,Completed,4000,2600,4000,3600.0,2600,1000.0
ORD001968,2025-03-23,CUST1227,P001,1,0.05,UPI,Completed,65000,52000,65000,61750.0,52000,9750.0
ORD001969,2025-03-20,CUST1172,P001,2,0.05,Net Banking,Completed,65000,52000,130000,123500.0,104000,19500.0
ORD001970,2025-10-10,CUST1496,P012,2,0.1,UPI,Completed,9000,6500,18000,16200.0,13000,3200.0
ORD001971,2025-11-07,CUST1679,P004,1,0.05,Debit Card,Completed,1500,950,1500,1425.0,950,475.0
ORD001972,2025-06-09,CUST0944,P005,1,0.1,Debit Card,Completed,4500,3000,4500,4050.0,3000,1050.0
ORD001973,2025-11-12,CUST0199,P013,1,0.0,Debit Card,Completed,6000,4200,6000,6000.0,4200,1800.0
ORD001974,2025-06-05,CUST1450,P015,1,0.05,UPI,Completed,2200,1400,2200,2090.0,1400,690.0
ORD001975,2026-04-13,CUST1690,P013,1,0.05,Net Banking,Cancelled,6000,4200,6000,5700.0,4200,1500.0
ORD001976,2026-04-07,CUST0492,P009,2,0.1,Debit Card,Completed,12000,8500,24000,21600.0,17000,4600.0
ORD001977,2025-04-27,CUST0896,P011,2,0.1,Credit Card,Completed,4000,2600,8000,7200.0,5200,2000.0
ORD001978,2025-12-30,CUST0142,P014,3,0.0,Debit Card,Completed,2500,1600,7500,7500.0,4800,2700.0
ORD001979,2026-09-23,CUST1337,P007,1,0.0,Credit Card,Completed,28000,22000,28000,28000.0,22000,6000.0
ORD001980,2026-04-11,CUST0165,P007,3,0.0,Net Banking,Completed,28000,22000,84000,84000.0,66000,18000.0
ORD001981,2025-07-03,CUST0314,P008,1,0.0,Net Banking,Cancelled,16000,12500,16000,16000.0,12500,3500.0
ORD001982,2025-06-15,CUST0021,P015,1,0.0,UPI,Completed,2200,1400,2200,2200.0,1400,800.0
ORD001983,2025-03-16,CUST1106,P005,3,0.1,UPI,Completed,4500,3000,13500,12150.0,9000,3150.0
ORD001984,2025-09-29,CUST1605,P005,2,0.15,Cash,Completed,4500,3000,9000,7650.0,6000,1650.0
ORD001985,2026-05-18,CUST1155,P001,1,0.05,UPI,Completed,65000,52000,65000,61750.0,52000,9750.0
ORD001986,2026-07-17,CUST1623,P014,2,0.05,Cash,Completed,2500,1600,5000,4750.0,3200,1550.0
ORD001987,2026-08-10,CUST1754,P009,4,0.1,Debit Card,Completed,12000,8500,48000,43200.0,34000,9200.0
ORD001988,2025-12-09,CUST0984,P006,2,0.2,UPI,Completed,35000,28500,70000,56000.0,57000,-1000.0
ORD001989,2026-09-27,CUST0305,P009,3,0.15,UPI,Completed,12000,8500,36000,30600.0,25500,5100.0
ORD001990,2025-09-08,CUST0371,P003,5,0.0,Credit Card,Completed,3000,2100,15000,15000.0,10500,4500.0
ORD001991,2025-05-10,CUST0853,P005,2,0.0,Net Banking,Completed,4500,3000,9000,9000.0,6000,3000.0
ORD001992,2025-12-24,CUST0384,P002,2,0.0,UPI,Completed,18000,13500,36000,36000.0,27000,9000.0
ORD001993,2026-02-12,CUST0445,P010,1,0.1,UPI,Completed,22000,16000,22000,19800.0,16000,3800.0
ORD001994,2026-05-10,CUST0425,P005,1,0.1,Net Banking,Cancelled,4500,3000,4500,4050.0,3000,1050.0
ORD001995,2026-09-14,CUST0161,P015,2,0.0,UPI,Completed,2200,1400,4400,4400.0,2800,1600.0
ORD001996,2026-04-27,CUST1202,P013,3,0.15,Credit Card,Completed,6000,4200,18000,15300.0,12600,2700.0
ORD001997,2025-03-19,CUST0629,P013,1,0.05,Credit Card,Completed,6000,4200,6000,5700.0,4200,1500.0
ORD001998,2026-05-29,CUST1732,P013,4,0.2,UPI,Completed,6000,4200,24000,19200.0,16800,2400.0
ORD001999,2025-11-17,CUST0895,P015,1,0.0,UPI,Completed,2200,1400,2200,2200.0,1400,800.0
ORD002000,2025-10-17,CUST0490,P014,2,0.0,Credit Card,Completed,2500,1600,5000,5000.0,3200,1800.0
ORD002001,2025-10-24,CUST1017,P008,1,0.0,UPI,Completed,16000,12500,16000,16000.0,12500,3500.0
ORD002002,2026-04-20,CUST0327,P011,2,0.0,Credit Card,Cancelled,4000,2600,8000,8000.0,5200,2800.0
ORD002003,2025-01-23,CUST0598,P002,3,0.1,Debit Card,Completed,18000,13500,54000,48600.0,40500,8100.0
ORD002004,2025-06-21,CUST1015,P008,1,0.0,Debit Card,Completed,16000,12500,16000,16000.0,12500,3500.0
ORD002005,2025-11-14,CUST0289,P004,1,0.1,Credit Card,Cancelled,1500,950,1500,1350.0,950,400.0
ORD002006,2025-07-12,CUST0593,P010,2,0.0,Credit Card,Completed,22000,16000,44000,44000.0,32000,12000.0
ORD002007,2025-04-28,CUST1688,P010,2,0.0,UPI,Cancelled,22000,16000,44000,44000.0,32000,12000.0
ORD002008,2025-01-06,CUST1597,P015,3,0.1,UPI,Completed,2200,1400,6600,5940.0,4200,1740.0
ORD002009,2026-04-28,CUST0573,P001,4,0.2,Credit Card,Cancelled,65000,52000,260000,208000.0,208000,0.0
ORD002010,2025-05-12,CUST1378,P013,1,0.05,Net Banking,Completed,6000,4200,6000,5700.0,4200,1500.0
ORD002011,2025-04-03,CUST0028,P005,2,0.2,UPI,Completed,4500,3000,9000,7200.0,6000,1200.0
ORD002012,2026-06-06,CUST0954,P013,2,0.1,Credit Card,Completed,6000,4200,12000,10800.0,8400,2400.0
ORD002013,2026-07-17,CUST0043,P001,5,0.05,Debit Card,Completed,65000,52000,325000,308750.0,260000,48750.0
ORD002014,2025-10-21,CUST1705,P007,4,0.1,Debit Card,Completed,28000,22000,112000,100800.0,88000,12800.0
ORD002015,2026-01-27,CUST0423,P008,2,0.0,Cash,Completed,16000,12500,32000,32000.0,25000,7000.0
ORD002016,2025-09-06,CUST1622,P003,2,0.0,UPI,Completed,3000,2100,6000,6000.0,4200,1800.0
ORD002017,2026-09-06,CUST0177,P003,1,0.1,UPI,Completed,3000,2100,3000,2700.0,2100,600.0
ORD002018,2026-08-18,CUST0529,P007,1,0.05,UPI,Cancelled,28000,22000,28000,26600.0,22000,4600.0
ORD002019,2026-02-21,CUST1634,P004,2,0.0,UPI,Completed,1500,950,3000,3000.0,1900,1100.0
ORD002020,2025-05-23,CUST0966,P003,2,0.0,Credit Card,Completed,3000,2100,6000,6000.0,4200,1800.0
ORD002021,2025-08-25,CUST1518,P015,2,0.1,Net Banking,Completed,2200,1400,4400,3960.0,2800,1160.0
ORD002022,2025-10-14,CUST0198,P008,2,0.1,Debit Card,Completed,16000,12500,32000,28800.0,25000,3800.0
ORD002023,2025-10-04,CUST0610,P003,1,0.05,UPI,Completed,3000,2100,3000,2850.0,2100,750.0
ORD002024,2026-01-22,CUST1601,P013,2,0.15,UPI,Completed,6000,4200,12000,10200.0,8400,1800.0
ORD002025,2026-01-17,CUST0842,P014,1,0.05,Net Banking,Completed,2500,1600,2500,2375.0,1600,775.0
ORD002026,2026-03-26,CUST0853,P007,1,0.1,Credit Card,Completed,28000,22000,28000,25200.0,22000,3200.0
ORD002027,2025-10-18,CUST1541,P002,1,0.15,Net Banking,Completed,18000,13500,18000,15300.0,13500,1800.0
ORD002028,2025-06-18,CUST1538,P011,3,0.1,Debit Card,Completed,4000,2600,12000,10800.0,7800,3000.0
ORD002029,2026-03-19,CUST0022,P011,1,0.05,Cash,Completed,4000,2600,4000,3800.0,2600,1200.0
ORD002030,2025-07-03,CUST1136,P001,3,0.1,Net Banking,Completed,65000,52000,195000,175500.0,156000,19500.0
ORD002031,2025-02-14,CUST1081,P012,1,0.05,Credit Card,Completed,9000,6500,9000,8550.0,6500,2050.0
ORD002032,2025-09-25,CUST1090,P006,1,0.1,Debit Card,Completed,35000,28500,35000,31500.0,28500,3000.0
ORD002033,2026-04-21,CUST0842,P008,4,0.0,Credit Card,Completed,16000,12500,64000,64000.0,50000,14000.0
ORD002034,2025-09-10,CUST0098,P001,2,0.05,UPI,Cancelled,65000,52000,130000,123500.0,104000,19500.0
ORD002035,2026-01-31,CUST1168,P013,1,0.0,UPI,Completed,6000,4200,6000,6000.0,4200,1800.0
ORD002036,2025-10-16,CUST0435,P010,1,0.0,Credit Card,Completed,22000,16000,22000,22000.0,16000,6000.0
ORD002037,2025-07-31,CUST0637,P012,4,0.05,UPI,Completed,9000,6500,36000,34200.0,26000,8200.0
ORD002038,2025-01-21,CUST1703,P009,1,0.15,UPI,Completed,12000,8500,12000,10200.0,8500,1700.0
ORD002039,2025-11-12,CUST1110,P015,2,0.0,Credit Card,Completed,2200,1400,4400,4400.0,2800,1600.0
ORD002040,2026-07-18,CUST0588,P003,1,0.0,Cash,Completed,3000,2100,3000,3000.0,2100,900.0
ORD002041,2026-03-14,CUST0344,P003,1,0.05,Credit Card,Completed,3000,2100,3000,2850.0,2100,750.0
ORD002042,2026-02-27,CUST1318,P004,1,0.1,Credit Card,Completed,1500,950,1500,1350.0,950,400.0
ORD002043,2025-08-21,CUST0571,P011,2,0.0,UPI,Completed,4000,2600,8000,8000.0,5200,2800.0
ORD002044,2025-05-03,CUST1674,P015,2,0.0,UPI,Completed,2200,1400,4400,4400.0,2800,1600.0
ORD002045,2026-09-04,CUST0611,P001,1,0.05,Debit Card,Completed,65000,52000,65000,61750.0,52000,9750.0
ORD002046,2025-08-02,CUST1728,P009,3,0.1,Net Banking,Completed,12000,8500,36000,32400.0,25500,6900.0
ORD002047,2026-08-23,CUST0243,P011,3,0.0,Credit Card,Completed,4000,2600,12000,12000.0,7800,4200.0
ORD002048,2025-02-09,CUST0561,P003,4,0.0,Credit Card,Completed,3000,2100,12000,12000.0,8400,3600.0
ORD002049,2025-11-28,CUST0960,P013,1,0.1,Debit Card,Completed,6000,4200,6000,5400.0,4200,1200.0
ORD002050,2025-07-01,CUST0032,P010,1,0.0,UPI,Completed,22000,16000,22000,22000.0,16000,6000.0
ORD002051,2025-09-22,CUST0391,P004,3,0.0,Credit Card,Cancelled,1500,950,4500,4500.0,2850,1650.0
ORD002052,2026-06-17,CUST0277,P001,1,0.05,Debit Card,Completed,65000,52000,65000,61750.0,52000,9750.0
ORD002053,2026-03-08,CUST0532,P004,1,0.2,Debit Card,Returned,1500,950,1500,1200.0,950,250.0
ORD002054,2025-07-15,CUST1178,P013,3,0.0,UPI,Completed,6000,4200,18000,18000.0,12600,5400.0
ORD002055,2026-05-24,CUST0383,P001,1,0.05,UPI,Completed,65000,52000,65000,61750.0,52000,9750.0
ORD002056,2026-03-23,CUST1092,P005,1,0.05,Debit Card,Completed,4500,3000,4500,4275.0,3000,1275.0
ORD002057,2026-06-12,CUST0884,P005,1,0.15,UPI,Completed,4500,3000,4500,3825.0,3000,825.0
ORD002058,2025-07-21,CUST0214,P014,3,0.0,Net Banking,Completed,2500,1600,7500,7500.0,4800,2700.0
ORD002059,2026-08-28,CUST1679,P011,1,0.05,UPI,Completed,4000,2600,4000,3800.0,2600,1200.0
ORD002060,2025-05-13,CUST0376,P007,3,0.1,UPI,Completed,28000,22000,84000,75600.0,66000,9600.0
ORD002061,2025-05-19,CUST0744,P014,2,0.2,UPI,Completed,2500,1600,5000,4000.0,3200,800.0
ORD002062,2026-05-08,CUST0213,P008,2,0.1,Net Banking,Completed,16000,12500,32000,28800.0,25000,3800.0
ORD002063,2025-03-11,CUST0079,P004,1,0.05,Net Banking,Completed,1500,950,1500,1425.0,950,475.0
ORD002064,2025-01-15,CUST1750,P007,1,0.05,Net Banking,Completed,28000,22000,28000,26600.0,22000,4600.0
ORD002065,2025-07-31,CUST0628,P004,2,0.05,Credit Card,Completed,1500,950,3000,2850.0,1900,950.0
ORD002066,2025-03-01,CUST0604,P003,1,0.1,Net Banking,Returned,3000,2100,3000,2700.0,2100,600.0
ORD002067,2025-09-09,CUST0782,P015,4,0.1,Net Banking,Completed,2200,1400,8800,7920.0,5600,2320.0
ORD002068,2026-03-22,CUST1405,P006,2,0.1,Credit Card,Completed,35000,28500,70000,63000.0,57000,6000.0
ORD002069,2025-01-02,CUST1001,P004,2,0.05,Cash,Completed,1500,950,3000,2850.0,1900,950.0
ORD002070,2025-12-02,CUST0680,P014,1,0.1,Net Banking,Completed,2500,1600,2500,2250.0,1600,650.0
ORD002071,2025-01-19,CUST0058,P003,3,0.15,Cash,Completed,3000,2100,9000,7650.0,6300,1350.0
ORD002072,2026-07-15,CUST1050,P015,1,0.15,Net Banking,Completed,2200,1400,2200,1870.0,1400,470.0
ORD002073,2025-03-19,CUST0881,P015,1,0.1,Debit Card,Completed,2200,1400,2200,1980.0,1400,580.0
ORD002074,2026-04-17,CUST0447,P009,3,0.1,Net Banking,Completed,12000,8500,36000,32400.0,25500,6900.0
ORD002075,2025-01-28,CUST0066,P005,2,0.05,Credit Card,Completed,4500,3000,9000,8550.0,6000,2550.0
ORD002076,2026-07-14,CUST1784,P013,2,0.0,Net Banking,Completed,6000,4200,12000,12000.0,8400,3600.0
ORD002077,2026-08-31,CUST1278,P014,2,0.0,UPI,Completed,2500,1600,5000,5000.0,3200,1800.0
ORD002078,2025-06-14,CUST1068,P007,2,0.05,Debit Card,Completed,28000,22000,56000,53200.0,44000,9200.0
ORD002079,2026-04-03,CUST1121,P012,1,0.0,Net Banking,Completed,9000,6500,9000,9000.0,6500,2500.0
ORD002080,2025-06-25,CUST1578,P014,1,0.05,Debit Card,Completed,2500,1600,2500,2375.0,1600,775.0
ORD002081,2026-08-08,CUST1012,P006,3,0.1,Net Banking,Completed,35000,28500,105000,94500.0,85500,9000.0
ORD002082,2025-01-29,CUST0227,P010,1,0.05,Credit Card,Completed,22000,16000,22000,20900.0,16000,4900.0
ORD002083,2025-10-06,CUST0774,P015,2,0.0,Credit Card,Completed,2200,1400,4400,4400.0,2800,1600.0
ORD002084,2025-10-10,CUST0679,P005,1,0.0,UPI,Completed,4500,3000,4500,4500.0,3000,1500.0
ORD002085,2026-04-24,CUST1460,P007,1,0.0,UPI,Completed,28000,22000,28000,28000.0,22000,6000.0
ORD002086,2026-06-03,CUST0601,P011,1,0.0,Debit Card,Completed,4000,2600,4000,4000.0,2600,1400.0
ORD002087,2025-11-01,CUST0379,P006,2,0.2,Credit Card,Completed,35000,28500,70000,56000.0,57000,-1000.0
ORD002088,2025-04-19,CUST1202,P010,2,0.0,UPI,Completed,22000,16000,44000,44000.0,32000,12000.0
ORD002089,2025-11-20,CUST1451,P002,1,0.0,UPI,Completed,18000,13500,18000,18000.0,13500,4500.0
ORD002090,2025-07-25,CUST0709,P013,1,0.0,UPI,Completed,6000,4200,6000,6000.0,4200,1800.0
ORD002091,2025-08-22,CUST0307,P013,4,0.1,Debit Card,Completed,6000,4200,24000,21600.0,16800,4800.0
ORD002092,2026-04-03,CUST0779,P013,1,0.1,Debit Card,Completed,6000,4200,6000,5400.0,4200,1200.0
ORD002093,2025-07-06,CUST0504,P003,3,0.0,UPI,Completed,3000,2100,9000,9000.0,6300,2700.0
ORD002094,2026-04-27,CUST0268,P002,4,0.15,Debit Card,Completed,18000,13500,72000,61200.0,54000,7200.0
ORD002095,2026-02-11,CUST1610,P012,5,0.1,UPI,Completed,9000,6500,45000,40500.0,32500,8000.0
ORD002096,2026-05-24,CUST0008,P003,3,0.0,Debit Card,Completed,3000,2100,9000,9000.0,6300,2700.0
ORD002097,2026-06-04,CUST0508,P001,1,0.05,UPI,Completed,65000,52000,65000,61750.0,52000,9750.0
ORD002098,2025-02-22,CUST0476,P008,4,0.05,Cash,Completed,16000,12500,64000,60800.0,50000,10800.0
ORD002099,2026-02-02,CUST1321,P006,3,0.0,UPI,Completed,35000,28500,105000,105000.0,85500,19500.0
ORD002100,2025-07-18,CUST0164,P013,3,0.1,Debit Card,Completed,6000,4200,18000,16200.0,12600,3600.0
ORD002101,2026-01-26,CUST0485,P002,1,0.0,Credit Card,Completed,18000,13500,18000,18000.0,13500,4500.0
ORD002102,2026-05-13,CUST1621,P008,4,0.05,UPI,Returned,16000,12500,64000,60800.0,50000,10800.0
ORD002103,2025-06-21,CUST1096,P006,3,0.05,UPI,Completed,35000,28500,105000,99750.0,85500,14250.0
ORD002104,2025-03-27,CUST0567,P007,3,0.05,Credit Card,Completed,28000,22000,84000,79800.0,66000,13800.0
ORD002105,2026-07-12,CUST0905,P011,1,0.15,Net Banking,Completed,4000,2600,4000,3400.0,2600,800.0
ORD002106,2025-07-05,CUST0559,P001,1,0.0,UPI,Completed,65000,52000,65000,65000.0,52000,13000.0
ORD002107,2025-06-05,CUST0238,P007,4,0.0,Debit Card,Completed,28000,22000,112000,112000.0,88000,24000.0
ORD002108,2026-05-08,CUST1128,P003,2,0.1,Debit Card,Completed,3000,2100,6000,5400.0,4200,1200.0
ORD002109,2026-06-05,CUST1234,P011,1,0.0,UPI,Completed,4000,2600,4000,4000.0,2600,1400.0
ORD002110,2026-09-19,CUST0554,P012,3,0.0,UPI,Completed,9000,6500,27000,27000.0,19500,7500.0
ORD002111,2025-05-10,CUST0828,P008,1,0.05,Net Banking,Completed,16000,12500,16000,15200.0,12500,2700.0
ORD002112,2025-03-22,CUST0468,P006,1,0.0,UPI,Completed,35000,28500,35000,35000.0,28500,6500.0
ORD002113,2026-01-19,CUST1478,P004,1,0.05,UPI,Completed,1500,950,1500,1425.0,950,475.0
ORD002114,2025-10-22,CUST1292,P011,1,0.0,Debit Card,Returned,4000,2600,4000,4000.0,2600,1400.0
ORD002115,2025-09-26,CUST0386,P008,1,0.0,UPI,Returned,16000,12500,16000,16000.0,12500,3500.0
ORD002116,2026-07-16,CUST0775,P009,1,0.05,Credit Card,Completed,12000,8500,12000,11400.0,8500,2900.0
ORD002117,2026-06-19,CUST0848,P010,1,0.0,UPI,Completed,22000,16000,22000,22000.0,16000,6000.0
ORD002118,2026-01-13,CUST0387,P002,2,0.2,Cash,Completed,18000,13500,36000,28800.0,27000,1800.0
ORD002119,2026-01-11,CUST0877,P015,4,0.0,Credit Card,Completed,2200,1400,8800,8800.0,5600,3200.0
ORD002120,2025-03-29,CUST0259,P006,2,0.1,Cash,Completed,35000,28500,70000,63000.0,57000,6000.0
ORD002121,2026-09-16,CUST0283,P005,1,0.1,Credit Card,Completed,4500,3000,4500,4050.0,3000,1050.0
ORD002122,2025-04-21,CUST1650,P005,1,0.0,UPI,Completed,4500,3000,4500,4500.0,3000,1500.0
ORD002123,2026-08-07,CUST0040,P010,3,0.1,Net Banking,Completed,22000,16000,66000,59400.0,48000,11400.0
ORD002124,2025-06-03,CUST0486,P011,5,0.1,UPI,Completed,4000,2600,20000,18000.0,13000,5000.0
ORD002125,2026-04-08,CUST0929,P003,1,0.0,Credit Card,Completed,3000,2100,3000,3000.0,2100,900.0
ORD002126,2026-07-23,CUST0220,P012,1,0.2,UPI,Completed,9000,6500,9000,7200.0,6500,700.0
ORD002127,2025-06-05,CUST1153,P008,2,0.0,Cash,Completed,16000,12500,32000,32000.0,25000,7000.0
ORD002128,2026-09-17,CUST1015,P014,3,0.0,UPI,Completed,2500,1600,7500,7500.0,4800,2700.0
ORD002129,2025-11-14,CUST1024,P008,1,0.1,Debit Card,Completed,16000,12500,16000,14400.0,12500,1900.0
ORD002130,2026-07-13,CUST1544,P012,2,0.0,Credit Card,Completed,9000,6500,18000,18000.0,13000,5000.0
ORD002131,2025-08-26,CUST0613,P005,2,0.1,UPI,Completed,4500,3000,9000,8100.0,6000,2100.0
ORD002132,2025-11-30,CUST0928,P008,4,0.15,UPI,Completed,16000,12500,64000,54400.0,50000,4400.0
ORD002133,2025-04-16,CUST0688,P010,1,0.2,Net Banking,Completed,22000,16000,22000,17600.0,16000,1600.0
ORD002134,2026-04-27,CUST1643,P015,5,0.05,Debit Card,Completed,2200,1400,11000,10450.0,7000,3450.0
ORD002135,2026-01-17,CUST0613,P008,1,0.2,Debit Card,Completed,16000,12500,16000,12800.0,12500,300.0
ORD002136,2025-09-18,CUST0260,P003,2,0.05,Credit Card,Completed,3000,2100,6000,5700.0,4200,1500.0
ORD002137,2025-10-20,CUST0990,P002,2,0.0,UPI,Completed,18000,13500,36000,36000.0,27000,9000.0
ORD002138,2025-12-01,CUST0966,P009,2,0.05,Debit Card,Completed,12000,8500,24000,22800.0,17000,5800.0
ORD002139,2026-04-21,CUST0366,P002,2,0.1,Debit Card,Completed,18000,13500,36000,32400.0,27000,5400.0
ORD002140,2025-08-13,CUST1782,P009,1,0.05,Debit Card,Completed,12000,8500,12000,11400.0,8500,2900.0
ORD002141,2026-07-09,CUST0544,P004,1,0.05,Credit Card,Completed,1500,950,1500,1425.0,950,475.0
ORD002142,2026-03-30,CUST0649,P012,2,0.05,Cash,Completed,9000,6500,18000,17100.0,13000,4100.0
ORD002143,2025-10-23,CUST1548,P013,2,0.05,UPI,Completed,6000,4200,12000,11400.0,8400,3000.0
ORD002144,2026-07-29,CUST0814,P002,1,0.2,UPI,Completed,18000,13500,18000,14400.0,13500,900.0
ORD002145,2026-04-08,CUST1040,P010,4,0.05,Net Banking,Completed,22000,16000,88000,83600.0,64000,19600.0
ORD002146,2025-08-02,CUST1153,P001,1,0.0,Debit Card,Completed,65000,52000,65000,65000.0,52000,13000.0
ORD002147,2026-08-08,CUST0575,P004,1,0.1,UPI,Completed,1500,950,1500,1350.0,950,400.0
ORD002148,2026-09-08,CUST1133,P009,1,0.0,Debit Card,Completed,12000,8500,12000,12000.0,8500,3500.0
ORD002149,2025-06-07,CUST1013,P012,2,0.1,Credit Card,Completed,9000,6500,18000,16200.0,13000,3200.0
ORD002150,2025-09-29,CUST1557,P009,1,0.0,UPI,Completed,12000,8500,12000,12000.0,8500,3500.0
ORD002151,2025-08-26,CUST0670,P004,2,0.0,Debit Card,Completed,1500,950,3000,3000.0,1900,1100.0
ORD002152,2025-10-30,CUST0269,P009,1,0.0,UPI,Completed,12000,8500,12000,12000.0,8500,3500.0
ORD002153,2026-09-13,CUST1186,P015,1,0.0,UPI,Completed,2200,1400,2200,2200.0,1400,800.0
ORD002154,2026-06-05,CUST1284,P012,3,0.1,UPI,Completed,9000,6500,27000,24300.0,19500,4800.0
ORD002155,2025-11-17,CUST0924,P006,2,0.05,Credit Card,Completed,35000,28500,70000,66500.0,57000,9500.0
ORD002156,2025-02-28,CUST1126,P001,1,0.15,UPI,Completed,65000,52000,65000,55250.0,52000,3250.0
ORD002157,2025-12-24,CUST1530,P010,1,0.05,Net Banking,Completed,22000,16000,22000,20900.0,16000,4900.0
ORD002158,2025-09-08,CUST1759,P013,3,0.0,Credit Card,Completed,6000,4200,18000,18000.0,12600,5400.0
ORD002159,2026-03-12,CUST1595,P014,1,0.1,UPI,Completed,2500,1600,2500,2250.0,1600,650.0
ORD002160,2025-05-26,CUST0247,P006,4,0.1,Debit Card,Completed,35000,28500,140000,126000.0,114000,12000.0
ORD002161,2025-12-18,CUST1664,P009,1,0.1,Net Banking,Completed,12000,8500,12000,10800.0,8500,2300.0
ORD002162,2026-07-24,CUST1561,P013,1,0.1,Debit Card,Completed,6000,4200,6000,5400.0,4200,1200.0
ORD002163,2025-09-02,CUST0131,P002,2,0.0,UPI,Completed,18000,13500,36000,36000.0,27000,9000.0
ORD002164,2026-07-14,CUST0353,P006,3,0.1,UPI,Completed,35000,28500,105000,94500.0,85500,9000.0
ORD002165,2025-10-28,CUST0196,P002,1,0.05,Net Banking,Completed,18000,13500,18000,17100.0,13500,3600.0
ORD002166,2026-03-14,CUST0930,P004,1,0.05,UPI,Completed,1500,950,1500,1425.0,950,475.0
ORD002167,2025-04-10,CUST1690,P015,1,0.15,UPI,Completed,2200,1400,2200,1870.0,1400,470.0
ORD002168,2026-04-25,CUST1406,P008,4,0.05,Debit Card,Completed,16000,12500,64000,60800.0,50000,10800.0
ORD002169,2026-02-19,CUST1022,P013,2,0.1,UPI,Completed,6000,4200,12000,10800.0,8400,2400.0
ORD002170,2025-06-14,CUST0645,P007,1,0.05,Cash,Completed,28000,22000,28000,26600.0,22000,4600.0
ORD002171,2026-09-30,CUST0227,P011,1,0.0,Net Banking,Completed,4000,2600,4000,4000.0,2600,1400.0
ORD002172,2025-10-29,CUST0701,P012,1,0.05,Debit Card,Completed,9000,6500,9000,8550.0,6500,2050.0
ORD002173,2025-05-01,CUST1500,P013,1,0.05,Net Banking,Completed,6000,4200,6000,5700.0,4200,1500.0
ORD002174,2025-03-29,CUST1501,P009,1,0.05,Credit Card,Completed,12000,8500,12000,11400.0,8500,2900.0
ORD002175,2025-08-05,CUST0265,P007,2,0.05,Net Banking,Completed,28000,22000,56000,53200.0,44000,9200.0
ORD002176,2026-07-27,CUST1396,P001,1,0.1,Debit Card,Completed,65000,52000,65000,58500.0,52000,6500.0
ORD002177,2025-06-28,CUST1510,P002,1,0.0,UPI,Completed,18000,13500,18000,18000.0,13500,4500.0
ORD002178,2025-06-12,CUST1458,P006,2,0.0,Net Banking,Completed,35000,28500,70000,70000.0,57000,13000.0
ORD002179,2026-08-16,CUST0646,P007,1,0.1,Net Banking,Completed,28000,22000,28000,25200.0,22000,3200.0
ORD002180,2025-06-19,CUST0211,P003,1,0.15,Cash,Completed,3000,2100,3000,2550.0,2100,450.0
ORD002181,2025-10-28,CUST1596,P009,1,0.05,Debit Card,Cancelled,12000,8500,12000,11400.0,8500,2900.0
ORD002182,2026-01-09,CUST1401,P013,1,0.15,Credit Card,Completed,6000,4200,6000,5100.0,4200,900.0
ORD002183,2025-07-22,CUST1419,P015,3,0.0,UPI,Returned,2200,1400,6600,6600.0,4200,2400.0
ORD002184,2025-02-16,CUST1474,P007,2,0.0,UPI,Completed,28000,22000,56000,56000.0,44000,12000.0
ORD002185,2026-04-08,CUST0943,P014,1,0.1,UPI,Completed,2500,1600,2500,2250.0,1600,650.0
ORD002186,2026-02-12,CUST1388,P006,1,0.15,UPI,Completed,35000,28500,35000,29750.0,28500,1250.0
ORD002187,2025-07-13,CUST0457,P013,1,0.0,Credit Card,Completed,6000,4200,6000,6000.0,4200,1800.0
ORD002188,2026-03-03,CUST0725,P006,2,0.0,Debit Card,Completed,35000,28500,70000,70000.0,57000,13000.0
ORD002189,2025-11-13,CUST1752,P001,2,0.0,UPI,Completed,65000,52000,130000,130000.0,104000,26000.0
ORD002190,2026-04-24,CUST1250,P013,2,0.0,Credit Card,Completed,6000,4200,12000,12000.0,8400,3600.0
ORD002191,2026-02-25,CUST0982,P005,1,0.1,UPI,Completed,4500,3000,4500,4050.0,3000,1050.0
ORD002192,2025-09-26,CUST1155,P010,1,0.05,Debit Card,Completed,22000,16000,22000,20900.0,16000,4900.0
ORD002193,2026-04-26,CUST0588,P003,2,0.05,Cash,Completed,3000,2100,6000,5700.0,4200,1500.0
ORD002194,2025-09-20,CUST0476,P007,3,0.05,Debit Card,Completed,28000,22000,84000,79800.0,66000,13800.0
ORD002195,2026-03-02,CUST0986,P010,4,0.15,UPI,Completed,22000,16000,88000,74800.0,64000,10800.0
ORD002196,2025-06-15,CUST1301,P003,1,0.0,Credit Card,Completed,3000,2100,3000,3000.0,2100,900.0
ORD002197,2026-03-04,CUST0156,P005,2,0.1,Debit Card,Completed,4500,3000,9000,8100.0,6000,2100.0
ORD002198,2026-02-01,CUST1784,P007,2,0.15,Credit Card,Completed,28000,22000,56000,47600.0,44000,3600.0
ORD002199,2025-08-04,CUST1242,P014,4,0.0,Cash,Completed,2500,1600,10000,10000.0,6400,3600.0
ORD002200,2025-04-17,CUST0190,P003,1,0.1,UPI,Completed,3000,2100,3000,2700.0,2100,600.0
ORD002201,2025-04-08,CUST1441,P013,2,0.1,UPI,Completed,6000,4200,12000,10800.0,8400,2400.0
ORD002202,2026-04-27,CUST0981,P013,1,0.0,UPI,Completed,6000,4200,6000,6000.0,4200,1800.0
ORD002203,2026-05-14,CUST1699,P010,2,0.0,Debit Card,Completed,22000,16000,44000,44000.0,32000,12000.0
ORD002204,2025-08-18,CUST1716,P002,1,0.1,Credit Card,Completed,18000,13500,18000,16200.0,13500,2700.0
ORD002205,2025-09-14,CUST0546,P006,3,0.05,UPI,Completed,35000,28500,105000,99750.0,85500,14250.0
ORD002206,2025-02-12,CUST0041,P008,3,0.05,UPI,Completed,16000,12500,48000,45600.0,37500,8100.0
ORD002207,2025-08-30,CUST0307,P004,1,0.0,Credit Card,Completed,1500,950,1500,1500.0,950,550.0
ORD002208,2026-07-08,CUST0943,P009,2,0.1,Cash,Completed,12000,8500,24000,21600.0,17000,4600.0
ORD002209,2025-04-05,CUST0338,P012,1,0.0,Credit Card,Completed,9000,6500,9000,9000.0,6500,2500.0
ORD002210,2025-07-07,CUST1338,P012,1,0.05,UPI,Completed,9000,6500,9000,8550.0,6500,2050.0
ORD002211,2026-01-20,CUST1099,P015,1,0.05,Credit Card,Completed,2200,1400,2200,2090.0,1400,690.0
ORD002212,2026-02-04,CUST0953,P008,1,0.1,UPI,Completed,16000,12500,16000,14400.0,12500,1900.0
ORD002213,2026-05-21,CUST0279,P007,3,0.0,Credit Card,Completed,28000,22000,84000,84000.0,66000,18000.0
ORD002214,2025-06-16,CUST1200,P014,1,0.0,Credit Card,Completed,2500,1600,2500,2500.0,1600,900.0
ORD002215,2025-05-05,CUST0896,P007,2,0.0,Debit Card,Completed,28000,22000,56000,56000.0,44000,12000.0
ORD002216,2025-03-28,CUST1686,P003,3,0.0,Net Banking,Completed,3000,2100,9000,9000.0,6300,2700.0
ORD002217,2026-05-04,CUST0273,P014,4,0.0,UPI,Completed,2500,1600,10000,10000.0,6400,3600.0
ORD002218,2025-08-14,CUST0837,P006,3,0.1,Net Banking,Completed,35000,28500,105000,94500.0,85500,9000.0
ORD002219,2025-12-11,CUST0620,P013,1,0.1,Net Banking,Completed,6000,4200,6000,5400.0,4200,1200.0
ORD002220,2026-06-02,CUST1675,P013,3,0.1,Credit Card,Completed,6000,4200,18000,16200.0,12600,3600.0
ORD002221,2025-01-31,CUST0862,P005,1,0.05,UPI,Completed,4500,3000,4500,4275.0,3000,1275.0
ORD002222,2025-10-23,CUST0931,P001,4,0.0,Net Banking,Completed,65000,52000,260000,260000.0,208000,52000.0
ORD002223,2026-02-18,CUST0289,P011,2,0.2,Debit Card,Completed,4000,2600,8000,6400.0,5200,1200.0
ORD002224,2025-05-15,CUST0724,P003,3,0.0,UPI,Completed,3000,2100,9000,9000.0,6300,2700.0
ORD002225,2026-06-09,CUST0893,P013,1,0.1,Credit Card,Completed,6000,4200,6000,5400.0,4200,1200.0
ORD002226,2025-01-04,CUST0272,P012,2,0.15,Credit Card,Completed,9000,6500,18000,15300.0,13000,2300.0
ORD002227,2025-06-27,CUST1090,P001,3,0.1,UPI,Completed,65000,52000,195000,175500.0,156000,19500.0
ORD002228,2025-09-16,CUST0483,P004,3,0.0,Debit Card,Completed,1500,950,4500,4500.0,2850,1650.0
ORD002229,2025-03-06,CUST0936,P010,1,0.0,Debit Card,Completed,22000,16000,22000,22000.0,16000,6000.0
ORD002230,2025-12-29,CUST0248,P003,4,0.0,Net Banking,Completed,3000,2100,12000,12000.0,8400,3600.0
ORD002231,2025-01-17,CUST0156,P011,1,0.1,Credit Card,Completed,4000,2600,4000,3600.0,2600,1000.0
ORD002232,2025-07-19,CUST1071,P004,2,0.1,Credit Card,Completed,1500,950,3000,2700.0,1900,800.0
ORD002233,2026-06-28,CUST0454,P009,2,0.1,Debit Card,Completed,12000,8500,24000,21600.0,17000,4600.0
ORD002234,2025-07-31,CUST0201,P003,1,0.0,UPI,Completed,3000,2100,3000,3000.0,2100,900.0
ORD002235,2026-03-11,CUST1684,P012,1,0.1,Debit Card,Completed,9000,6500,9000,8100.0,6500,1600.0
ORD002236,2025-09-30,CUST0124,P006,3,0.1,Debit Card,Completed,35000,28500,105000,94500.0,85500,9000.0
ORD002237,2025-10-17,CUST0001,P006,1,0.0,Net Banking,Completed,35000,28500,35000,35000.0,28500,6500.0
ORD002238,2026-04-28,CUST0968,P007,1,0.0,Debit Card,Completed,28000,22000,28000,28000.0,22000,6000.0
ORD002239,2025-08-22,CUST1783,P009,3,0.1,Debit Card,Completed,12000,8500,36000,32400.0,25500,6900.0
ORD002240,2026-02-12,CUST0855,P012,3,0.05,UPI,Completed,9000,6500,27000,25650.0,19500,6150.0
ORD002241,2025-05-26,CUST0640,P007,2,0.0,Net Banking,Completed,28000,22000,56000,56000.0,44000,12000.0
ORD002242,2026-07-16,CUST0191,P014,1,0.0,Credit Card,Completed,2500,1600,2500,2500.0,1600,900.0
ORD002243,2026-03-06,CUST1603,P001,1,0.1,Cash,Completed,65000,52000,65000,58500.0,52000,6500.0
ORD002244,2026-03-08,CUST0516,P015,2,0.0,Credit Card,Completed,2200,1400,4400,4400.0,2800,1600.0
ORD002245,2026-09-07,CUST0442,P008,2,0.0,UPI,Completed,16000,12500,32000,32000.0,25000,7000.0
ORD002246,2026-06-29,CUST0143,P005,2,0.1,Net Banking,Completed,4500,3000,9000,8100.0,6000,2100.0
ORD002247,2026-05-12,CUST1215,P009,3,0.1,Net Banking,Completed,12000,8500,36000,32400.0,25500,6900.0
ORD002248,2025-03-30,CUST0533,P010,1,0.1,Net Banking,Completed,22000,16000,22000,19800.0,16000,3800.0
ORD002249,2026-02-15,CUST0227,P013,1,0.05,UPI,Returned,6000,4200,6000,5700.0,4200,1500.0
ORD002250,2025-08-29,CUST1337,P015,4,0.05,Net Banking,Completed,2200,1400,8800,8360.0,5600,2760.0
ORD002251,2025-08-11,CUST1653,P012,2,0.1,Credit Card,Completed,9000,6500,18000,16200.0,13000,3200.0
ORD002252,2026-04-13,CUST0949,P005,2,0.2,Credit Card,Completed,4500,3000,9000,7200.0,6000,1200.0
ORD002253,2026-07-23,CUST1326,P005,4,0.0,Net Banking,Completed,4500,3000,18000,18000.0,12000,6000.0
ORD002254,2025-11-18,CUST1678,P015,4,0.0,Debit Card,Completed,2200,1400,8800,8800.0,5600,3200.0
ORD002255,2026-01-10,CUST0460,P012,2,0.0,UPI,Completed,9000,6500,18000,18000.0,13000,5000.0
ORD002256,2025-04-22,CUST1425,P012,1,0.1,Credit Card,Returned,9000,6500,9000,8100.0,6500,1600.0
ORD002257,2026-06-11,CUST0551,P014,5,0.05,Debit Card,Returned,2500,1600,12500,11875.0,8000,3875.0
ORD002258,2026-02-16,CUST0393,P002,2,0.0,Net Banking,Completed,18000,13500,36000,36000.0,27000,9000.0
ORD002259,2025-09-26,CUST1788,P012,1,0.05,UPI,Completed,9000,6500,9000,8550.0,6500,2050.0
ORD002260,2026-09-18,CUST0845,P011,2,0.0,Net Banking,Completed,4000,2600,8000,8000.0,5200,2800.0
ORD002261,2025-09-09,CUST1231,P003,1,0.0,Net Banking,Completed,3000,2100,3000,3000.0,2100,900.0
ORD002262,2026-01-09,CUST0210,P010,3,0.2,UPI,Completed,22000,16000,66000,52800.0,48000,4800.0
ORD002263,2026-09-18,CUST1139,P009,2,0.1,UPI,Completed,12000,8500,24000,21600.0,17000,4600.0
ORD002264,2026-03-26,CUST1761,P007,3,0.0,Credit Card,Completed,28000,22000,84000,84000.0,66000,18000.0
ORD002265,2026-06-21,CUST0646,P001,3,0.0,Net Banking,Completed,65000,52000,195000,195000.0,156000,39000.0
ORD002266,2026-01-03,CUST1275,P003,3,0.0,Credit Card,Completed,3000,2100,9000,9000.0,6300,2700.0
ORD002267,2025-09-12,CUST0219,P012,2,0.1,Net Banking,Completed,9000,6500,18000,16200.0,13000,3200.0
ORD002268,2026-04-08,CUST0407,P002,3,0.05,Debit Card,Completed,18000,13500,54000,51300.0,40500,10800.0
ORD002269,2025-09-25,CUST1467,P001,1,0.2,Debit Card,Completed,65000,52000,65000,52000.0,52000,0.0
ORD002270,2025-05-06,CUST1627,P009,1,0.1,UPI,Completed,12000,8500,12000,10800.0,8500,2300.0
ORD002271,2026-01-28,CUST1378,P008,3,0.05,UPI,Cancelled,16000,12500,48000,45600.0,37500,8100.0
ORD002272,2025-11-30,CUST0888,P015,2,0.1,Debit Card,Completed,2200,1400,4400,3960.0,2800,1160.0
ORD002273,2026-07-19,CUST0558,P005,1,0.1,Debit Card,Completed,4500,3000,4500,4050.0,3000,1050.0
ORD002274,2026-01-03,CUST0550,P011,1,0.0,Credit Card,Completed,4000,2600,4000,4000.0,2600,1400.0
ORD002275,2026-07-09,CUST0142,P012,1,0.05,Credit Card,Completed,9000,6500,9000,8550.0,6500,2050.0
ORD002276,2026-07-08,CUST0612,P002,2,0.05,Debit Card,Completed,18000,13500,36000,34200.0,27000,7200.0
ORD002277,2026-04-01,CUST0501,P001,2,0.05,UPI,Completed,65000,52000,130000,123500.0,104000,19500.0
ORD002278,2025-03-08,CUST0840,P007,1,0.0,Debit Card,Completed,28000,22000,28000,28000.0,22000,6000.0
ORD002279,2025-03-07,CUST0702,P013,3,0.0,Credit Card,Completed,6000,4200,18000,18000.0,12600,5400.0
ORD002280,2026-08-18,CUST1571,P011,1,0.0,Debit Card,Completed,4000,2600,4000,4000.0,2600,1400.0
ORD002281,2026-09-09,CUST1683,P011,3,0.0,Credit Card,Completed,4000,2600,12000,12000.0,7800,4200.0
ORD002282,2026-02-04,CUST1566,P015,2,0.15,Debit Card,Completed,2200,1400,4400,3740.0,2800,940.0
ORD002283,2025-10-14,CUST1531,P002,2,0.1,UPI,Completed,18000,13500,36000,32400.0,27000,5400.0
ORD002284,2025-07-05,CUST0596,P001,1,0.1,Credit Card,Completed,65000,52000,65000,58500.0,52000,6500.0
ORD002285,2025-10-11,CUST0281,P002,1,0.05,Credit Card,Completed,18000,13500,18000,17100.0,13500,3600.0
ORD002286,2026-05-31,CUST0424,P007,3,0.1,Debit Card,Completed,28000,22000,84000,75600.0,66000,9600.0
ORD002287,2025-08-25,CUST0856,P007,1,0.2,Credit Card,Completed,28000,22000,28000,22400.0,22000,400.0
ORD002288,2025-01-18,CUST0270,P010,5,0.05,UPI,Completed,22000,16000,110000,104500.0,80000,24500.0
ORD002289,2026-02-18,CUST0154,P006,2,0.1,Cash,Completed,35000,28500,70000,63000.0,57000,6000.0
ORD002290,2025-01-09,CUST0614,P005,1,0.05,Credit Card,Completed,4500,3000,4500,4275.0,3000,1275.0
ORD002291,2026-02-24,CUST1751,P003,2,0.15,UPI,Completed,3000,2100,6000,5100.0,4200,900.0
ORD002292,2025-01-29,CUST0662,P014,1,0.15,Debit Card,Completed,2500,1600,2500,2125.0,1600,525.0
ORD002293,2025-12-14,CUST0083,P012,2,0.15,Debit Card,Completed,9000,6500,18000,15300.0,13000,2300.0
ORD002294,2026-07-30,CUST1646,P003,5,0.0,Credit Card,Completed,3000,2100,15000,15000.0,10500,4500.0
ORD002295,2026-03-26,CUST0947,P011,1,0.0,Debit Card,Completed,4000,2600,4000,4000.0,2600,1400.0
ORD002296,2026-01-15,CUST0899,P013,2,0.0,UPI,Completed,6000,4200,12000,12000.0,8400,3600.0
ORD002297,2026-01-01,CUST1450,P012,1,0.05,Credit Card,Completed,9000,6500,9000,8550.0,6500,2050.0
ORD002298,2025-08-15,CUST1299,P009,2,0.05,UPI,Completed,12000,8500,24000,22800.0,17000,5800.0
ORD002299,2025-04-28,CUST1737,P004,1,0.0,Credit Card,Completed,1500,950,1500,1500.0,950,550.0
ORD002300,2026-02-16,CUST0284,P009,1,0.1,Credit Card,Completed,12000,8500,12000,10800.0,8500,2300.0
ORD002301,2025-12-22,CUST0980,P004,5,0.0,Credit Card,Completed,1500,950,7500,7500.0,4750,2750.0
ORD002302,2025-09-11,CUST0173,P002,1,0.15,Credit Card,Completed,18000,13500,18000,15300.0,13500,1800.0
ORD002303,2026-06-27,CUST1351,P015,2,0.0,Credit Card,Completed,2200,1400,4400,4400.0,2800,1600.0
ORD002304,2026-03-20,CUST1742,P004,2,0.05,UPI,Returned,1500,950,3000,2850.0,1900,950.0
ORD002305,2025-03-22,CUST1087,P006,2,0.1,UPI,Completed,35000,28500,70000,63000.0,57000,6000.0
ORD002306,2025-02-15,CUST1097,P006,2,0.1,UPI,Completed,35000,28500,70000,63000.0,57000,6000.0
ORD002307,2025-02-18,CUST0763,P005,2,0.0,UPI,Completed,4500,3000,9000,9000.0,6000,3000.0
ORD002308,2026-03-25,CUST1660,P015,1,0.1,Debit Card,Completed,2200,1400,2200,1980.0,1400,580.0
ORD002309,2026-02-11,CUST1399,P015,4,0.05,Net Banking,Completed,2200,1400,8800,8360.0,5600,2760.0
ORD002310,2025-10-10,CUST0633,P001,3,0.15,Debit Card,Completed,65000,52000,195000,165750.0,156000,9750.0
ORD002311,2026-04-18,CUST1532,P003,1,0.15,Debit Card,Completed,3000,2100,3000,2550.0,2100,450.0
ORD002312,2026-02-20,CUST0787,P005,1,0.05,UPI,Returned,4500,3000,4500,4275.0,3000,1275.0
ORD002313,2026-08-23,CUST0943,P006,3,0.15,Debit Card,Completed,35000,28500,105000,89250.0,85500,3750.0
ORD002314,2025-05-01,CUST1012,P014,5,0.1,Debit Card,Completed,2500,1600,12500,11250.0,8000,3250.0
ORD002315,2025-01-03,CUST0398,P001,4,0.2,UPI,Completed,65000,52000,260000,208000.0,208000,0.0
ORD002316,2025-11-12,CUST1144,P014,3,0.15,Net Banking,Completed,2500,1600,7500,6375.0,4800,1575.0
ORD002317,2026-04-05,CUST0934,P014,1,0.1,UPI,Completed,2500,1600,2500,2250.0,1600,650.0
ORD002318,2025-08-15,CUST1461,P009,4,0.05,Credit Card,Completed,12000,8500,48000,45600.0,34000,11600.0
ORD002319,2025-03-20,CUST0676,P014,3,0.0,Credit Card,Completed,2500,1600,7500,7500.0,4800,2700.0
ORD002320,2026-06-28,CUST0936,P003,1,0.15,Net Banking,Completed,3000,2100,3000,2550.0,2100,450.0
ORD002321,2025-03-12,CUST0465,P010,1,0.1,Net Banking,Completed,22000,16000,22000,19800.0,16000,3800.0
ORD002322,2025-07-16,CUST0286,P013,1,0.0,Net Banking,Completed,6000,4200,6000,6000.0,4200,1800.0
ORD002323,2025-02-27,CUST0265,P003,2,0.0,Credit Card,Completed,3000,2100,6000,6000.0,4200,1800.0
ORD002324,2026-02-28,CUST0320,P011,1,0.1,Debit Card,Completed,4000,2600,4000,3600.0,2600,1000.0
ORD002325,2026-04-14,CUST0673,P002,1,0.05,UPI,Completed,18000,13500,18000,17100.0,13500,3600.0
ORD002326,2026-09-16,CUST1400,P008,1,0.0,Credit Card,Completed,16000,12500,16000,16000.0,12500,3500.0
ORD002327,2025-02-17,CUST0820,P015,1,0.0,Net Banking,Completed,2200,1400,2200,2200.0,1400,800.0
ORD002328,2026-03-11,CUST0089,P013,1,0.1,Credit Card,Completed,6000,4200,6000,5400.0,4200,1200.0
ORD002329,2025-07-04,CUST1678,P003,3,0.0,UPI,Completed,3000,2100,9000,9000.0,6300,2700.0
ORD002330,2025-06-14,CUST1227,P006,1,0.05,UPI,Completed,35000,28500,35000,33250.0,28500,4750.0
ORD002331,2025-11-27,CUST0821,P002,4,0.1,Credit Card,Completed,18000,13500,72000,64800.0,54000,10800.0
ORD002332,2025-11-26,CUST1763,P007,3,0.1,UPI,Completed,28000,22000,84000,75600.0,66000,9600.0
ORD002333,2025-05-01,CUST1001,P013,4,0.0,Credit Card,Completed,6000,4200,24000,24000.0,16800,7200.0
ORD002334,2025-08-01,CUST0334,P004,2,0.0,UPI,Completed,1500,950,3000,3000.0,1900,1100.0
ORD002335,2026-05-22,CUST0222,P009,1,0.05,UPI,Returned,12000,8500,12000,11400.0,8500,2900.0
ORD002336,2026-07-07,CUST0041,P014,1,0.1,UPI,Completed,2500,1600,2500,2250.0,1600,650.0
ORD002337,2025-06-17,CUST1732,P010,1,0.0,Net Banking,Completed,22000,16000,22000,22000.0,16000,6000.0
ORD002338,2026-06-30,CUST0068,P009,5,0.05,Debit Card,Completed,12000,8500,60000,57000.0,42500,14500.0
ORD002339,2026-03-03,CUST0988,P007,1,0.15,Debit Card,Completed,28000,22000,28000,23800.0,22000,1800.0
ORD002340,2025-08-09,CUST1800,P015,2,0.15,Debit Card,Completed,2200,1400,4400,3740.0,2800,940.0
ORD002341,2025-01-10,CUST0514,P012,3,0.05,Credit Card,Completed,9000,6500,27000,25650.0,19500,6150.0
ORD002342,2025-04-30,CUST1661,P008,4,0.0,Net Banking,Completed,16000,12500,64000,64000.0,50000,14000.0
ORD002343,2026-09-27,CUST1646,P003,2,0.0,Net Banking,Completed,3000,2100,6000,6000.0,4200,1800.0
ORD002344,2025-09-04,CUST1622,P011,2,0.0,UPI,Completed,4000,2600,8000,8000.0,5200,2800.0
ORD002345,2025-12-26,CUST1656,P005,1,0.0,UPI,Completed,4500,3000,4500,4500.0,3000,1500.0
ORD002346,2025-08-09,CUST1151,P002,2,0.05,Debit Card,Completed,18000,13500,36000,34200.0,27000,7200.0
ORD002347,2026-05-21,CUST1279,P010,1,0.05,UPI,Completed,22000,16000,22000,20900.0,16000,4900.0
ORD002348,2025-02-27,CUST0695,P007,3,0.0,Net Banking,Completed,28000,22000,84000,84000.0,66000,18000.0
ORD002349,2026-04-05,CUST1040,P013,2,0.15,Debit Card,Completed,6000,4200,12000,10200.0,8400,1800.0
ORD002350,2025-05-08,CUST0477,P008,1,0.1,Credit Card,Completed,16000,12500,16000,14400.0,12500,1900.0
ORD002351,2025-03-27,CUST1086,P009,4,0.05,Credit Card,Cancelled,12000,8500,48000,45600.0,34000,11600.0
ORD002352,2025-04-14,CUST0881,P011,2,0.2,Debit Card,Completed,4000,2600,8000,6400.0,5200,1200.0
ORD002353,2025-05-23,CUST0432,P011,3,0.1,UPI,Completed,4000,2600,12000,10800.0,7800,3000.0
ORD002354,2025-07-24,CUST1694,P007,3,0.15,Net Banking,Cancelled,28000,22000,84000,71400.0,66000,5400.0
ORD002355,2025-02-07,CUST0268,P010,3,0.0,UPI,Completed,22000,16000,66000,66000.0,48000,18000.0
ORD002356,2025-12-29,CUST1059,P015,1,0.0,Cash,Completed,2200,1400,2200,2200.0,1400,800.0
ORD002357,2026-09-13,CUST0779,P010,1,0.05,UPI,Completed,22000,16000,22000,20900.0,16000,4900.0
ORD002358,2025-11-05,CUST1600,P013,3,0.05,Debit Card,Completed,6000,4200,18000,17100.0,12600,4500.0
ORD002359,2025-02-21,CUST0494,P008,3,0.0,UPI,Completed,16000,12500,48000,48000.0,37500,10500.0
ORD002360,2025-01-01,CUST1586,P012,1,0.1,Credit Card,Completed,9000,6500,9000,8100.0,6500,1600.0
ORD002361,2025-01-11,CUST1493,P009,1,0.0,Debit Card,Completed,12000,8500,12000,12000.0,8500,3500.0
ORD002362,2025-08-02,CUST1791,P006,1,0.1,UPI,Completed,35000,28500,35000,31500.0,28500,3000.0
ORD002363,2026-07-10,CUST0661,P012,4,0.05,Credit Card,Completed,9000,6500,36000,34200.0,26000,8200.0
ORD002364,2026-06-02,CUST1349,P012,1,0.1,UPI,Completed,9000,6500,9000,8100.0,6500,1600.0
ORD002365,2026-02-19,CUST1328,P010,1,0.05,Credit Card,Completed,22000,16000,22000,20900.0,16000,4900.0
ORD002366,2025-01-08,CUST1300,P002,2,0.2,Credit Card,Cancelled,18000,13500,36000,28800.0,27000,1800.0
ORD002367,2025-01-05,CUST1708,P002,1,0.0,Net Banking,Completed,18000,13500,18000,18000.0,13500,4500.0
ORD002368,2025-12-28,CUST1013,P004,4,0.2,UPI,Completed,1500,950,6000,4800.0,3800,1000.0
ORD002369,2025-04-22,CUST1225,P015,1,0.0,UPI,Completed,2200,1400,2200,2200.0,1400,800.0
ORD002370,2025-09-30,CUST1469,P009,1,0.1,Credit Card,Completed,12000,8500,12000,10800.0,8500,2300.0
ORD002371,2026-02-26,CUST1348,P007,2,0.05,Net Banking,Completed,28000,22000,56000,53200.0,44000,9200.0
ORD002372,2025-09-22,CUST1059,P002,2,0.1,Net Banking,Completed,18000,13500,36000,32400.0,27000,5400.0
ORD002373,2026-04-03,CUST0977,P008,1,0.1,Credit Card,Completed,16000,12500,16000,14400.0,12500,1900.0
ORD002374,2025-07-31,CUST0482,P011,2,0.1,Net Banking,Completed,4000,2600,8000,7200.0,5200,2000.0
ORD002375,2025-03-19,CUST0728,P007,1,0.0,Net Banking,Completed,28000,22000,28000,28000.0,22000,6000.0
ORD002376,2025-08-09,CUST0480,P009,3,0.1,UPI,Returned,12000,8500,36000,32400.0,25500,6900.0
ORD002377,2026-01-04,CUST1089,P008,1,0.0,UPI,Completed,16000,12500,16000,16000.0,12500,3500.0
ORD002378,2025-12-13,CUST1032,P003,5,0.0,UPI,Completed,3000,2100,15000,15000.0,10500,4500.0
ORD002379,2025-01-25,CUST1325,P001,2,0.0,UPI,Completed,65000,52000,130000,130000.0,104000,26000.0
ORD002380,2026-02-24,CUST0343,P002,1,0.05,Debit Card,Cancelled,18000,13500,18000,17100.0,13500,3600.0
ORD002381,2025-12-20,CUST1455,P015,1,0.1,Credit Card,Completed,2200,1400,2200,1980.0,1400,580.0
ORD002382,2026-02-21,CUST1448,P014,2,0.0,Credit Card,Completed,2500,1600,5000,5000.0,3200,1800.0
ORD002383,2026-05-30,CUST0332,P013,1,0.0,UPI,Completed,6000,4200,6000,6000.0,4200,1800.0
ORD002384,2025-08-03,CUST0438,P002,1,0.1,Net Banking,Completed,18000,13500,18000,16200.0,13500,2700.0
ORD002385,2025-04-22,CUST1612,P004,1,0.2,Credit Card,Completed,1500,950,1500,1200.0,950,250.0
ORD002386,2026-07-13,CUST0174,P006,2,0.1,Credit Card,Cancelled,35000,28500,70000,63000.0,57000,6000.0
ORD002387,2026-03-04,CUST0559,P004,2,0.1,Cash,Completed,1500,950,3000,2700.0,1900,800.0
ORD002388,2026-07-16,CUST0527,P009,1,0.05,UPI,Completed,12000,8500,12000,11400.0,8500,2900.0
ORD002389,2025-08-04,CUST0659,P004,2,0.1,Credit Card,Completed,1500,950,3000,2700.0,1900,800.0
ORD002390,2026-02-17,CUST0026,P006,3,0.2,Debit Card,Completed,35000,28500,105000,84000.0,85500,-1500.0
ORD002391,2026-01-15,CUST0820,P006,1,0.05,Net Banking,Completed,35000,28500,35000,33250.0,28500,4750.0
ORD002392,2026-08-25,CUST0605,P010,3,0.05,UPI,Completed,22000,16000,66000,62700.0,48000,14700.0
ORD002393,2025-08-20,CUST0406,P011,2,0.15,Debit Card,Completed,4000,2600,8000,6800.0,5200,1600.0
ORD002394,2025-09-15,CUST0232,P010,4,0.2,Net Banking,Completed,22000,16000,88000,70400.0,64000,6400.0
ORD002395,2025-09-13,CUST0533,P001,1,0.0,Credit Card,Completed,65000,52000,65000,65000.0,52000,13000.0
ORD002396,2026-02-07,CUST1574,P008,5,0.05,UPI,Completed,16000,12500,80000,76000.0,62500,13500.0
ORD002397,2026-02-28,CUST0505,P012,2,0.1,Debit Card,Completed,9000,6500,18000,16200.0,13000,3200.0
ORD002398,2025-03-06,CUST1693,P003,2,0.05,UPI,Completed,3000,2100,6000,5700.0,4200,1500.0
ORD002399,2025-07-09,CUST0179,P015,2,0.05,Credit Card,Completed,2200,1400,4400,4180.0,2800,1380.0
ORD002400,2026-08-26,CUST0132,P013,1,0.1,Net Banking,Returned,6000,4200,6000,5400.0,4200,1200.0
ORD002401,2025-06-22,CUST1479,P006,4,0.0,Credit Card,Completed,35000,28500,140000,140000.0,114000,26000.0
ORD002402,2026-09-20,CUST0348,P003,2,0.0,UPI,Completed,3000,2100,6000,6000.0,4200,1800.0
ORD002403,2026-07-15,CUST0540,P015,1,0.2,UPI,Completed,2200,1400,2200,1760.0,1400,360.0
ORD002404,2025-08-15,CUST0772,P011,1,0.1,Debit Card,Completed,4000,2600,4000,3600.0,2600,1000.0
ORD002405,2026-08-04,CUST1430,P002,1,0.15,Credit Card,Completed,18000,13500,18000,15300.0,13500,1800.0
ORD002406,2026-01-23,CUST0076,P015,2,0.1,Debit Card,Completed,2200,1400,4400,3960.0,2800,1160.0
ORD002407,2026-02-05,CUST0579,P005,2,0.1,Debit Card,Completed,4500,3000,9000,8100.0,6000,2100.0
ORD002408,2026-09-30,CUST0854,P014,2,0.1,Credit Card,Returned,2500,1600,5000,4500.0,3200,1300.0
ORD002409,2025-08-01,CUST1516,P001,1,0.0,Cash,Completed,65000,52000,65000,65000.0,52000,13000.0
ORD002410,2025-02-22,CUST0194,P009,2,0.1,Net Banking,Completed,12000,8500,24000,21600.0,17000,4600.0
ORD002411,2026-09-16,CUST1186,P011,2,0.05,UPI,Completed,4000,2600,8000,7600.0,5200,2400.0
ORD002412,2025-05-19,CUST0347,P007,1,0.1,UPI,Completed,28000,22000,28000,25200.0,22000,3200.0
ORD002413,2026-02-22,CUST0951,P003,1,0.0,UPI,Completed,3000,2100,3000,3000.0,2100,900.0
ORD002414,2026-09-17,CUST1385,P004,1,0.0,UPI,Completed,1500,950,1500,1500.0,950,550.0
ORD002415,2025-05-23,CUST1793,P013,4,0.0,UPI,Completed,6000,4200,24000,24000.0,16800,7200.0
ORD002416,2026-05-24,CUST1608,P006,2,0.1,Credit Card,Completed,35000,28500,70000,63000.0,57000,6000.0
ORD002417,2026-05-01,CUST1111,P003,5,0.2,UPI,Cancelled,3000,2100,15000,12000.0,10500,1500.0
ORD002418,2026-03-13,CUST1286,P012,1,0.2,UPI,Completed,9000,6500,9000,7200.0,6500,700.0
ORD002419,2026-06-27,CUST0214,P007,3,0.0,UPI,Completed,28000,22000,84000,84000.0,66000,18000.0
ORD002420,2025-10-20,CUST1689,P013,2,0.0,UPI,Completed,6000,4200,12000,12000.0,8400,3600.0
ORD002421,2026-09-12,CUST1746,P006,1,0.0,Credit Card,Completed,35000,28500,35000,35000.0,28500,6500.0
ORD002422,2025-10-11,CUST0573,P009,1,0.05,UPI,Completed,12000,8500,12000,11400.0,8500,2900.0
ORD002423,2025-01-14,CUST0780,P012,2,0.1,Net Banking,Returned,9000,6500,18000,16200.0,13000,3200.0
ORD002424,2026-09-26,CUST0262,P015,4,0.15,UPI,Completed,2200,1400,8800,7480.0,5600,1880.0
ORD002425,2025-09-29,CUST0730,P005,1,0.0,Net Banking,Completed,4500,3000,4500,4500.0,3000,1500.0
ORD002426,2025-01-25,CUST0283,P004,1,0.0,UPI,Completed,1500,950,1500,1500.0,950,550.0
ORD002427,2025-11-18,CUST1672,P003,2,0.0,Debit Card,Completed,3000,2100,6000,6000.0,4200,1800.0
ORD002428,2025-04-13,CUST1491,P010,5,0.05,UPI,Completed,22000,16000,110000,104500.0,80000,24500.0
ORD002429,2025-02-09,CUST1404,P001,2,0.1,Net Banking,Returned,65000,52000,130000,117000.0,104000,13000.0
ORD002430,2025-08-23,CUST0362,P003,1,0.1,UPI,Cancelled,3000,2100,3000,2700.0,2100,600.0
ORD002431,2025-03-30,CUST1473,P003,1,0.1,Cash,Completed,3000,2100,3000,2700.0,2100,600.0
ORD002432,2025-04-10,CUST0441,P007,1,0.05,UPI,Completed,28000,22000,28000,26600.0,22000,4600.0
ORD002433,2025-05-24,CUST0093,P007,3,0.0,UPI,Completed,28000,22000,84000,84000.0,66000,18000.0
ORD002434,2025-03-23,CUST1645,P013,3,0.0,Credit Card,Completed,6000,4200,18000,18000.0,12600,5400.0
ORD002435,2026-08-12,CUST0753,P015,2,0.0,Debit Card,Completed,2200,1400,4400,4400.0,2800,1600.0
ORD002436,2026-07-25,CUST0867,P012,1,0.1,Cash,Completed,9000,6500,9000,8100.0,6500,1600.0
ORD002437,2025-08-17,CUST1448,P001,4,0.1,Credit Card,Completed,65000,52000,260000,234000.0,208000,26000.0
ORD002438,2026-08-26,CUST0142,P003,2,0.1,Debit Card,Completed,3000,2100,6000,5400.0,4200,1200.0
ORD002439,2026-01-30,CUST1315,P013,5,0.0,Debit Card,Completed,6000,4200,30000,30000.0,21000,9000.0
ORD002440,2026-05-28,CUST1456,P008,2,0.1,Credit Card,Cancelled,16000,12500,32000,28800.0,25000,3800.0
ORD002441,2025-07-16,CUST0749,P009,3,0.0,Debit Card,Completed,12000,8500,36000,36000.0,25500,10500.0
ORD002442,2025-10-01,CUST1713,P007,3,0.0,UPI,Completed,28000,22000,84000,84000.0,66000,18000.0
ORD002443,2026-08-13,CUST0653,P007,1,0.05,Credit Card,Completed,28000,22000,28000,26600.0,22000,4600.0
ORD002444,2026-08-06,CUST0701,P012,4,0.05,Net Banking,Completed,9000,6500,36000,34200.0,26000,8200.0
ORD002445,2026-07-16,CUST0998,P015,1,0.1,Credit Card,Completed,2200,1400,2200,1980.0,1400,580.0
ORD002446,2026-01-07,CUST0049,P011,3,0.1,Net Banking,Completed,4000,2600,12000,10800.0,7800,3000.0
ORD002447,2025-03-21,CUST1326,P008,4,0.0,Net Banking,Completed,16000,12500,64000,64000.0,50000,14000.0
ORD002448,2025-08-23,CUST0881,P006,1,0.0,Net Banking,Completed,35000,28500,35000,35000.0,28500,6500.0
ORD002449,2025-10-14,CUST1214,P011,2,0.0,UPI,Completed,4000,2600,8000,8000.0,5200,2800.0
ORD002450,2026-07-26,CUST1160,P003,2,0.0,UPI,Completed,3000,2100,6000,6000.0,4200,1800.0
ORD002451,2026-06-29,CUST0555,P015,3,0.0,UPI,Completed,2200,1400,6600,6600.0,4200,2400.0
ORD002452,2026-03-13,CUST0404,P001,3,0.1,Cash,Completed,65000,52000,195000,175500.0,156000,19500.0
ORD002453,2025-05-07,CUST0892,P007,2,0.0,UPI,Completed,28000,22000,56000,56000.0,44000,12000.0
ORD002454,2026-02-21,CUST0865,P001,3,0.1,Credit Card,Completed,65000,52000,195000,175500.0,156000,19500.0
ORD002455,2026-09-30,CUST0602,P001,1,0.05,UPI,Completed,65000,52000,65000,61750.0,52000,9750.0
ORD002456,2025-02-10,CUST0341,P009,1,0.0,UPI,Completed,12000,8500,12000,12000.0,8500,3500.0
ORD002457,2026-04-14,CUST1781,P013,1,0.05,UPI,Completed,6000,4200,6000,5700.0,4200,1500.0
ORD002458,2025-10-24,CUST0704,P010,2,0.1,UPI,Completed,22000,16000,44000,39600.0,32000,7600.0
ORD002459,2026-08-20,CUST0318,P007,1,0.05,Credit Card,Completed,28000,22000,28000,26600.0,22000,4600.0
ORD002460,2026-08-24,CUST0618,P013,2,0.0,Cash,Completed,6000,4200,12000,12000.0,8400,3600.0
ORD002461,2025-02-11,CUST1387,P011,1,0.15,Debit Card,Completed,4000,2600,4000,3400.0,2600,800.0
ORD002462,2026-09-24,CUST0382,P013,3,0.0,Debit Card,Completed,6000,4200,18000,18000.0,12600,5400.0
ORD002463,2025-10-06,CUST0233,P004,1,0.15,Credit Card,Completed,1500,950,1500,1275.0,950,325.0
ORD002464,2026-04-04,CUST1368,P006,2,0.0,Net Banking,Completed,35000,28500,70000,70000.0,57000,13000.0
ORD002465,2025-02-02,CUST1573,P001,2,0.1,Net Banking,Completed,65000,52000,130000,117000.0,104000,13000.0
ORD002466,2025-10-03,CUST0817,P007,4,0.05,Cash,Completed,28000,22000,112000,106400.0,88000,18400.0
ORD002467,2025-03-31,CUST0553,P012,2,0.05,UPI,Completed,9000,6500,18000,17100.0,13000,4100.0
ORD002468,2026-09-08,CUST1553,P015,3,0.0,Net Banking,Completed,2200,1400,6600,6600.0,4200,2400.0
ORD002469,2026-06-08,CUST0856,P006,4,0.0,UPI,Returned,35000,28500,140000,140000.0,114000,26000.0
ORD002470,2025-06-09,CUST0819,P004,2,0.1,Credit Card,Completed,1500,950,3000,2700.0,1900,800.0
ORD002471,2026-04-03,CUST1595,P007,1,0.15,UPI,Completed,28000,22000,28000,23800.0,22000,1800.0
ORD002472,2026-02-03,CUST0183,P003,3,0.05,Debit Card,Completed,3000,2100,9000,8550.0,6300,2250.0
ORD002473,2025-04-01,CUST1065,P001,2,0.05,Credit Card,Completed,65000,52000,130000,123500.0,104000,19500.0
ORD002474,2026-08-04,CUST1575,P004,1,0.0,UPI,Completed,1500,950,1500,1500.0,950,550.0
ORD002475,2026-04-11,CUST0397,P003,2,0.1,Net Banking,Completed,3000,2100,6000,5400.0,4200,1200.0
ORD002476,2025-08-08,CUST1728,P001,3,0.0,Credit Card,Completed,65000,52000,195000,195000.0,156000,39000.0
ORD002477,2026-02-23,CUST0779,P002,5,0.0,UPI,Completed,18000,13500,90000,90000.0,67500,22500.0
ORD002478,2026-01-14,CUST1518,P011,4,0.1,Credit Card,Completed,4000,2600,16000,14400.0,10400,4000.0
ORD002479,2026-03-23,CUST1683,P005,1,0.05,Credit Card,Completed,4500,3000,4500,4275.0,3000,1275.0
ORD002480,2025-05-26,CUST0907,P015,1,0.0,UPI,Completed,2200,1400,2200,2200.0,1400,800.0
ORD002481,2025-08-21,CUST1357,P008,1,0.0,UPI,Completed,16000,12500,16000,16000.0,12500,3500.0
ORD002482,2026-01-06,CUST0127,P001,1,0.1,Cash,Completed,65000,52000,65000,58500.0,52000,6500.0
ORD002483,2025-08-22,CUST1582,P004,3,0.0,Net Banking,Completed,1500,950,4500,4500.0,2850,1650.0
ORD002484,2026-01-02,CUST1581,P014,1,0.15,UPI,Completed,2500,1600,2500,2125.0,1600,525.0
ORD002485,2026-04-26,CUST0001,P004,2,0.0,Credit Card,Returned,1500,950,3000,3000.0,1900,1100.0
ORD002486,2026-07-27,CUST1192,P005,2,0.0,Credit Card,Completed,4500,3000,9000,9000.0,6000,3000.0
ORD002487,2025-12-29,CUST1644,P007,3,0.1,Credit Card,Completed,28000,22000,84000,75600.0,66000,9600.0
ORD002488,2026-08-13,CUST0019,P013,1,0.05,Credit Card,Completed,6000,4200,6000,5700.0,4200,1500.0
ORD002489,2026-05-26,CUST1356,P012,1,0.0,UPI,Completed,9000,6500,9000,9000.0,6500,2500.0
ORD002490,2025-04-05,CUST0584,P008,1,0.05,UPI,Completed,16000,12500,16000,15200.0,12500,2700.0
ORD002491,2025-08-04,CUST0456,P015,1,0.0,UPI,Completed,2200,1400,2200,2200.0,1400,800.0
ORD002492,2026-06-27,CUST0957,P006,5,0.1,Credit Card,Completed,35000,28500,175000,157500.0,142500,15000.0
ORD002493,2025-05-15,CUST1133,P001,3,0.05,Net Banking,Completed,65000,52000,195000,185250.0,156000,29250.0
ORD002494,2025-03-24,CUST1292,P007,1,0.1,Cash,Completed,28000,22000,28000,25200.0,22000,3200.0
ORD002495,2026-01-26,CUST0445,P003,3,0.1,Net Banking,Completed,3000,2100,9000,8100.0,6300,1800.0
ORD002496,2025-02-16,CUST1264,P015,1,0.1,Cash,Completed,2200,1400,2200,1980.0,1400,580.0
ORD002497,2026-01-27,CUST1325,P013,3,0.1,UPI,Completed,6000,4200,18000,16200.0,12600,3600.0
ORD002498,2026-01-20,CUST0602,P013,1,0.1,Debit Card,Completed,6000,4200,6000,5400.0,4200,1200.0
ORD002499,2026-01-16,CUST0103,P013,3,0.05,UPI,Completed,6000,4200,18000,17100.0,12600,4500.0
ORD002500,2025-03-18,CUST0988,P006,1,0.05,Net Banking,Completed,35000,28500,35000,33250.0,28500,4750.0
ORD002501,2025-09-16,CUST1274,P015,1,0.0,Net Banking,Completed,2200,1400,2200,2200.0,1400,800.0
ORD002502,2026-08-27,CUST1477,P008,1,0.1,Credit Card,Completed,16000,12500,16000,14400.0,12500,1900.0
ORD002503,2026-02-03,CUST0520,P007,1,0.1,Credit Card,Completed,28000,22000,28000,25200.0,22000,3200.0
ORD002504,2025-04-10,CUST1177,P010,2,0.0,UPI,Completed,22000,16000,44000,44000.0,32000,12000.0
ORD002505,2026-05-16,CUST0859,P006,1,0.15,UPI,Completed,35000,28500,35000,29750.0,28500,1250.0
ORD002506,2026-01-18,CUST0174,P009,2,0.05,Cash,Completed,12000,8500,24000,22800.0,17000,5800.0
ORD002507,2025-07-11,CUST1367,P009,2,0.05,Net Banking,Completed,12000,8500,24000,22800.0,17000,5800.0
ORD002508,2026-08-03,CUST1694,P001,2,0.0,UPI,Completed,65000,52000,130000,130000.0,104000,26000.0
ORD002509,2026-08-25,CUST1005,P001,3,0.05,UPI,Completed,65000,52000,195000,185250.0,156000,29250.0
ORD002510,2025-12-11,CUST0431,P001,1,0.1,UPI,Completed,65000,52000,65000,58500.0,52000,6500.0
ORD002511,2025-01-10,CUST0727,P008,2,0.0,Cash,Completed,16000,12500,32000,32000.0,25000,7000.0
ORD002512,2025-09-21,CUST1713,P012,4,0.05,Net Banking,Completed,9000,6500,36000,34200.0,26000,8200.0
ORD002513,2025-09-25,CUST1711,P013,2,0.2,Credit Card,Cancelled,6000,4200,12000,9600.0,8400,1200.0
ORD002514,2026-09-22,CUST0850,P014,2,0.1,Debit Card,Completed,2500,1600,5000,4500.0,3200,1300.0
ORD002515,2026-07-25,CUST1682,P012,2,0.05,Debit Card,Completed,9000,6500,18000,17100.0,13000,4100.0
ORD002516,2025-07-14,CUST1348,P014,1,0.05,UPI,Completed,2500,1600,2500,2375.0,1600,775.0
ORD002517,2026-07-16,CUST0990,P010,2,0.0,Net Banking,Completed,22000,16000,44000,44000.0,32000,12000.0
ORD002518,2026-02-11,CUST1697,P007,4,0.2,Credit Card,Cancelled,28000,22000,112000,89600.0,88000,1600.0
ORD002519,2025-10-23,CUST0639,P003,1,0.15,UPI,Completed,3000,2100,3000,2550.0,2100,450.0
ORD002520,2025-04-07,CUST0420,P013,3,0.1,Credit Card,Completed,6000,4200,18000,16200.0,12600,3600.0
ORD002521,2026-04-07,CUST0594,P002,1,0.0,Debit Card,Completed,18000,13500,18000,18000.0,13500,4500.0
ORD002522,2025-03-28,CUST0485,P004,1,0.0,Credit Card,Completed,1500,950,1500,1500.0,950,550.0
ORD002523,2025-03-18,CUST1683,P003,3,0.0,Debit Card,Completed,3000,2100,9000,9000.0,6300,2700.0
ORD002524,2026-04-28,CUST1775,P007,3,0.05,Net Banking,Completed,28000,22000,84000,79800.0,66000,13800.0
ORD002525,2025-05-26,CUST0412,P010,3,0.0,Debit Card,Completed,22000,16000,66000,66000.0,48000,18000.0
ORD002526,2025-04-21,CUST0936,P015,4,0.1,Debit Card,Completed,2200,1400,8800,7920.0,5600,2320.0
ORD002527,2025-10-24,CUST1108,P015,1,0.05,Credit Card,Cancelled,2200,1400,2200,2090.0,1400,690.0
ORD002528,2026-03-02,CUST1137,P008,2,0.0,UPI,Completed,16000,12500,32000,32000.0,25000,7000.0
ORD002529,2025-11-30,CUST1761,P006,1,0.1,Credit Card,Completed,35000,28500,35000,31500.0,28500,3000.0
ORD002530,2026-06-07,CUST0332,P003,1,0.0,UPI,Completed,3000,2100,3000,3000.0,2100,900.0
ORD002531,2026-08-06,CUST1402,P006,1,0.1,Net Banking,Completed,35000,28500,35000,31500.0,28500,3000.0
ORD002532,2026-06-22,CUST1779,P015,2,0.05,Net Banking,Completed,2200,1400,4400,4180.0,2800,1380.0
ORD002533,2025-06-11,CUST0655,P002,2,0.0,UPI,Completed,18000,13500,36000,36000.0,27000,9000.0
ORD002534,2026-03-06,CUST0041,P015,3,0.0,Net Banking,Completed,2200,1400,6600,6600.0,4200,2400.0
ORD002535,2026-09-06,CUST1794,P012,2,0.2,Debit Card,Completed,9000,6500,18000,14400.0,13000,1400.0
ORD002536,2025-03-10,CUST0959,P007,1,0.1,Cash,Completed,28000,22000,28000,25200.0,22000,3200.0
ORD002537,2025-05-13,CUST0105,P014,2,0.05,Credit Card,Completed,2500,1600,5000,4750.0,3200,1550.0
ORD002538,2025-07-08,CUST0202,P011,1,0.0,Debit Card,Completed,4000,2600,4000,4000.0,2600,1400.0
ORD002539,2026-07-27,CUST0450,P010,1,0.1,Credit Card,Completed,22000,16000,22000,19800.0,16000,3800.0
ORD002540,2025-10-06,CUST1290,P014,3,0.0,UPI,Completed,2500,1600,7500,7500.0,4800,2700.0
ORD002541,2026-03-06,CUST0910,P007,2,0.2,UPI,Completed,28000,22000,56000,44800.0,44000,800.0
ORD002542,2026-09-17,CUST0210,P004,3,0.2,UPI,Returned,1500,950,4500,3600.0,2850,750.0
ORD002543,2026-06-26,CUST0563,P013,2,0.1,UPI,Completed,6000,4200,12000,10800.0,8400,2400.0
ORD002544,2025-06-10,CUST1142,P008,2,0.2,UPI,Completed,16000,12500,32000,25600.0,25000,600.0
ORD002545,2026-03-29,CUST0713,P004,2,0.0,Debit Card,Completed,1500,950,3000,3000.0,1900,1100.0
ORD002546,2025-06-19,CUST1401,P007,1,0.0,Debit Card,Completed,28000,22000,28000,28000.0,22000,6000.0
ORD002547,2025-02-26,CUST1575,P004,1,0.0,Cash,Completed,1500,950,1500,1500.0,950,550.0
ORD002548,2025-08-28,CUST1564,P013,1,0.0,UPI,Completed,6000,4200,6000,6000.0,4200,1800.0
ORD002549,2025-12-24,CUST0771,P012,1,0.2,Net Banking,Completed,9000,6500,9000,7200.0,6500,700.0
ORD002550,2025-07-20,CUST1108,P005,1,0.0,Debit Card,Completed,4500,3000,4500,4500.0,3000,1500.0
ORD002551,2026-03-20,CUST0454,P007,5,0.15,Credit Card,Completed,28000,22000,140000,119000.0,110000,9000.0
ORD002552,2025-10-29,CUST0667,P013,2,0.1,Debit Card,Completed,6000,4200,12000,10800.0,8400,2400.0
ORD002553,2025-04-16,CUST0629,P014,2,0.05,Debit Card,Completed,2500,1600,5000,4750.0,3200,1550.0
ORD002554,2025-04-11,CUST1538,P014,1,0.0,UPI,Completed,2500,1600,2500,2500.0,1600,900.0
ORD002555,2025-04-07,CUST1629,P013,1,0.0,Debit Card,Completed,6000,4200,6000,6000.0,4200,1800.0
ORD002556,2025-01-29,CUST1702,P010,1,0.0,Debit Card,Completed,22000,16000,22000,22000.0,16000,6000.0
ORD002557,2026-05-21,CUST0387,P003,2,0.05,Cash,Cancelled,3000,2100,6000,5700.0,4200,1500.0
ORD002558,2026-03-14,CUST1374,P010,1,0.05,Net Banking,Completed,22000,16000,22000,20900.0,16000,4900.0
ORD002559,2026-01-14,CUST0296,P005,2,0.05,Debit Card,Completed,4500,3000,9000,8550.0,6000,2550.0
ORD002560,2025-03-14,CUST0258,P011,2,0.1,Debit Card,Completed,4000,2600,8000,7200.0,5200,2000.0
ORD002561,2025-09-11,CUST1105,P014,3,0.05,Net Banking,Completed,2500,1600,7500,7125.0,4800,2325.0
ORD002562,2026-05-31,CUST0268,P003,1,0.0,Cash,Completed,3000,2100,3000,3000.0,2100,900.0
ORD002563,2026-07-04,CUST0419,P005,3,0.1,Net Banking,Completed,4500,3000,13500,12150.0,9000,3150.0
ORD002564,2025-01-20,CUST0235,P014,2,0.0,Debit Card,Completed,2500,1600,5000,5000.0,3200,1800.0
ORD002565,2026-09-17,CUST1335,P003,2,0.0,UPI,Completed,3000,2100,6000,6000.0,4200,1800.0
ORD002566,2026-06-19,CUST0986,P011,1,0.1,Net Banking,Completed,4000,2600,4000,3600.0,2600,1000.0
ORD002567,2026-02-25,CUST1381,P010,1,0.15,UPI,Cancelled,22000,16000,22000,18700.0,16000,2700.0
ORD002568,2026-03-22,CUST1237,P011,1,0.15,Credit Card,Cancelled,4000,2600,4000,3400.0,2600,800.0
ORD002569,2025-05-16,CUST0574,P007,5,0.0,Credit Card,Completed,28000,22000,140000,140000.0,110000,30000.0
ORD002570,2026-05-20,CUST0049,P013,2,0.05,UPI,Returned,6000,4200,12000,11400.0,8400,3000.0
ORD002571,2025-10-28,CUST1151,P001,5,0.0,UPI,Completed,65000,52000,325000,325000.0,260000,65000.0
ORD002572,2026-09-01,CUST0223,P009,2,0.2,Net Banking,Completed,12000,8500,24000,19200.0,17000,2200.0
ORD002573,2025-02-02,CUST0921,P009,1,0.0,Debit Card,Completed,12000,8500,12000,12000.0,8500,3500.0
ORD002574,2025-10-05,CUST1303,P005,2,0.0,Credit Card,Completed,4500,3000,9000,9000.0,6000,3000.0
ORD002575,2025-05-13,CUST1432,P009,1,0.15,Debit Card,Completed,12000,8500,12000,10200.0,8500,1700.0
ORD002576,2026-06-11,CUST1529,P010,4,0.2,Cash,Completed,22000,16000,88000,70400.0,64000,6400.0
ORD002577,2025-05-06,CUST1318,P013,3,0.1,Credit Card,Completed,6000,4200,18000,16200.0,12600,3600.0
ORD002578,2025-12-11,CUST0277,P015,2,0.0,Credit Card,Completed,2200,1400,4400,4400.0,2800,1600.0
ORD002579,2025-01-17,CUST1462,P006,2,0.05,Credit Card,Completed,35000,28500,70000,66500.0,57000,9500.0
ORD002580,2026-07-16,CUST1131,P015,2,0.1,Net Banking,Completed,2200,1400,4400,3960.0,2800,1160.0
ORD002581,2026-09-22,CUST1682,P005,5,0.05,Credit Card,Completed,4500,3000,22500,21375.0,15000,6375.0
ORD002582,2026-01-13,CUST0420,P013,1,0.0,Cash,Completed,6000,4200,6000,6000.0,4200,1800.0
ORD002583,2025-03-01,CUST0611,P003,3,0.0,UPI,Completed,3000,2100,9000,9000.0,6300,2700.0
ORD002584,2026-09-29,CUST1453,P011,2,0.15,UPI,Completed,4000,2600,8000,6800.0,5200,1600.0
ORD002585,2026-04-12,CUST0375,P011,5,0.05,UPI,Completed,4000,2600,20000,19000.0,13000,6000.0
ORD002586,2026-09-20,CUST0073,P008,3,0.1,Credit Card,Completed,16000,12500,48000,43200.0,37500,5700.0
ORD002587,2026-01-26,CUST1658,P004,5,0.05,Debit Card,Completed,1500,950,7500,7125.0,4750,2375.0
ORD002588,2025-07-06,CUST1054,P010,2,0.05,Credit Card,Completed,22000,16000,44000,41800.0,32000,9800.0
ORD002589,2026-05-13,CUST1212,P013,1,0.2,Credit Card,Completed,6000,4200,6000,4800.0,4200,600.0
ORD002590,2026-08-23,CUST1388,P015,2,0.0,Credit Card,Completed,2200,1400,4400,4400.0,2800,1600.0
ORD002591,2025-12-27,CUST1475,P013,2,0.1,Net Banking,Completed,6000,4200,12000,10800.0,8400,2400.0
ORD002592,2026-03-25,CUST0195,P003,3,0.0,Net Banking,Completed,3000,2100,9000,9000.0,6300,2700.0
ORD002593,2025-06-30,CUST1180,P013,1,0.0,Debit Card,Completed,6000,4200,6000,6000.0,4200,1800.0
ORD002594,2025-05-10,CUST1196,P006,2,0.1,Cash,Completed,35000,28500,70000,63000.0,57000,6000.0
ORD002595,2025-05-29,CUST0847,P008,1,0.1,Credit Card,Completed,16000,12500,16000,14400.0,12500,1900.0
ORD002596,2026-04-17,CUST1065,P013,3,0.1,UPI,Completed,6000,4200,18000,16200.0,12600,3600.0
ORD002597,2026-09-15,CUST1087,P015,1,0.0,UPI,Completed,2200,1400,2200,2200.0,1400,800.0
ORD002598,2026-05-15,CUST0023,P009,2,0.0,UPI,Completed,12000,8500,24000,24000.0,17000,7000.0
ORD002599,2025-12-21,CUST0360,P014,1,0.15,Credit Card,Completed,2500,1600,2500,2125.0,1600,525.0
ORD002600,2025-07-30,CUST1099,P006,1,0.0,Net Banking,Completed,35000,28500,35000,35000.0,28500,6500.0
ORD002601,2026-08-19,CUST0560,P005,4,0.1,Net Banking,Completed,4500,3000,18000,16200.0,12000,4200.0
ORD002602,2025-01-30,CUST0672,P012,1,0.0,UPI,Completed,9000,6500,9000,9000.0,6500,2500.0
ORD002603,2026-07-31,CUST1142,P011,1,0.15,Credit Card,Completed,4000,2600,4000,3400.0,2600,800.0
ORD002604,2025-01-24,CUST1636,P002,1,0.15,Debit Card,Completed,18000,13500,18000,15300.0,13500,1800.0
ORD002605,2025-08-10,CUST1404,P002,2,0.0,Cash,Completed,18000,13500,36000,36000.0,27000,9000.0
ORD002606,2026-08-25,CUST0679,P009,2,0.1,UPI,Completed,12000,8500,24000,21600.0,17000,4600.0
ORD002607,2026-09-10,CUST1314,P002,1,0.0,Credit Card,Completed,18000,13500,18000,18000.0,13500,4500.0
ORD002608,2026-08-12,CUST0440,P002,2,0.0,Cash,Completed,18000,13500,36000,36000.0,27000,9000.0
ORD002609,2026-08-03,CUST1692,P003,1,0.05,Cash,Completed,3000,2100,3000,2850.0,2100,750.0
ORD002610,2026-02-05,CUST0933,P003,3,0.05,UPI,Completed,3000,2100,9000,8550.0,6300,2250.0
ORD002611,2026-08-27,CUST0007,P004,3,0.0,UPI,Completed,1500,950,4500,4500.0,2850,1650.0
ORD002612,2026-05-27,CUST1220,P007,5,0.05,Credit Card,Completed,28000,22000,140000,133000.0,110000,23000.0
ORD002613,2025-03-29,CUST0421,P009,4,0.0,Net Banking,Cancelled,12000,8500,48000,48000.0,34000,14000.0
ORD002614,2026-04-10,CUST1592,P002,1,0.0,UPI,Completed,18000,13500,18000,18000.0,13500,4500.0
ORD002615,2025-02-19,CUST0833,P004,1,0.05,Net Banking,Completed,1500,950,1500,1425.0,950,475.0
ORD002616,2025-04-13,CUST1217,P009,2,0.05,UPI,Completed,12000,8500,24000,22800.0,17000,5800.0
ORD002617,2026-01-03,CUST0559,P014,1,0.1,Debit Card,Completed,2500,1600,2500,2250.0,1600,650.0
ORD002618,2026-05-07,CUST1172,P002,1,0.1,Debit Card,Completed,18000,13500,18000,16200.0,13500,2700.0
ORD002619,2026-07-12,CUST1693,P010,1,0.15,UPI,Completed,22000,16000,22000,18700.0,16000,2700.0
ORD002620,2025-09-25,CUST1226,P011,1,0.05,Credit Card,Completed,4000,2600,4000,3800.0,2600,1200.0
ORD002621,2026-02-01,CUST1468,P013,2,0.0,Credit Card,Completed,6000,4200,12000,12000.0,8400,3600.0
ORD002622,2025-11-16,CUST0914,P001,1,0.1,Net Banking,Completed,65000,52000,65000,58500.0,52000,6500.0
ORD002623,2026-06-04,CUST1443,P010,1,0.1,UPI,Completed,22000,16000,22000,19800.0,16000,3800.0
ORD002624,2026-03-25,CUST1451,P008,2,0.05,Debit Card,Completed,16000,12500,32000,30400.0,25000,5400.0
ORD002625,2026-04-21,CUST1007,P009,1,0.1,Debit Card,Completed,12000,8500,12000,10800.0,8500,2300.0
ORD002626,2026-08-13,CUST1503,P007,5,0.0,Credit Card,Completed,28000,22000,140000,140000.0,110000,30000.0
ORD002627,2025-08-28,CUST1499,P008,1,0.0,Net Banking,Completed,16000,12500,16000,16000.0,12500,3500.0
ORD002628,2025-09-15,CUST0126,P004,2,0.1,Debit Card,Completed,1500,950,3000,2700.0,1900,800.0
ORD002629,2026-01-25,CUST0395,P004,1,0.0,Debit Card,Completed,1500,950,1500,1500.0,950,550.0
ORD002630,2025-12-09,CUST0817,P013,1,0.05,Credit Card,Completed,6000,4200,6000,5700.0,4200,1500.0
ORD002631,2026-01-22,CUST0881,P002,1,0.05,Debit Card,Completed,18000,13500,18000,17100.0,13500,3600.0
ORD002632,2026-01-29,CUST0576,P008,2,0.05,UPI,Completed,16000,12500,32000,30400.0,25000,5400.0
ORD002633,2025-09-27,CUST0325,P015,3,0.05,Net Banking,Completed,2200,1400,6600,6270.0,4200,2070.0
ORD002634,2025-05-29,CUST1416,P011,2,0.0,UPI,Completed,4000,2600,8000,8000.0,5200,2800.0
ORD002635,2026-01-15,CUST0930,P002,1,0.2,Debit Card,Completed,18000,13500,18000,14400.0,13500,900.0
ORD002636,2025-01-28,CUST1712,P009,1,0.1,Debit Card,Completed,12000,8500,12000,10800.0,8500,2300.0
ORD002637,2025-05-29,CUST1652,P014,1,0.05,UPI,Completed,2500,1600,2500,2375.0,1600,775.0
ORD002638,2026-02-24,CUST1464,P004,1,0.0,UPI,Completed,1500,950,1500,1500.0,950,550.0
ORD002639,2025-10-07,CUST1228,P001,1,0.0,UPI,Completed,65000,52000,65000,65000.0,52000,13000.0
ORD002640,2025-07-01,CUST1510,P013,5,0.1,UPI,Completed,6000,4200,30000,27000.0,21000,6000.0
ORD002641,2025-06-15,CUST0833,P004,2,0.0,Net Banking,Completed,1500,950,3000,3000.0,1900,1100.0
ORD002642,2025-01-17,CUST1055,P003,2,0.0,Net Banking,Completed,3000,2100,6000,6000.0,4200,1800.0
ORD002643,2025-05-30,CUST1412,P012,2,0.05,UPI,Completed,9000,6500,18000,17100.0,13000,4100.0
ORD002644,2025-12-05,CUST1649,P006,3,0.05,UPI,Completed,35000,28500,105000,99750.0,85500,14250.0
ORD002645,2025-02-14,CUST1458,P007,1,0.1,Net Banking,Completed,28000,22000,28000,25200.0,22000,3200.0
ORD002646,2026-05-17,CUST0837,P008,2,0.1,UPI,Completed,16000,12500,32000,28800.0,25000,3800.0
ORD002647,2025-07-08,CUST0926,P002,3,0.15,Cash,Completed,18000,13500,54000,45900.0,40500,5400.0
ORD002648,2025-03-02,CUST1400,P006,1,0.0,UPI,Completed,35000,28500,35000,35000.0,28500,6500.0
ORD002649,2025-10-21,CUST1368,P015,1,0.1,Debit Card,Completed,2200,1400,2200,1980.0,1400,580.0
ORD002650,2025-02-02,CUST0443,P006,5,0.0,Credit Card,Completed,35000,28500,175000,175000.0,142500,32500.0
ORD002651,2025-10-26,CUST1603,P010,3,0.05,UPI,Completed,22000,16000,66000,62700.0,48000,14700.0
ORD002652,2026-02-19,CUST0075,P012,1,0.05,UPI,Completed,9000,6500,9000,8550.0,6500,2050.0
ORD002653,2026-09-16,CUST0557,P005,2,0.0,Debit Card,Completed,4500,3000,9000,9000.0,6000,3000.0
ORD002654,2026-07-03,CUST1796,P010,1,0.05,UPI,Completed,22000,16000,22000,20900.0,16000,4900.0
ORD002655,2026-03-07,CUST1690,P010,2,0.1,Debit Card,Completed,22000,16000,44000,39600.0,32000,7600.0
ORD002656,2026-05-10,CUST1179,P007,1,0.0,UPI,Completed,28000,22000,28000,28000.0,22000,6000.0
ORD002657,2025-04-10,CUST1454,P003,1,0.05,Credit Card,Completed,3000,2100,3000,2850.0,2100,750.0
ORD002658,2025-01-23,CUST0363,P004,2,0.15,Credit Card,Completed,1500,950,3000,2550.0,1900,650.0
ORD002659,2026-02-24,CUST0448,P010,3,0.05,Credit Card,Completed,22000,16000,66000,62700.0,48000,14700.0
ORD002660,2026-02-28,CUST1258,P013,3,0.1,UPI,Completed,6000,4200,18000,16200.0,12600,3600.0
ORD002661,2026-05-02,CUST1587,P009,1,0.1,Credit Card,Completed,12000,8500,12000,10800.0,8500,2300.0
ORD002662,2025-03-30,CUST0262,P004,3,0.0,Debit Card,Completed,1500,950,4500,4500.0,2850,1650.0
ORD002663,2025-07-28,CUST0125,P003,1,0.0,Cash,Completed,3000,2100,3000,3000.0,2100,900.0
ORD002664,2025-09-28,CUST0911,P014,1,0.1,Net Banking,Cancelled,2500,1600,2500,2250.0,1600,650.0
ORD002665,2026-02-10,CUST0245,P002,4,0.1,UPI,Completed,18000,13500,72000,64800.0,54000,10800.0
ORD002666,2025-10-05,CUST0542,P005,1,0.0,UPI,Completed,4500,3000,4500,4500.0,3000,1500.0
ORD002667,2025-07-25,CUST0485,P004,1,0.0,UPI,Completed,1500,950,1500,1500.0,950,550.0
ORD002668,2026-08-13,CUST0122,P013,1,0.05,UPI,Completed,6000,4200,6000,5700.0,4200,1500.0
ORD002669,2025-11-24,CUST0125,P013,1,0.1,UPI,Completed,6000,4200,6000,5400.0,4200,1200.0
ORD002670,2026-09-02,CUST1573,P008,3,0.05,UPI,Completed,16000,12500,48000,45600.0,37500,8100.0
ORD002671,2025-12-02,CUST0170,P007,5,0.15,UPI,Completed,28000,22000,140000,119000.0,110000,9000.0
ORD002672,2026-08-29,CUST0124,P006,3,0.2,UPI,Completed,35000,28500,105000,84000.0,85500,-1500.0
ORD002673,2026-08-15,CUST1059,P011,3,0.1,UPI,Completed,4000,2600,12000,10800.0,7800,3000.0
ORD002674,2025-02-07,CUST1111,P012,2,0.1,UPI,Completed,9000,6500,18000,16200.0,13000,3200.0
ORD002675,2025-08-16,CUST0646,P002,3,0.05,UPI,Completed,18000,13500,54000,51300.0,40500,10800.0
ORD002676,2026-04-28,CUST1732,P003,1,0.0,Debit Card,Completed,3000,2100,3000,3000.0,2100,900.0
ORD002677,2025-05-14,CUST0786,P010,4,0.05,UPI,Completed,22000,16000,88000,83600.0,64000,19600.0
ORD002678,2026-01-25,CUST0201,P009,1,0.05,UPI,Completed,12000,8500,12000,11400.0,8500,2900.0
ORD002679,2026-09-05,CUST0369,P013,4,0.05,UPI,Completed,6000,4200,24000,22800.0,16800,6000.0
ORD002680,2026-03-01,CUST0797,P009,1,0.1,Credit Card,Completed,12000,8500,12000,10800.0,8500,2300.0
ORD002681,2026-08-10,CUST0077,P015,2,0.05,Net Banking,Completed,2200,1400,4400,4180.0,2800,1380.0
ORD002682,2026-05-25,CUST0059,P005,2,0.1,UPI,Completed,4500,3000,9000,8100.0,6000,2100.0
ORD002683,2026-08-18,CUST0431,P014,5,0.05,Credit Card,Completed,2500,1600,12500,11875.0,8000,3875.0
ORD002684,2026-03-03,CUST0638,P003,3,0.0,Debit Card,Completed,3000,2100,9000,9000.0,6300,2700.0
ORD002685,2026-04-19,CUST1524,P002,1,0.05,Credit Card,Completed,18000,13500,18000,17100.0,13500,3600.0
ORD002686,2026-07-22,CUST0109,P008,2,0.2,Net Banking,Completed,16000,12500,32000,25600.0,25000,600.0
ORD002687,2025-12-27,CUST1760,P015,1,0.1,Net Banking,Completed,2200,1400,2200,1980.0,1400,580.0
ORD002688,2025-07-30,CUST1008,P006,1,0.0,UPI,Completed,35000,28500,35000,35000.0,28500,6500.0
ORD002689,2025-06-28,CUST1302,P010,1,0.05,Credit Card,Completed,22000,16000,22000,20900.0,16000,4900.0
ORD002690,2025-02-27,CUST0068,P011,1,0.15,Debit Card,Completed,4000,2600,4000,3400.0,2600,800.0
ORD002691,2025-03-14,CUST1093,P012,2,0.0,Cash,Returned,9000,6500,18000,18000.0,13000,5000.0
ORD002692,2025-08-03,CUST1189,P007,4,0.0,Net Banking,Completed,28000,22000,112000,112000.0,88000,24000.0
ORD002693,2025-03-14,CUST1513,P001,4,0.0,UPI,Completed,65000,52000,260000,260000.0,208000,52000.0
ORD002694,2026-04-12,CUST0305,P001,1,0.05,UPI,Completed,65000,52000,65000,61750.0,52000,9750.0
ORD002695,2025-09-28,CUST0674,P010,1,0.05,Debit Card,Completed,22000,16000,22000,20900.0,16000,4900.0
ORD002696,2026-05-14,CUST0365,P002,1,0.0,Credit Card,Completed,18000,13500,18000,18000.0,13500,4500.0
ORD002697,2025-12-20,CUST0821,P010,1,0.1,Credit Card,Completed,22000,16000,22000,19800.0,16000,3800.0
ORD002698,2025-08-22,CUST1403,P015,1,0.0,Debit Card,Completed,2200,1400,2200,2200.0,1400,800.0
ORD002699,2025-11-15,CUST0343,P003,1,0.1,UPI,Completed,3000,2100,3000,2700.0,2100,600.0
ORD002700,2025-01-19,CUST0947,P012,2,0.05,Net Banking,Completed,9000,6500,18000,17100.0,13000,4100.0
ORD002701,2026-09-17,CUST0899,P001,2,0.05,Net Banking,Completed,65000,52000,130000,123500.0,104000,19500.0
ORD002702,2026-07-29,CUST1578,P014,2,0.0,Credit Card,Cancelled,2500,1600,5000,5000.0,3200,1800.0
ORD002703,2026-01-07,CUST1378,P005,1,0.1,Debit Card,Completed,4500,3000,4500,4050.0,3000,1050.0
ORD002704,2025-07-03,CUST1440,P015,2,0.05,Debit Card,Completed,2200,1400,4400,4180.0,2800,1380.0
ORD002705,2025-10-04,CUST1133,P015,3,0.05,UPI,Completed,2200,1400,6600,6270.0,4200,2070.0
ORD002706,2025-05-25,CUST1587,P003,1,0.05,UPI,Completed,3000,2100,3000,2850.0,2100,750.0
ORD002707,2025-03-22,CUST0762,P001,1,0.1,UPI,Completed,65000,52000,65000,58500.0,52000,6500.0
ORD002708,2025-11-18,CUST1521,P008,1,0.0,Net Banking,Completed,16000,12500,16000,16000.0,12500,3500.0
ORD002709,2026-03-11,CUST0341,P012,1,0.0,UPI,Completed,9000,6500,9000,9000.0,6500,2500.0
ORD002710,2025-02-12,CUST0942,P011,1,0.0,UPI,Completed,4000,2600,4000,4000.0,2600,1400.0
ORD002711,2025-11-09,CUST0383,P006,1,0.1,Credit Card,Completed,35000,28500,35000,31500.0,28500,3000.0
ORD002712,2025-10-20,CUST1004,P009,1,0.05,UPI,Completed,12000,8500,12000,11400.0,8500,2900.0
ORD002713,2025-03-10,CUST1557,P003,1,0.1,UPI,Completed,3000,2100,3000,2700.0,2100,600.0
ORD002714,2025-02-25,CUST0300,P009,2,0.1,Credit Card,Completed,12000,8500,24000,21600.0,17000,4600.0
ORD002715,2026-09-23,CUST0139,P009,1,0.15,Credit Card,Completed,12000,8500,12000,10200.0,8500,1700.0
ORD002716,2025-07-23,CUST0359,P015,2,0.05,Credit Card,Completed,2200,1400,4400,4180.0,2800,1380.0
ORD002717,2026-02-24,CUST0836,P012,1,0.0,Debit Card,Completed,9000,6500,9000,9000.0,6500,2500.0
ORD002718,2026-07-21,CUST1523,P015,1,0.1,Debit Card,Completed,2200,1400,2200,1980.0,1400,580.0
ORD002719,2026-07-04,CUST1409,P013,3,0.0,Credit Card,Completed,6000,4200,18000,18000.0,12600,5400.0
ORD002720,2025-08-31,CUST1628,P012,2,0.05,Debit Card,Completed,9000,6500,18000,17100.0,13000,4100.0
ORD002721,2025-07-20,CUST1304,P001,1,0.0,UPI,Completed,65000,52000,65000,65000.0,52000,13000.0
ORD002722,2026-04-19,CUST1661,P003,2,0.15,Credit Card,Completed,3000,2100,6000,5100.0,4200,900.0
ORD002723,2026-06-11,CUST0483,P006,2,0.05,Credit Card,Completed,35000,28500,70000,66500.0,57000,9500.0
ORD002724,2025-03-18,CUST0909,P008,1,0.0,UPI,Completed,16000,12500,16000,16000.0,12500,3500.0
ORD002725,2026-04-23,CUST1135,P004,1,0.1,UPI,Completed,1500,950,1500,1350.0,950,400.0
ORD002726,2026-03-16,CUST0866,P005,3,0.0,UPI,Completed,4500,3000,13500,13500.0,9000,4500.0
ORD002727,2025-09-20,CUST0139,P009,1,0.15,Credit Card,Completed,12000,8500,12000,10200.0,8500,1700.0
ORD002728,2025-07-04,CUST0996,P006,1,0.05,Credit Card,Completed,35000,28500,35000,33250.0,28500,4750.0
ORD002729,2025-02-24,CUST0435,P012,1,0.1,UPI,Completed,9000,6500,9000,8100.0,6500,1600.0
ORD002730,2025-11-04,CUST0509,P007,3,0.0,Cash,Completed,28000,22000,84000,84000.0,66000,18000.0
ORD002731,2026-05-31,CUST0273,P007,4,0.1,Credit Card,Completed,28000,22000,112000,100800.0,88000,12800.0
ORD002732,2025-10-26,CUST1123,P004,3,0.15,Net Banking,Completed,1500,950,4500,3825.0,2850,975.0
ORD002733,2026-07-06,CUST1788,P004,3,0.1,Credit Card,Completed,1500,950,4500,4050.0,2850,1200.0
ORD002734,2025-08-18,CUST0104,P004,5,0.1,UPI,Completed,1500,950,7500,6750.0,4750,2000.0
ORD002735,2026-01-12,CUST1238,P014,2,0.0,Cash,Completed,2500,1600,5000,5000.0,3200,1800.0
ORD002736,2025-10-13,CUST1785,P015,2,0.15,Net Banking,Completed,2200,1400,4400,3740.0,2800,940.0
ORD002737,2025-05-18,CUST1688,P011,5,0.1,Credit Card,Completed,4000,2600,20000,18000.0,13000,5000.0
ORD002738,2026-04-23,CUST0762,P005,1,0.15,UPI,Completed,4500,3000,4500,3825.0,3000,825.0
ORD002739,2026-09-07,CUST0787,P005,2,0.1,UPI,Completed,4500,3000,9000,8100.0,6000,2100.0
ORD002740,2025-01-07,CUST0165,P008,2,0.0,Net Banking,Completed,16000,12500,32000,32000.0,25000,7000.0
ORD002741,2026-02-23,CUST0999,P009,4,0.1,UPI,Completed,12000,8500,48000,43200.0,34000,9200.0
ORD002742,2026-04-17,CUST0520,P002,3,0.0,Debit Card,Completed,18000,13500,54000,54000.0,40500,13500.0
ORD002743,2026-02-24,CUST1308,P011,3,0.1,Debit Card,Completed,4000,2600,12000,10800.0,7800,3000.0
ORD002744,2025-10-03,CUST0517,P007,4,0.05,UPI,Completed,28000,22000,112000,106400.0,88000,18400.0
ORD002745,2026-07-15,CUST0657,P001,2,0.0,Debit Card,Completed,65000,52000,130000,130000.0,104000,26000.0
ORD002746,2026-08-31,CUST0613,P001,1,0.2,Debit Card,Completed,65000,52000,65000,52000.0,52000,0.0
ORD002747,2026-07-25,CUST0164,P004,1,0.15,Credit Card,Completed,1500,950,1500,1275.0,950,325.0
ORD002748,2025-03-31,CUST1683,P010,2,0.15,Credit Card,Completed,22000,16000,44000,37400.0,32000,5400.0
ORD002749,2025-10-09,CUST0064,P007,1,0.1,Net Banking,Completed,28000,22000,28000,25200.0,22000,3200.0
ORD002750,2026-07-02,CUST1115,P002,1,0.1,Credit Card,Completed,18000,13500,18000,16200.0,13500,2700.0
ORD002751,2025-06-20,CUST1141,P011,1,0.1,Debit Card,Completed,4000,2600,4000,3600.0,2600,1000.0
ORD002752,2026-09-30,CUST0267,P002,4,0.0,Credit Card,Completed,18000,13500,72000,72000.0,54000,18000.0
ORD002753,2025-12-21,CUST1709,P001,1,0.15,UPI,Completed,65000,52000,65000,55250.0,52000,3250.0
ORD002754,2025-07-23,CUST1583,P010,3,0.15,Cash,Completed,22000,16000,66000,56100.0,48000,8100.0
ORD002755,2025-10-16,CUST1164,P002,4,0.1,Credit Card,Completed,18000,13500,72000,64800.0,54000,10800.0
ORD002756,2026-04-07,CUST0246,P013,2,0.15,UPI,Completed,6000,4200,12000,10200.0,8400,1800.0
ORD002757,2026-09-01,CUST1685,P015,1,0.05,Debit Card,Completed,2200,1400,2200,2090.0,1400,690.0
ORD002758,2025-06-22,CUST1782,P007,3,0.05,Debit Card,Completed,28000,22000,84000,79800.0,66000,13800.0
ORD002759,2025-10-28,CUST0395,P009,2,0.2,UPI,Completed,12000,8500,24000,19200.0,17000,2200.0
ORD002760,2026-08-23,CUST1511,P006,1,0.05,Net Banking,Completed,35000,28500,35000,33250.0,28500,4750.0
ORD002761,2026-06-13,CUST0476,P010,1,0.1,UPI,Completed,22000,16000,22000,19800.0,16000,3800.0
ORD002762,2025-05-20,CUST1541,P002,1,0.05,Debit Card,Completed,18000,13500,18000,17100.0,13500,3600.0
ORD002763,2025-10-05,CUST0977,P012,1,0.1,Credit Card,Completed,9000,6500,9000,8100.0,6500,1600.0
ORD002764,2026-05-26,CUST1208,P015,1,0.1,UPI,Completed,2200,1400,2200,1980.0,1400,580.0
ORD002765,2025-12-12,CUST1044,P010,1,0.1,Net Banking,Completed,22000,16000,22000,19800.0,16000,3800.0
ORD002766,2025-05-20,CUST0558,P015,2,0.05,Debit Card,Completed,2200,1400,4400,4180.0,2800,1380.0
ORD002767,2025-04-24,CUST1018,P010,4,0.0,Debit Card,Completed,22000,16000,88000,88000.0,64000,24000.0
ORD002768,2026-08-03,CUST1548,P013,2,0.1,Credit Card,Completed,6000,4200,12000,10800.0,8400,2400.0
ORD002769,2026-05-22,CUST1606,P009,4,0.15,Net Banking,Completed,12000,8500,48000,40800.0,34000,6800.0
ORD002770,2026-01-01,CUST1553,P007,3,0.0,UPI,Completed,28000,22000,84000,84000.0,66000,18000.0
ORD002771,2026-09-29,CUST0883,P011,2,0.0,Credit Card,Completed,4000,2600,8000,8000.0,5200,2800.0
ORD002772,2026-02-01,CUST0147,P001,1,0.0,Net Banking,Completed,65000,52000,65000,65000.0,52000,13000.0
ORD002773,2025-04-21,CUST0666,P012,1,0.15,UPI,Completed,9000,6500,9000,7650.0,6500,1150.0
ORD002774,2025-12-24,CUST1328,P009,3,0.1,UPI,Cancelled,12000,8500,36000,32400.0,25500,6900.0
ORD002775,2025-08-26,CUST0620,P002,4,0.2,Cash,Completed,18000,13500,72000,57600.0,54000,3600.0
ORD002776,2025-01-03,CUST1772,P004,1,0.05,Cash,Completed,1500,950,1500,1425.0,950,475.0
ORD002777,2026-02-08,CUST0820,P009,1,0.05,Debit Card,Completed,12000,8500,12000,11400.0,8500,2900.0
ORD002778,2025-01-25,CUST0864,P004,3,0.1,Credit Card,Completed,1500,950,4500,4050.0,2850,1200.0
ORD002779,2026-05-24,CUST0582,P003,1,0.0,Credit Card,Completed,3000,2100,3000,3000.0,2100,900.0
ORD002780,2026-04-10,CUST1023,P001,1,0.05,UPI,Completed,65000,52000,65000,61750.0,52000,9750.0
ORD002781,2025-03-02,CUST0695,P007,3,0.05,Credit Card,Completed,28000,22000,84000,79800.0,66000,13800.0
ORD002782,2026-05-23,CUST1786,P015,2,0.0,Credit Card,Completed,2200,1400,4400,4400.0,2800,1600.0
ORD002783,2025-05-03,CUST1252,P006,2,0.05,UPI,Completed,35000,28500,70000,66500.0,57000,9500.0
ORD002784,2026-05-12,CUST1126,P010,4,0.0,Credit Card,Completed,22000,16000,88000,88000.0,64000,24000.0
ORD002785,2025-02-24,CUST1611,P004,2,0.0,Credit Card,Completed,1500,950,3000,3000.0,1900,1100.0
ORD002786,2025-06-12,CUST1441,P006,2,0.0,Debit Card,Completed,35000,28500,70000,70000.0,57000,13000.0
ORD002787,2025-02-08,CUST1240,P006,1,0.1,Credit Card,Completed,35000,28500,35000,31500.0,28500,3000.0
ORD002788,2025-03-24,CUST0407,P013,1,0.0,Net Banking,Completed,6000,4200,6000,6000.0,4200,1800.0
ORD002789,2026-06-30,CUST0399,P004,3,0.0,Credit Card,Completed,1500,950,4500,4500.0,2850,1650.0
ORD002790,2025-04-23,CUST0715,P014,1,0.0,Credit Card,Completed,2500,1600,2500,2500.0,1600,900.0
ORD002791,2026-03-01,CUST0704,P013,1,0.05,Credit Card,Completed,6000,4200,6000,5700.0,4200,1500.0
ORD002792,2025-08-18,CUST0761,P006,1,0.1,UPI,Completed,35000,28500,35000,31500.0,28500,3000.0
ORD002793,2025-10-10,CUST0499,P010,1,0.15,Credit Card,Completed,22000,16000,22000,18700.0,16000,2700.0
ORD002794,2025-10-14,CUST1778,P011,1,0.1,Debit Card,Completed,4000,2600,4000,3600.0,2600,1000.0
ORD002795,2025-06-04,CUST1489,P008,2,0.0,Credit Card,Cancelled,16000,12500,32000,32000.0,25000,7000.0
ORD002796,2025-06-14,CUST1715,P013,1,0.0,Net Banking,Completed,6000,4200,6000,6000.0,4200,1800.0
ORD002797,2025-07-01,CUST0974,P003,1,0.0,Debit Card,Completed,3000,2100,3000,3000.0,2100,900.0
ORD002798,2025-08-27,CUST1755,P004,2,0.2,UPI,Completed,1500,950,3000,2400.0,1900,500.0
ORD002799,2025-12-05,CUST0082,P010,4,0.1,Credit Card,Completed,22000,16000,88000,79200.0,64000,15200.0
ORD002800,2026-05-27,CUST0604,P013,1,0.0,Debit Card,Completed,6000,4200,6000,6000.0,4200,1800.0
ORD002801,2025-09-23,CUST1711,P012,2,0.0,Debit Card,Completed,9000,6500,18000,18000.0,13000,5000.0
ORD002802,2025-07-06,CUST1775,P014,2,0.05,Net Banking,Completed,2500,1600,5000,4750.0,3200,1550.0
ORD002803,2025-02-09,CUST0772,P015,2,0.0,Debit Card,Completed,2200,1400,4400,4400.0,2800,1600.0
ORD002804,2026-05-08,CUST0903,P001,1,0.1,UPI,Completed,65000,52000,65000,58500.0,52000,6500.0
ORD002805,2026-01-26,CUST0365,P004,4,0.05,UPI,Completed,1500,950,6000,5700.0,3800,1900.0
ORD002806,2025-09-17,CUST0163,P011,2,0.1,Debit Card,Completed,4000,2600,8000,7200.0,5200,2000.0
ORD002807,2025-06-25,CUST1072,P010,3,0.05,UPI,Completed,22000,16000,66000,62700.0,48000,14700.0
ORD002808,2025-11-25,CUST0511,P010,1,0.0,Credit Card,Completed,22000,16000,22000,22000.0,16000,6000.0
ORD002809,2025-07-19,CUST1353,P012,2,0.05,Net Banking,Completed,9000,6500,18000,17100.0,13000,4100.0
ORD002810,2025-07-15,CUST0116,P014,3,0.1,Credit Card,Completed,2500,1600,7500,6750.0,4800,1950.0
ORD002811,2026-08-12,CUST0941,P009,1,0.05,Credit Card,Completed,12000,8500,12000,11400.0,8500,2900.0
ORD002812,2026-06-15,CUST0337,P008,1,0.05,Debit Card,Completed,16000,12500,16000,15200.0,12500,2700.0
ORD002813,2025-03-03,CUST0881,P011,2,0.1,UPI,Completed,4000,2600,8000,7200.0,5200,2000.0
ORD002814,2025-11-23,CUST0737,P004,1,0.0,Debit Card,Completed,1500,950,1500,1500.0,950,550.0
ORD002815,2025-10-08,CUST0840,P012,2,0.05,Debit Card,Completed,9000,6500,18000,17100.0,13000,4100.0
ORD002816,2025-08-15,CUST0147,P007,1,0.0,Credit Card,Returned,28000,22000,28000,28000.0,22000,6000.0
ORD002817,2025-02-27,CUST1599,P010,1,0.1,UPI,Completed,22000,16000,22000,19800.0,16000,3800.0
ORD002818,2026-04-22,CUST1347,P003,2,,Net Banking,Completed,3000,2100,6000,6000.0,4200,1800.0
ORD002819,2026-01-11,CUST0443,P009,1,0.1,Credit Card,Completed,12000,8500,12000,10800.0,8500,2300.0
ORD002820,2025-08-31,CUST0837,P010,5,0.0,UPI,Completed,22000,16000,110000,110000.0,80000,30000.0
ORD002821,2026-01-02,CUST1037,P004,3,0.0,Net Banking,Completed,1500,950,4500,4500.0,2850,1650.0
ORD002822,2026-05-15,CUST0943,P002,2,0.1,Debit Card,Completed,18000,13500,36000,32400.0,27000,5400.0
ORD002823,2025-09-09,CUST1518,P010,3,0.1,Credit Card,Completed,22000,16000,66000,59400.0,48000,11400.0
ORD002824,2025-11-18,CUST1725,P005,3,0.15,Credit Card,Completed,4500,3000,13500,11475.0,9000,2475.0
ORD002825,2026-01-11,CUST0287,P002,1,0.05,Cash,Completed,18000,13500,18000,17100.0,13500,3600.0
ORD002826,2026-02-13,CUST0720,P014,3,0.05,Debit Card,Completed,2500,1600,7500,7125.0,4800,2325.0
ORD002827,2026-05-03,CUST1138,P010,1,0.1,Credit Card,Completed,22000,16000,22000,19800.0,16000,3800.0
ORD002828,2025-12-09,CUST0480,P006,1,0.0,Debit Card,Completed,35000,28500,35000,35000.0,28500,6500.0
ORD002829,2025-08-28,CUST0022,P011,2,0.0,UPI,Completed,4000,2600,8000,8000.0,5200,2800.0
ORD002830,2025-05-19,CUST1373,P010,2,0.0,UPI,Cancelled,22000,16000,44000,44000.0,32000,12000.0
ORD002831,2025-05-02,CUST1750,P001,1,0.0,UPI,Completed,65000,52000,65000,65000.0,52000,13000.0
ORD002832,2026-02-24,CUST0683,P014,1,0.0,UPI,Completed,2500,1600,2500,2500.0,1600,900.0
ORD002833,2026-07-15,CUST1590,P006,2,0.15,Debit Card,Completed,35000,28500,70000,59500.0,57000,2500.0
ORD002834,2025-10-31,CUST0906,P004,1,0.1,UPI,Completed,1500,950,1500,1350.0,950,400.0
ORD002835,2025-04-25,CUST0320,P003,3,0.15,Debit Card,Completed,3000,2100,9000,7650.0,6300,1350.0
ORD002836,2025-12-09,CUST0126,P002,2,0.2,Credit Card,Completed,18000,13500,36000,28800.0,27000,1800.0
ORD002837,2025-09-08,CUST0277,P007,1,0.05,Credit Card,Completed,28000,22000,28000,26600.0,22000,4600.0
ORD002838,2025-01-07,CUST1228,P009,1,0.0,UPI,Completed,12000,8500,12000,12000.0,8500,3500.0
ORD002839,2026-08-12,CUST0194,P012,2,0.05,Credit Card,Completed,9000,6500,18000,17100.0,13000,4100.0
ORD002840,2025-06-28,CUST1705,P003,1,0.15,UPI,Completed,3000,2100,3000,2550.0,2100,450.0
ORD002841,2025-05-25,CUST1688,P006,1,0.05,Credit Card,Completed,35000,28500,35000,33250.0,28500,4750.0
ORD002842,2026-02-20,CUST1571,P009,1,0.05,Debit Card,Completed,12000,8500,12000,11400.0,8500,2900.0
ORD002843,2025-05-01,CUST0696,P002,1,0.0,Debit Card,Completed,18000,13500,18000,18000.0,13500,4500.0
ORD002844,2025-05-04,CUST1310,P007,1,0.05,Debit Card,Completed,28000,22000,28000,26600.0,22000,4600.0
ORD002845,2025-05-30,CUST0057,P005,2,0.05,Debit Card,Completed,4500,3000,9000,8550.0,6000,2550.0
ORD002846,2026-02-01,CUST1758,P005,3,0.05,Net Banking,Completed,4500,3000,13500,12825.0,9000,3825.0
ORD002847,2026-01-16,CUST1327,P011,2,0.15,UPI,Completed,4000,2600,8000,6800.0,5200,1600.0
ORD002848,2025-01-01,CUST1187,P007,3,0.0,Cash,Completed,28000,22000,84000,84000.0,66000,18000.0
ORD002849,2025-09-01,CUST0019,P009,1,0.2,Credit Card,Completed,12000,8500,12000,9600.0,8500,1100.0
ORD002850,2026-02-02,CUST1394,P004,1,0.0,Debit Card,Completed,1500,950,1500,1500.0,950,550.0
ORD002851,2025-09-08,CUST0264,P009,2,0.15,Debit Card,Completed,12000,8500,24000,20400.0,17000,3400.0
ORD002852,2026-07-30,CUST0794,P015,2,0.05,Credit Card,Completed,2200,1400,4400,4180.0,2800,1380.0
ORD002853,2025-10-26,CUST0113,P014,2,0.1,Cash,Completed,2500,1600,5000,4500.0,3200,1300.0
ORD002854,2025-10-24,CUST1512,P013,2,0.0,UPI,Completed,6000,4200,12000,12000.0,8400,3600.0
ORD002855,2026-05-15,CUST1351,P011,2,0.1,Credit Card,Completed,4000,2600,8000,7200.0,5200,2000.0
ORD002856,2025-04-25,CUST0542,P010,1,0.15,UPI,Completed,22000,16000,22000,18700.0,16000,2700.0
ORD002857,2025-01-01,CUST0647,P009,2,0.0,UPI,Completed,12000,8500,24000,24000.0,17000,7000.0
ORD002858,2026-07-07,CUST0579,P013,2,0.0,Debit Card,Completed,6000,4200,12000,12000.0,8400,3600.0
ORD002859,2026-08-23,CUST1089,P004,5,0.0,UPI,Completed,1500,950,7500,7500.0,4750,2750.0
ORD002860,2026-04-27,CUST1316,P003,2,0.0,Net Banking,Completed,3000,2100,6000,6000.0,4200,1800.0
ORD002861,2026-09-02,CUST0025,P002,2,0.0,Debit Card,Completed,18000,13500,36000,36000.0,27000,9000.0
ORD002862,2026-08-23,CUST1573,P009,2,0.1,Credit Card,Completed,12000,8500,24000,21600.0,17000,4600.0
ORD002863,2026-05-25,CUST0001,P012,3,0.0,UPI,Completed,9000,6500,27000,27000.0,19500,7500.0
ORD002864,2025-12-01,CUST0911,P002,5,0.1,UPI,Completed,18000,13500,90000,81000.0,67500,13500.0
ORD002865,2026-04-10,CUST1573,P006,3,0.15,Net Banking,Completed,35000,28500,105000,89250.0,85500,3750.0
ORD002866,2025-05-21,CUST0141,P005,2,0.1,Debit Card,Completed,4500,3000,9000,8100.0,6000,2100.0
ORD002867,2026-08-06,CUST1768,P014,1,0.0,UPI,Completed,2500,1600,2500,2500.0,1600,900.0
ORD002868,2025-05-17,CUST0648,P005,2,0.05,UPI,Completed,4500,3000,9000,8550.0,6000,2550.0
ORD002869,2026-09-03,CUST0188,P004,2,0.05,UPI,Completed,1500,950,3000,2850.0,1900,950.0
ORD002870,2025-06-16,CUST1152,P006,3,0.0,UPI,Completed,35000,28500,105000,105000.0,85500,19500.0
ORD002871,2025-12-09,CUST0201,P005,1,0.0,Net Banking,Completed,4500,3000,4500,4500.0,3000,1500.0
ORD002872,2026-02-14,CUST1151,P011,2,0.15,Debit Card,Completed,4000,2600,8000,6800.0,5200,1600.0
ORD002873,2025-03-06,CUST0257,P004,1,0.1,Credit Card,Returned,1500,950,1500,1350.0,950,400.0
ORD002874,2026-08-04,CUST1700,P013,3,0.0,Net Banking,Completed,6000,4200,18000,18000.0,12600,5400.0
ORD002875,2025-03-08,CUST0547,P009,1,0.05,UPI,Completed,12000,8500,12000,11400.0,8500,2900.0
ORD002876,2026-03-09,CUST0194,P013,2,0.0,Credit Card,Completed,6000,4200,12000,12000.0,8400,3600.0
ORD002877,2025-02-19,CUST0703,P006,1,0.2,Debit Card,Completed,35000,28500,35000,28000.0,28500,-500.0
ORD002878,2025-11-10,CUST1128,P011,1,0.2,UPI,Completed,4000,2600,4000,3200.0,2600,600.0
ORD002879,2025-11-05,CUST1559,P010,2,0.0,Credit Card,Completed,22000,16000,44000,44000.0,32000,12000.0
ORD002880,2026-08-26,CUST1289,P010,1,0.05,Credit Card,Returned,22000,16000,22000,20900.0,16000,4900.0
ORD002881,2025-04-25,CUST0802,P013,2,0.05,Credit Card,Completed,6000,4200,12000,11400.0,8400,3000.0
ORD002882,2026-07-23,CUST0942,P010,4,0.05,Credit Card,Completed,22000,16000,88000,83600.0,64000,19600.0
ORD002883,2025-12-08,CUST1408,P013,4,0.0,Debit Card,Completed,6000,4200,24000,24000.0,16800,7200.0
ORD002884,2026-06-14,CUST1284,P003,1,0.1,Credit Card,Completed,3000,2100,3000,2700.0,2100,600.0
ORD002885,2026-05-10,CUST0414,P010,3,0.0,UPI,Completed,22000,16000,66000,66000.0,48000,18000.0
ORD002886,2025-09-26,CUST1382,P006,1,0.1,UPI,Completed,35000,28500,35000,31500.0,28500,3000.0
ORD002887,2025-03-21,CUST1099,P014,4,0.05,Credit Card,Completed,2500,1600,10000,9500.0,6400,3100.0
ORD002888,2026-04-01,CUST1379,P001,3,0.1,UPI,Completed,65000,52000,195000,175500.0,156000,19500.0
ORD002889,2025-10-26,CUST1608,P005,1,0.1,Net Banking,Completed,4500,3000,4500,4050.0,3000,1050.0
ORD002890,2025-07-21,CUST1795,P010,1,0.05,Net Banking,Completed,22000,16000,22000,20900.0,16000,4900.0
ORD002891,2026-05-18,CUST0910,P006,1,0.1,UPI,Completed,35000,28500,35000,31500.0,28500,3000.0
ORD002892,2026-04-30,CUST0188,P015,3,0.05,Net Banking,Completed,2200,1400,6600,6270.0,4200,2070.0
ORD002893,2026-08-08,CUST1709,P011,1,0.0,Credit Card,Completed,4000,2600,4000,4000.0,2600,1400.0
ORD002894,2026-07-14,CUST1314,P008,2,0.0,UPI,Cancelled,16000,12500,32000,32000.0,25000,7000.0
ORD002895,2025-01-18,CUST0045,P011,2,0.0,Debit Card,Completed,4000,2600,8000,8000.0,5200,2800.0
ORD002896,2026-04-23,CUST1597,P015,5,0.0,Debit Card,Completed,2200,1400,11000,11000.0,7000,4000.0
ORD002897,2026-05-03,CUST0083,P015,4,0.1,UPI,Completed,2200,1400,8800,7920.0,5600,2320.0
ORD002898,2026-03-22,CUST1147,P009,1,0.05,UPI,Completed,12000,8500,12000,11400.0,8500,2900.0
ORD002899,2025-12-06,CUST0358,P011,2,0.0,UPI,Completed,4000,2600,8000,8000.0,5200,2800.0
ORD002900,2026-06-15,CUST1552,P003,3,0.1,UPI,Completed,3000,2100,9000,8100.0,6300,1800.0
ORD002901,2026-09-04,CUST1090,P002,3,0.1,UPI,Completed,18000,13500,54000,48600.0,40500,8100.0
ORD002902,2025-04-26,CUST0936,P013,1,0.05,Debit Card,Completed,6000,4200,6000,5700.0,4200,1500.0
ORD002903,2025-03-15,CUST1681,P004,1,0.0,UPI,Completed,1500,950,1500,1500.0,950,550.0
ORD002904,2025-09-26,CUST0375,P008,1,0.0,UPI,Completed,16000,12500,16000,16000.0,12500,3500.0
ORD002905,2026-09-29,CUST0162,P011,1,0.05,UPI,Completed,4000,2600,4000,3800.0,2600,1200.0
ORD002906,2025-04-26,CUST1770,P008,1,0.15,Net Banking,Completed,16000,12500,16000,13600.0,12500,1100.0
ORD002907,2025-06-13,CUST1404,P003,2,0.0,Credit Card,Completed,3000,2100,6000,6000.0,4200,1800.0
ORD002908,2026-08-06,CUST1680,P004,2,0.05,Credit Card,Completed,1500,950,3000,2850.0,1900,950.0
ORD002909,2025-08-10,CUST1382,P003,2,0.2,Credit Card,Completed,3000,2100,6000,4800.0,4200,600.0
ORD002910,2025-05-06,CUST1212,P010,2,0.1,Debit Card,Completed,22000,16000,44000,39600.0,32000,7600.0
ORD002911,2025-06-25,CUST0322,P002,1,0.05,Credit Card,Completed,18000,13500,18000,17100.0,13500,3600.0
ORD002912,2026-01-10,CUST0450,P004,3,0.1,UPI,Completed,1500,950,4500,4050.0,2850,1200.0
ORD002913,2026-05-13,CUST1498,P006,4,0.1,UPI,Completed,35000,28500,140000,126000.0,114000,12000.0
ORD002914,2025-03-26,CUST1037,P011,2,0.05,UPI,Completed,4000,2600,8000,7600.0,5200,2400.0
ORD002915,2026-01-18,CUST0184,P014,3,0.15,Credit Card,Completed,2500,1600,7500,6375.0,4800,1575.0
ORD002916,2026-09-25,CUST0111,P011,1,0.05,UPI,Completed,4000,2600,4000,3800.0,2600,1200.0
ORD002917,2026-04-08,CUST0508,P005,3,0.1,UPI,Completed,4500,3000,13500,12150.0,9000,3150.0
ORD002918,2026-03-27,CUST1314,P003,1,0.2,Debit Card,Completed,3000,2100,3000,2400.0,2100,300.0
ORD002919,2026-06-02,CUST0295,P002,1,0.05,Credit Card,Returned,18000,13500,18000,17100.0,13500,3600.0
ORD002920,2026-07-04,CUST1475,P009,1,0.1,Debit Card,Completed,12000,8500,12000,10800.0,8500,2300.0
ORD002921,2025-04-26,CUST0904,P015,2,0.1,Credit Card,Completed,2200,1400,4400,3960.0,2800,1160.0
ORD002922,2026-09-06,CUST1239,P001,1,0.1,Cash,Completed,65000,52000,65000,58500.0,52000,6500.0
ORD002923,2025-01-08,CUST0974,P009,2,0.1,Cash,Completed,12000,8500,24000,21600.0,17000,4600.0
ORD002924,2025-08-06,CUST0632,P001,1,0.0,Net Banking,Completed,65000,52000,65000,65000.0,52000,13000.0
ORD002925,2026-08-13,CUST1591,P015,3,0.1,Cash,Completed,2200,1400,6600,5940.0,4200,1740.0
ORD002926,2026-02-08,CUST1051,P014,2,0.1,UPI,Completed,2500,1600,5000,4500.0,3200,1300.0
ORD002927,2026-07-21,CUST1654,P007,1,0.1,Debit Card,Completed,28000,22000,28000,25200.0,22000,3200.0
ORD002928,2025-10-31,CUST0733,P006,1,0.1,UPI,Completed,35000,28500,35000,31500.0,28500,3000.0
ORD002929,2026-04-12,CUST1255,P007,3,0.0,Debit Card,Completed,28000,22000,84000,84000.0,66000,18000.0
ORD002930,2025-03-29,CUST1589,P015,1,0.05,Credit Card,Completed,2200,1400,2200,2090.0,1400,690.0
ORD002931,2025-01-10,CUST0321,P003,2,0.1,UPI,Completed,3000,2100,6000,5400.0,4200,1200.0
ORD002932,2025-11-04,CUST0913,P014,2,0.15,Cash,Completed,2500,1600,5000,4250.0,3200,1050.0
ORD002933,2026-03-10,CUST1257,P003,1,0.0,UPI,Completed,3000,2100,3000,3000.0,2100,900.0
ORD002934,2025-06-13,CUST1694,P013,1,0.05,Debit Card,Completed,6000,4200,6000,5700.0,4200,1500.0
ORD002935,2025-08-27,CUST0437,P011,1,0.1,Debit Card,Completed,4000,2600,4000,3600.0,2600,1000.0
ORD002936,2025-11-13,CUST0781,P001,1,0.1,UPI,Completed,65000,52000,65000,58500.0,52000,6500.0
ORD002937,2025-12-01,CUST1557,P004,1,0.1,Credit Card,Completed,1500,950,1500,1350.0,950,400.0
ORD002938,2025-01-18,CUST1427,P012,1,0.0,UPI,Completed,9000,6500,9000,9000.0,6500,2500.0
ORD002939,2025-03-12,CUST1077,P002,1,0.1,Net Banking,Completed,18000,13500,18000,16200.0,13500,2700.0
ORD002940,2025-06-24,CUST1337,P010,1,0.1,Cash,Completed,22000,16000,22000,19800.0,16000,3800.0
ORD002941,2025-12-05,CUST1305,P008,4,0.1,Debit Card,Completed,16000,12500,64000,57600.0,50000,7600.0
ORD002942,2025-09-05,CUST0726,P003,2,0.1,Net Banking,Completed,3000,2100,6000,5400.0,4200,1200.0
ORD002943,2025-07-12,CUST0031,P007,3,0.05,UPI,Completed,28000,22000,84000,79800.0,66000,13800.0
ORD002944,2026-02-23,CUST0337,P007,1,0.2,Credit Card,Completed,28000,22000,28000,22400.0,22000,400.0
ORD002945,2025-11-21,CUST0183,P012,1,0.1,UPI,Completed,9000,6500,9000,8100.0,6500,1600.0
ORD002946,2025-11-02,CUST1047,P009,3,0.05,Credit Card,Completed,12000,8500,36000,34200.0,25500,8700.0
ORD002947,2025-07-23,CUST0544,P006,2,0.15,UPI,Completed,35000,28500,70000,59500.0,57000,2500.0
ORD002948,2025-05-03,CUST1470,P001,1,0.15,Credit Card,Completed,65000,52000,65000,55250.0,52000,3250.0
ORD002949,2026-07-24,CUST1098,P008,1,0.1,Debit Card,Completed,16000,12500,16000,14400.0,12500,1900.0
ORD002950,2026-03-23,CUST1034,P001,2,0.05,UPI,Completed,65000,52000,130000,123500.0,104000,19500.0
ORD002951,2026-05-06,CUST1508,P003,3,0.05,UPI,Completed,3000,2100,9000,8550.0,6300,2250.0
ORD002952,2026-03-09,CUST1480,P011,1,0.0,UPI,Completed,4000,2600,4000,4000.0,2600,1400.0
ORD002953,2026-09-16,CUST1590,P005,2,0.0,Debit Card,Completed,4500,3000,9000,9000.0,6000,3000.0
ORD002954,2025-05-08,CUST1588,P008,2,0.05,UPI,Completed,16000,12500,32000,30400.0,25000,5400.0
ORD002955,2026-07-02,CUST0660,P009,5,0.05,UPI,Completed,12000,8500,60000,57000.0,42500,14500.0
ORD002956,2025-02-16,CUST0160,P015,3,0.0,Debit Card,Completed,2200,1400,6600,6600.0,4200,2400.0
ORD002957,2026-05-20,CUST1038,P007,1,0.15,UPI,Completed,28000,22000,28000,23800.0,22000,1800.0
ORD002958,2025-04-25,CUST1202,P009,2,0.05,Credit Card,Completed,12000,8500,24000,22800.0,17000,5800.0
ORD002959,2026-02-20,CUST0412,P011,3,0.05,Debit Card,Completed,4000,2600,12000,11400.0,7800,3600.0
ORD002960,2025-08-11,CUST1012,P003,2,0.05,Credit Card,Completed,3000,2100,6000,5700.0,4200,1500.0
ORD002961,2026-09-28,CUST0053,P013,3,0.0,Credit Card,Completed,6000,4200,18000,18000.0,12600,5400.0
ORD002962,2026-05-18,CUST0408,P005,4,0.15,UPI,Completed,4500,3000,18000,15300.0,12000,3300.0
ORD002963,2025-04-06,CUST0847,P010,1,0.0,UPI,Completed,22000,16000,22000,22000.0,16000,6000.0
ORD002964,2025-04-17,CUST1046,P008,1,0.1,Credit Card,Completed,16000,12500,16000,14400.0,12500,1900.0
ORD002965,2026-09-24,CUST1054,P012,3,0.1,UPI,Completed,9000,6500,27000,24300.0,19500,4800.0
ORD002966,2026-09-05,CUST0703,P001,1,0.05,Net Banking,Completed,65000,52000,65000,61750.0,52000,9750.0
ORD002967,2026-09-07,CUST0260,P008,1,0.05,Credit Card,Completed,16000,12500,16000,15200.0,12500,2700.0
ORD002968,2025-02-01,CUST1229,P007,1,0.0,Credit Card,Completed,28000,22000,28000,28000.0,22000,6000.0
ORD002969,2026-05-08,CUST1083,P001,3,0.0,UPI,Completed,65000,52000,195000,195000.0,156000,39000.0
ORD002970,2025-03-07,CUST1495,P013,1,0.05,Net Banking,Completed,6000,4200,6000,5700.0,4200,1500.0
ORD002971,2025-06-28,CUST0776,P013,2,0.1,Debit Card,Completed,6000,4200,12000,10800.0,8400,2400.0
ORD002972,2026-03-19,CUST1490,P010,1,0.05,Credit Card,Completed,22000,16000,22000,20900.0,16000,4900.0
ORD002973,2026-07-03,CUST1036,P012,1,0.0,Credit Card,Completed,9000,6500,9000,9000.0,6500,2500.0
ORD002974,2025-07-20,CUST1655,P010,1,0.0,Credit Card,Completed,22000,16000,22000,22000.0,16000,6000.0
ORD002975,2025-02-18,CUST1314,P015,1,0.1,Credit Card,Completed,2200,1400,2200,1980.0,1400,580.0
ORD002976,2025-09-20,CUST0850,P012,3,0.05,Credit Card,Completed,9000,6500,27000,25650.0,19500,6150.0
ORD002977,2025-05-13,CUST1784,P006,3,0.0,Credit Card,Completed,35000,28500,105000,105000.0,85500,19500.0
ORD002978,2025-12-10,CUST0354,P001,2,0.1,UPI,Completed,65000,52000,130000,117000.0,104000,13000.0
ORD002979,2025-06-25,CUST1663,P002,1,0.0,UPI,Completed,18000,13500,18000,18000.0,13500,4500.0
ORD002980,2026-01-26,CUST1099,P005,2,0.05,UPI,Completed,4500,3000,9000,8550.0,6000,2550.0
ORD002981,2025-01-11,CUST0873,P002,1,0.0,UPI,Completed,18000,13500,18000,18000.0,13500,4500.0
ORD002982,2025-07-20,CUST1740,P014,1,0.15,UPI,Completed,2500,1600,2500,2125.0,1600,525.0
ORD002983,2025-01-03,CUST1585,P010,2,0.0,Net Banking,Completed,22000,16000,44000,44000.0,32000,12000.0
ORD002984,2025-08-02,CUST1615,P001,2,0.05,Debit Card,Completed,65000,52000,130000,123500.0,104000,19500.0
ORD002985,2025-11-03,CUST1465,P006,1,0.2,Cash,Completed,35000,28500,35000,28000.0,28500,-500.0
ORD002986,2026-06-28,CUST0991,P008,1,0.0,UPI,Completed,16000,12500,16000,16000.0,12500,3500.0
ORD002987,2026-07-14,CUST1265,P008,4,0.1,Credit Card,Completed,16000,12500,64000,57600.0,50000,7600.0
ORD002988,2025-11-23,CUST1018,P013,1,0.0,Debit Card,Completed,6000,4200,6000,6000.0,4200,1800.0
ORD002989,2025-07-18,CUST1178,P013,4,0.0,Credit Card,Completed,6000,4200,24000,24000.0,16800,7200.0
ORD002990,2026-08-24,CUST1120,P008,5,0.1,Credit Card,Completed,16000,12500,80000,72000.0,62500,9500.0
ORD002991,2025-04-19,CUST1750,P011,2,0.15,Credit Card,Completed,4000,2600,8000,6800.0,5200,1600.0
ORD002992,2025-10-18,CUST0294,P006,1,0.05,Credit Card,Completed,35000,28500,35000,33250.0,28500,4750.0
ORD002993,2025-04-18,CUST0209,P011,3,0.1,Debit Card,Completed,4000,2600,12000,10800.0,7800,3000.0
ORD002994,2026-02-12,CUST1367,P003,1,0.1,Debit Card,Completed,3000,2100,3000,2700.0,2100,600.0
ORD002995,2026-07-06,CUST1112,P001,1,0.05,Cash,Completed,65000,52000,65000,61750.0,52000,9750.0
ORD002996,2025-02-21,CUST0818,P002,3,0.1,Net Banking,Completed,18000,13500,54000,48600.0,40500,8100.0
ORD002997,2025-04-22,CUST1800,P005,1,0.0,Credit Card,Completed,4500,3000,4500,4500.0,3000,1500.0
ORD002998,2025-10-22,CUST0390,P013,1,0.05,UPI,Completed,6000,4200,6000,5700.0,4200,1500.0
ORD002999,2026-08-03,CUST0325,P010,2,0.05,UPI,Completed,22000,16000,44000,41800.0,32000,9800.0
ORD003000,2025-07-08,CUST0940,P005,2,0.15,UPI,Completed,4500,3000,9000,7650.0,6000,1650.0
ORD003001,2025-03-06,CUST0889,P010,1,0.0,UPI,Completed,22000,16000,22000,22000.0,16000,6000.0
ORD003002,2026-07-28,CUST1181,P014,1,0.1,Credit Card,Completed,2500,1600,2500,2250.0,1600,650.0
ORD003003,2026-04-10,CUST0668,P001,1,0.0,UPI,Completed,65000,52000,65000,65000.0,52000,13000.0
ORD003004,2025-09-15,CUST1675,P001,1,0.0,Debit Card,Completed,65000,52000,65000,65000.0,52000,13000.0
ORD003005,2026-09-26,CUST0633,P015,3,0.1,UPI,Completed,2200,1400,6600,5940.0,4200,1740.0
ORD003006,2025-11-27,CUST0577,P009,2,0.1,Credit Card,Completed,12000,8500,24000,21600.0,17000,4600.0
ORD003007,2026-05-16,CUST1643,P002,2,0.05,UPI,Completed,18000,13500,36000,34200.0,27000,7200.0
ORD003008,2025-07-29,CUST1683,P007,1,0.0,Net Banking,Completed,28000,22000,28000,28000.0,22000,6000.0
ORD003009,2025-03-30,CUST0137,P010,1,0.15,Debit Card,Completed,22000,16000,22000,18700.0,16000,2700.0
ORD003010,2025-01-28,CUST1698,P004,1,0.0,Credit Card,Completed,1500,950,1500,1500.0,950,550.0
ORD003011,2025-08-26,CUST0428,P007,1,0.1,Net Banking,Completed,28000,22000,28000,25200.0,22000,3200.0
ORD003012,2025-12-02,CUST1476,P008,1,0.1,UPI,Completed,16000,12500,16000,14400.0,12500,1900.0
ORD003013,2025-03-04,CUST0612,P005,1,0.1,Net Banking,Completed,4500,3000,4500,4050.0,3000,1050.0
ORD003014,2026-07-07,CUST0911,P013,1,0.15,Credit Card,Completed,6000,4200,6000,5100.0,4200,900.0
ORD003015,2026-05-15,CUST0819,P012,2,0.1,UPI,Completed,9000,6500,18000,16200.0,13000,3200.0
ORD003016,2026-06-25,CUST0141,P012,3,0.0,UPI,Cancelled,9000,6500,27000,27000.0,19500,7500.0
ORD003017,2026-04-14,CUST1107,P001,2,0.05,UPI,Completed,65000,52000,130000,123500.0,104000,19500.0
ORD003018,2026-08-15,CUST0177,P004,1,0.05,Net Banking,Completed,1500,950,1500,1425.0,950,475.0
ORD003019,2025-02-20,CUST0198,P010,3,0.0,Debit Card,Cancelled,22000,16000,66000,66000.0,48000,18000.0
ORD003020,2025-04-22,CUST0624,P003,4,0.15,UPI,Completed,3000,2100,12000,10200.0,8400,1800.0
ORD003021,2025-10-28,CUST1592,P010,1,0.0,Credit Card,Returned,22000,16000,22000,22000.0,16000,6000.0
ORD003022,2025-03-31,CUST0691,P015,2,0.1,UPI,Completed,2200,1400,4400,3960.0,2800,1160.0
ORD003023,2025-08-17,CUST1445,P012,3,0.1,UPI,Returned,9000,6500,27000,24300.0,19500,4800.0
ORD003024,2025-05-30,CUST0401,P005,2,0.1,Net Banking,Completed,4500,3000,9000,8100.0,6000,2100.0
ORD003025,2025-05-18,CUST1722,P010,1,0.05,Credit Card,Completed,22000,16000,22000,20900.0,16000,4900.0
ORD003026,2025-05-15,CUST0471,P013,1,0.1,Credit Card,Completed,6000,4200,6000,5400.0,4200,1200.0
ORD003027,2026-04-02,CUST0218,P010,2,0.0,Net Banking,Completed,22000,16000,44000,44000.0,32000,12000.0
ORD003028,2026-08-24,CUST0929,P013,1,0.1,Credit Card,Completed,6000,4200,6000,5400.0,4200,1200.0
ORD003029,2026-05-09,CUST1753,P006,4,0.0,UPI,Completed,35000,28500,140000,140000.0,114000,26000.0
ORD003030,2026-06-11,CUST0632,P002,2,0.15,UPI,Completed,18000,13500,36000,30600.0,27000,3600.0
ORD003031,2025-11-29,CUST0951,P007,1,0.0,Credit Card,Completed,28000,22000,28000,28000.0,22000,6000.0
ORD003032,2025-12-28,CUST0906,P013,2,0.0,Credit Card,Completed,6000,4200,12000,12000.0,8400,3600.0
ORD003033,2025-06-23,CUST0175,P003,2,0.05,UPI,Completed,3000,2100,6000,5700.0,4200,1500.0
ORD003034,2026-08-25,CUST0023,P015,1,0.1,Debit Card,Completed,2200,1400,2200,1980.0,1400,580.0
ORD003035,2025-08-01,CUST1749,P001,1,0.1,Net Banking,Completed,65000,52000,65000,58500.0,52000,6500.0
ORD003036,2025-12-09,CUST0235,P010,4,0.0,Debit Card,Completed,22000,16000,88000,88000.0,64000,24000.0
ORD003037,2025-03-02,CUST1037,P003,2,0.0,Net Banking,Completed,3000,2100,6000,6000.0,4200,1800.0
ORD003038,2025-03-02,CUST1125,P009,1,0.0,UPI,Completed,12000,8500,12000,12000.0,8500,3500.0
ORD003039,2026-06-08,CUST0929,P010,1,0.05,UPI,Completed,22000,16000,22000,20900.0,16000,4900.0
ORD003040,2025-08-04,CUST1560,P011,2,0.05,Debit Card,Completed,4000,2600,8000,7600.0,5200,2400.0
ORD003041,2026-08-12,CUST0523,P011,2,0.05,UPI,Completed,4000,2600,8000,7600.0,5200,2400.0
ORD003042,2026-09-16,CUST1476,P015,1,0.1,UPI,Completed,2200,1400,2200,1980.0,1400,580.0
ORD003043,2026-08-01,CUST0431,P006,2,0.05,UPI,Completed,35000,28500,70000,66500.0,57000,9500.0
ORD003044,2026-02-27,CUST0793,P011,1,0.15,Debit Card,Completed,4000,2600,4000,3400.0,2600,800.0
ORD003045,2026-02-27,CUST1630,P006,1,0.0,UPI,Completed,35000,28500,35000,35000.0,28500,6500.0
ORD003046,2026-01-06,CUST1737,P004,2,0.1,UPI,Completed,1500,950,3000,2700.0,1900,800.0
ORD003047,2025-07-25,CUST0533,P015,1,0.1,UPI,Completed,2200,1400,2200,1980.0,1400,580.0
ORD003048,2025-10-13,CUST0979,P008,3,0.0,Debit Card,Completed,16000,12500,48000,48000.0,37500,10500.0
ORD003049,2025-04-15,CUST1747,P005,1,0.05,Credit Card,Completed,4500,3000,4500,4275.0,3000,1275.0
ORD003050,2026-06-27,CUST1676,P007,2,0.05,UPI,Completed,28000,22000,56000,53200.0,44000,9200.0
ORD003051,2025-08-30,CUST1317,P009,1,0.0,Debit Card,Completed,12000,8500,12000,12000.0,8500,3500.0
ORD003052,2026-05-06,CUST0810,P013,1,0.05,Debit Card,Completed,6000,4200,6000,5700.0,4200,1500.0
ORD003053,2026-05-13,CUST0913,P013,3,0.05,Credit Card,Completed,6000,4200,18000,17100.0,12600,4500.0
ORD003054,2026-03-11,CUST1125,P014,2,0.0,UPI,Completed,2500,1600,5000,5000.0,3200,1800.0
ORD003055,2026-04-29,CUST1526,P005,2,0.05,Credit Card,Completed,4500,3000,9000,8550.0,6000,2550.0
ORD003056,2026-03-23,CUST1328,P011,2,0.05,Net Banking,Completed,4000,2600,8000,7600.0,5200,2400.0
ORD003057,2026-01-19,CUST0871,P014,2,0.0,UPI,Completed,2500,1600,5000,5000.0,3200,1800.0
ORD003058,2026-05-25,CUST0540,P005,3,0.0,UPI,Completed,4500,3000,13500,13500.0,9000,4500.0
ORD003059,2025-06-19,CUST1024,P014,2,0.1,UPI,Returned,2500,1600,5000,4500.0,3200,1300.0
ORD003060,2025-11-19,CUST1577,P004,2,0.1,Debit Card,Completed,1500,950,3000,2700.0,1900,800.0
ORD003061,2026-04-19,CUST1379,P006,3,0.15,Debit Card,Completed,35000,28500,105000,89250.0,85500,3750.0
ORD003062,2025-08-20,CUST1327,P002,4,0.0,UPI,Completed,18000,13500,72000,72000.0,54000,18000.0
ORD003063,2025-12-25,CUST1520,P003,1,0.0,UPI,Completed,3000,2100,3000,3000.0,2100,900.0
ORD003064,2025-10-02,CUST1682,P001,2,0.0,Net Banking,Completed,65000,52000,130000,130000.0,104000,26000.0
ORD003065,2025-02-01,CUST1792,P002,1,0.05,Debit Card,Completed,18000,13500,18000,17100.0,13500,3600.0
ORD003066,2025-06-26,CUST0227,P002,1,0.1,Net Banking,Completed,18000,13500,18000,16200.0,13500,2700.0
ORD003067,2025-03-06,CUST1260,P008,1,0.05,Net Banking,Completed,16000,12500,16000,15200.0,12500,2700.0
ORD003068,2025-01-27,CUST0873,P008,3,0.1,Credit Card,Returned,16000,12500,48000,43200.0,37500,5700.0
ORD003069,2026-04-24,CUST0892,P002,2,0.1,UPI,Completed,18000,13500,36000,32400.0,27000,5400.0
ORD003070,2025-09-25,CUST1479,P013,2,0.2,Debit Card,Completed,6000,4200,12000,9600.0,8400,1200.0
ORD003071,2026-08-20,CUST1037,P014,1,0.0,Credit Card,Completed,2500,1600,2500,2500.0,1600,900.0
ORD003072,2025-03-07,CUST0210,P006,1,0.0,Credit Card,Completed,35000,28500,35000,35000.0,28500,6500.0
ORD003073,2025-05-13,CUST0741,P015,4,0.0,Credit Card,Completed,2200,1400,8800,8800.0,5600,3200.0
ORD003074,2026-01-01,CUST0397,P005,1,0.0,Net Banking,Completed,4500,3000,4500,4500.0,3000,1500.0
ORD003075,2025-03-23,CUST1124,P003,1,0.15,UPI,Completed,3000,2100,3000,2550.0,2100,450.0
ORD003076,2025-11-24,CUST0031,P005,1,0.0,UPI,Completed,4500,3000,4500,4500.0,3000,1500.0
ORD003077,2025-04-08,CUST0898,P005,2,0.05,Debit Card,Cancelled,4500,3000,9000,8550.0,6000,2550.0
ORD003078,2026-08-08,CUST1552,P005,1,0.0,Net Banking,Completed,4500,3000,4500,4500.0,3000,1500.0
ORD003079,2025-11-23,CUST0649,P003,1,0.0,Net Banking,Completed,3000,2100,3000,3000.0,2100,900.0
ORD003080,2026-06-26,CUST0329,P015,2,0.0,Credit Card,Completed,2200,1400,4400,4400.0,2800,1600.0
ORD003081,2025-05-05,CUST1190,P003,1,0.0,UPI,Completed,3000,2100,3000,3000.0,2100,900.0
ORD003082,2025-07-29,CUST1483,P004,2,0.1,Credit Card,Completed,1500,950,3000,2700.0,1900,800.0
ORD003083,2025-05-13,CUST0952,P007,1,0.2,Net Banking,Completed,28000,22000,28000,22400.0,22000,400.0
ORD003084,2026-05-18,CUST1124,P012,1,0.05,Credit Card,Cancelled,9000,6500,9000,8550.0,6500,2050.0
ORD003085,2025-06-06,CUST0621,P012,2,0.05,Debit Card,Completed,9000,6500,18000,17100.0,13000,4100.0
ORD003086,2026-07-13,CUST1197,P012,3,0.0,UPI,Completed,9000,6500,27000,27000.0,19500,7500.0
ORD003087,2026-01-17,CUST1773,P014,3,0.1,UPI,Completed,2500,1600,7500,6750.0,4800,1950.0
ORD003088,2025-01-22,CUST0162,P002,2,0.0,Credit Card,Completed,18000,13500,36000,36000.0,27000,9000.0
ORD003089,2026-08-18,CUST1752,P010,1,0.15,Net Banking,Completed,22000,16000,22000,18700.0,16000,2700.0
ORD003090,2026-02-23,CUST0776,P004,1,0.05,Cash,Completed,1500,950,1500,1425.0,950,475.0
ORD003091,2026-04-17,CUST1287,P004,1,0.0,Net Banking,Completed,1500,950,1500,1500.0,950,550.0
ORD003092,2025-08-22,CUST0274,P001,3,0.05,Credit Card,Completed,65000,52000,195000,185250.0,156000,29250.0
ORD003093,2026-07-26,CUST1027,P010,3,0.2,Debit Card,Completed,22000,16000,66000,52800.0,48000,4800.0
ORD003094,2026-03-30,CUST1052,P008,4,0.0,Net Banking,Completed,16000,12500,64000,64000.0,50000,14000.0
ORD003095,2026-07-24,CUST0326,P001,1,0.0,UPI,Completed,65000,52000,65000,65000.0,52000,13000.0
ORD003096,2025-06-11,CUST0940,P008,2,0.0,Cash,Completed,16000,12500,32000,32000.0,25000,7000.0
ORD003097,2025-10-28,CUST1173,P007,2,0.05,Credit Card,Completed,28000,22000,56000,53200.0,44000,9200.0
ORD003098,2025-11-02,CUST0540,P009,2,0.0,Cash,Completed,12000,8500,24000,24000.0,17000,7000.0
ORD003099,2025-01-02,CUST0488,P008,2,0.1,Debit Card,Completed,16000,12500,32000,28800.0,25000,3800.0
ORD003100,2025-09-28,CUST0822,P005,3,0.15,UPI,Completed,4500,3000,13500,11475.0,9000,2475.0
ORD003101,2026-02-25,CUST1462,P008,1,0.15,UPI,Completed,16000,12500,16000,13600.0,12500,1100.0
ORD003102,2025-05-23,CUST1089,P014,1,0.0,Credit Card,Cancelled,2500,1600,2500,2500.0,1600,900.0
ORD003103,2026-06-19,CUST0356,P015,1,0.05,UPI,Completed,2200,1400,2200,2090.0,1400,690.0
ORD003104,2025-02-06,CUST1557,P011,1,0.0,Credit Card,Completed,4000,2600,4000,4000.0,2600,1400.0
ORD003105,2025-04-17,CUST1276,P010,1,0.05,Debit Card,Completed,22000,16000,22000,20900.0,16000,4900.0
ORD003106,2025-10-24,CUST0235,P012,1,0.1,Credit Card,Returned,9000,6500,9000,8100.0,6500,1600.0
ORD003107,2025-04-07,CUST0227,P015,1,0.05,UPI,Completed,2200,1400,2200,2090.0,1400,690.0
ORD003108,2025-10-08,CUST1549,P012,2,0.15,Cash,Completed,9000,6500,18000,15300.0,13000,2300.0
ORD003109,2025-04-20,CUST1337,P003,3,0.1,Credit Card,Completed,3000,2100,9000,8100.0,6300,1800.0
ORD003110,2026-07-03,CUST0049,P015,3,0.0,Net Banking,Cancelled,2200,1400,6600,6600.0,4200,2400.0
ORD003111,2026-07-06,CUST0118,P010,1,0.1,UPI,Completed,22000,16000,22000,19800.0,16000,3800.0
ORD003112,2026-08-20,CUST0054,P007,1,0.0,Net Banking,Cancelled,28000,22000,28000,28000.0,22000,6000.0
ORD003113,2025-07-07,CUST1674,P012,1,0.05,UPI,Completed,9000,6500,9000,8550.0,6500,2050.0
ORD003114,2026-05-03,CUST0565,P004,5,0.0,Debit Card,Completed,1500,950,7500,7500.0,4750,2750.0
ORD003115,2025-12-20,CUST1068,P005,2,0.15,Debit Card,Completed,4500,3000,9000,7650.0,6000,1650.0
ORD003116,2025-01-19,CUST0053,P009,1,0.05,Net Banking,Completed,12000,8500,12000,11400.0,8500,2900.0
ORD003117,2026-01-28,CUST1610,P007,3,0.1,UPI,Completed,28000,22000,84000,75600.0,66000,9600.0
ORD003118,2025-09-18,CUST0558,P004,1,0.1,UPI,Completed,1500,950,1500,1350.0,950,400.0
ORD003119,2026-02-14,CUST1549,P006,3,0.1,Net Banking,Completed,35000,28500,105000,94500.0,85500,9000.0
ORD003120,2026-02-07,CUST1701,P010,1,0.1,UPI,Returned,22000,16000,22000,19800.0,16000,3800.0
ORD003121,2026-04-29,CUST1126,P014,1,0.0,UPI,Completed,2500,1600,2500,2500.0,1600,900.0
ORD003122,2025-10-31,CUST1794,P011,2,0.1,Credit Card,Completed,4000,2600,8000,7200.0,5200,2000.0
ORD003123,2026-09-16,CUST0868,P007,3,0.05,UPI,Completed,28000,22000,84000,79800.0,66000,13800.0
ORD003124,2025-01-18,CUST0398,P013,3,0.05,UPI,Completed,6000,4200,18000,17100.0,12600,4500.0
ORD003125,2025-07-03,CUST1162,P010,2,0.0,Credit Card,Completed,22000,16000,44000,44000.0,32000,12000.0
ORD003126,2026-02-09,CUST0675,P013,1,0.0,UPI,Completed,6000,4200,6000,6000.0,4200,1800.0
ORD003127,2025-05-11,CUST0387,P009,1,0.15,Credit Card,Completed,12000,8500,12000,10200.0,8500,1700.0
ORD003128,2026-04-24,CUST0111,P004,5,0.0,Credit Card,Completed,1500,950,7500,7500.0,4750,2750.0
ORD003129,2025-01-08,CUST0614,P010,2,0.05,Debit Card,Completed,22000,16000,44000,41800.0,32000,9800.0
ORD003130,2025-11-14,CUST0017,P003,3,0.0,Net Banking,Completed,3000,2100,9000,9000.0,6300,2700.0
ORD003131,2026-01-26,CUST1206,P008,1,0.0,UPI,Completed,16000,12500,16000,16000.0,12500,3500.0
ORD003132,2026-06-03,CUST0884,P015,2,0.0,Net Banking,Completed,2200,1400,4400,4400.0,2800,1600.0
ORD003133,2025-05-16,CUST1560,P001,1,0.05,Net Banking,Completed,65000,52000,65000,61750.0,52000,9750.0
ORD003134,2026-06-15,CUST0541,P009,2,0.15,Debit Card,Completed,12000,8500,24000,20400.0,17000,3400.0
ORD003135,2026-01-02,CUST0171,P013,3,0.0,Cash,Completed,6000,4200,18000,18000.0,12600,5400.0
ORD003136,2026-05-04,CUST0409,P001,2,0.0,UPI,Completed,65000,52000,130000,130000.0,104000,26000.0
ORD003137,2025-01-11,CUST0740,P002,2,0.05,Net Banking,Completed,18000,13500,36000,34200.0,27000,7200.0
ORD003138,2026-07-07,CUST1402,P013,1,0.05,Debit Card,Completed,6000,4200,6000,5700.0,4200,1500.0
ORD003139,2026-03-22,CUST1212,P008,1,0.15,UPI,Completed,16000,12500,16000,13600.0,12500,1100.0
ORD003140,2025-04-24,CUST0858,P009,4,0.05,Debit Card,Completed,12000,8500,48000,45600.0,34000,11600.0
ORD003141,2025-07-15,CUST0230,P007,1,0.05,Credit Card,Completed,28000,22000,28000,26600.0,22000,4600.0
ORD003142,2025-11-19,CUST0119,P003,3,0.05,UPI,Completed,3000,2100,9000,8550.0,6300,2250.0
ORD003143,2026-05-27,CUST1180,P007,2,0.1,UPI,Completed,28000,22000,56000,50400.0,44000,6400.0
ORD003144,2026-09-20,CUST0784,P006,3,0.05,Debit Card,Completed,35000,28500,105000,99750.0,85500,14250.0
ORD003145,2026-09-22,CUST1711,P002,4,0.0,Debit Card,Completed,18000,13500,72000,72000.0,54000,18000.0
ORD003146,2025-06-14,CUST0465,P003,2,0.0,Credit Card,Completed,3000,2100,6000,6000.0,4200,1800.0
ORD003147,2025-09-09,CUST0104,P011,3,0.15,Credit Card,Completed,4000,2600,12000,10200.0,7800,2400.0
ORD003148,2025-02-13,CUST1628,P013,1,0.1,UPI,Completed,6000,4200,6000,5400.0,4200,1200.0
ORD003149,2026-04-15,CUST0698,P012,2,0.0,Credit Card,Completed,9000,6500,18000,18000.0,13000,5000.0
ORD003150,2026-05-04,CUST1526,P013,3,0.1,Net Banking,Completed,6000,4200,18000,16200.0,12600,3600.0
ORD003151,2025-06-30,CUST1717,P010,1,0.05,Net Banking,Completed,22000,16000,22000,20900.0,16000,4900.0
ORD003152,2025-03-18,CUST1706,P010,2,0.05,Debit Card,Completed,22000,16000,44000,41800.0,32000,9800.0
ORD003153,2026-01-09,CUST1723,P013,3,0.0,Cash,Completed,6000,4200,18000,18000.0,12600,5400.0
ORD003154,2026-09-20,CUST0175,P012,3,0.1,Net Banking,Completed,9000,6500,27000,24300.0,19500,4800.0
ORD003155,2025-03-08,CUST1758,P015,1,0.0,UPI,Completed,2200,1400,2200,2200.0,1400,800.0
ORD003156,2026-06-09,CUST0745,P005,2,0.1,Credit Card,Completed,4500,3000,9000,8100.0,6000,2100.0
ORD003157,2025-04-02,CUST1698,P010,1,0.0,UPI,Completed,22000,16000,22000,22000.0,16000,6000.0
ORD003158,2025-09-01,CUST1445,P004,2,0.1,Credit Card,Completed,1500,950,3000,2700.0,1900,800.0
ORD003159,2025-12-07,CUST1158,P002,1,0.0,Debit Card,Completed,18000,13500,18000,18000.0,13500,4500.0
ORD003160,2025-10-31,CUST1415,P004,2,0.0,UPI,Completed,1500,950,3000,3000.0,1900,1100.0
ORD003161,2026-02-02,CUST1760,P012,1,0.0,Net Banking,Completed,9000,6500,9000,9000.0,6500,2500.0
ORD003162,2026-03-24,CUST1525,P008,1,0.0,Credit Card,Completed,16000,12500,16000,16000.0,12500,3500.0
ORD003163,2025-04-07,CUST0665,P005,1,0.05,Debit Card,Completed,4500,3000,4500,4275.0,3000,1275.0
ORD003164,2025-11-27,CUST0033,P005,1,0.0,UPI,Completed,4500,3000,4500,4500.0,3000,1500.0
ORD003165,2025-07-24,CUST0055,P013,2,0.2,UPI,Completed,6000,4200,12000,9600.0,8400,1200.0
ORD003166,2026-03-25,CUST0519,P012,3,0.05,Debit Card,Completed,9000,6500,27000,25650.0,19500,6150.0
ORD003167,2026-02-22,CUST0756,P012,1,0.05,Net Banking,Completed,9000,6500,9000,8550.0,6500,2050.0
ORD003168,2025-03-18,CUST1662,P010,1,0.0,Net Banking,Completed,22000,16000,22000,22000.0,16000,6000.0
ORD003169,2026-07-03,CUST0012,P003,1,0.05,Debit Card,Completed,3000,2100,3000,2850.0,2100,750.0
ORD003170,2026-03-01,CUST1552,P013,2,0.0,UPI,Completed,6000,4200,12000,12000.0,8400,3600.0
ORD003171,2026-03-05,CUST0720,P008,1,0.1,UPI,Returned,16000,12500,16000,14400.0,12500,1900.0
ORD003172,2026-04-30,CUST0555,P006,1,0.0,Net Banking,Completed,35000,28500,35000,35000.0,28500,6500.0
ORD003173,2025-05-15,CUST0373,P002,1,0.1,UPI,Completed,18000,13500,18000,16200.0,13500,2700.0
ORD003174,2025-09-11,CUST0484,P002,1,0.05,Debit Card,Completed,18000,13500,18000,17100.0,13500,3600.0
ORD003175,2026-07-14,CUST0973,P009,1,0.2,Credit Card,Completed,12000,8500,12000,9600.0,8500,1100.0
ORD003176,2025-09-12,CUST1671,P013,1,0.0,Credit Card,Completed,6000,4200,6000,6000.0,4200,1800.0
ORD003177,2026-05-14,CUST1252,P007,2,0.0,Credit Card,Completed,28000,22000,56000,56000.0,44000,12000.0
ORD003178,2026-09-05,CUST0623,P010,2,0.05,Net Banking,Completed,22000,16000,44000,41800.0,32000,9800.0
ORD003179,2026-04-29,CUST0307,P009,1,0.2,Net Banking,Completed,12000,8500,12000,9600.0,8500,1100.0
ORD003180,2025-02-15,CUST0457,P014,2,0.1,Net Banking,Completed,2500,1600,5000,4500.0,3200,1300.0
ORD003181,2026-03-19,CUST0160,P006,1,0.0,Credit Card,Completed,35000,28500,35000,35000.0,28500,6500.0
ORD003182,2026-08-05,CUST0331,P015,4,0.05,UPI,Completed,2200,1400,8800,8360.0,5600,2760.0
ORD003183,2026-08-02,CUST0776,P005,1,0.15,Cash,Completed,4500,3000,4500,3825.0,3000,825.0
ORD003184,2025-01-04,CUST0225,P012,2,0.0,UPI,Completed,9000,6500,18000,18000.0,13000,5000.0
ORD003185,2025-01-01,CUST0983,P001,2,0.0,Credit Card,Completed,65000,52000,130000,130000.0,104000,26000.0
ORD003186,2025-10-17,CUST0729,P012,1,0.1,UPI,Completed,9000,6500,9000,8100.0,6500,1600.0
ORD003187,2025-04-19,CUST1528,P006,4,0.15,Credit Card,Completed,35000,28500,140000,119000.0,114000,5000.0
ORD003188,2026-07-29,CUST1480,P006,2,0.1,UPI,Completed,35000,28500,70000,63000.0,57000,6000.0
ORD003189,2026-04-05,CUST1069,P003,2,0.2,Net Banking,Completed,3000,2100,6000,4800.0,4200,600.0
ORD003190,2025-09-23,CUST1238,P003,1,0.0,Cash,Completed,3000,2100,3000,3000.0,2100,900.0
ORD003191,2025-05-18,CUST1083,P015,1,0.05,Credit Card,Returned,2200,1400,2200,2090.0,1400,690.0
ORD003192,2026-03-10,CUST0644,P003,2,0.1,UPI,Completed,3000,2100,6000,5400.0,4200,1200.0
ORD003193,2025-02-13,CUST0616,P003,1,0.1,Debit Card,Completed,3000,2100,3000,2700.0,2100,600.0
ORD003194,2026-05-25,CUST0195,P007,2,0.1,Credit Card,Completed,28000,22000,56000,50400.0,44000,6400.0
ORD003195,2025-09-19,CUST0489,P010,1,0.15,Cash,Completed,22000,16000,22000,18700.0,16000,2700.0
ORD003196,2026-09-25,CUST0157,P011,2,0.05,UPI,Cancelled,4000,2600,8000,7600.0,5200,2400.0
ORD003197,2025-06-01,CUST0610,P002,2,0.0,UPI,Completed,18000,13500,36000,36000.0,27000,9000.0
ORD003198,2025-08-01,CUST1250,P010,1,0.05,Debit Card,Completed,22000,16000,22000,20900.0,16000,4900.0
ORD003199,2025-08-22,CUST0412,P013,2,0.1,Debit Card,Completed,6000,4200,12000,10800.0,8400,2400.0
ORD003200,2026-09-15,CUST1229,P010,1,0.0,Credit Card,Completed,22000,16000,22000,22000.0,16000,6000.0
ORD003201,2025-12-27,CUST1103,P002,1,0.1,UPI,Completed,18000,13500,18000,16200.0,13500,2700.0
ORD003202,2025-11-16,CUST1148,P003,1,0.0,UPI,Completed,3000,2100,3000,3000.0,2100,900.0
ORD003203,2025-08-10,CUST0471,P010,1,0.0,UPI,Completed,22000,16000,22000,22000.0,16000,6000.0
ORD003204,2025-07-29,CUST1242,P012,1,0.05,UPI,Completed,9000,6500,9000,8550.0,6500,2050.0
ORD003205,2026-01-31,CUST0516,P007,4,0.1,Net Banking,Completed,28000,22000,112000,100800.0,88000,12800.0
ORD003206,2026-08-06,CUST1626,P003,1,0.0,UPI,Completed,3000,2100,3000,3000.0,2100,900.0
ORD003207,2026-05-04,CUST1128,P007,1,0.1,Credit Card,Cancelled,28000,22000,28000,25200.0,22000,3200.0
ORD003208,2026-08-24,CUST0393,P009,1,0.05,Debit Card,Completed,12000,8500,12000,11400.0,8500,2900.0
ORD003209,2026-04-09,CUST0631,P011,1,0.0,UPI,Completed,4000,2600,4000,4000.0,2600,1400.0
ORD003210,2026-09-16,CUST1669,P010,2,0.0,Net Banking,Completed,22000,16000,44000,44000.0,32000,12000.0
ORD003211,2026-03-28,CUST0608,P012,1,0.1,Debit Card,Completed,9000,6500,9000,8100.0,6500,1600.0
ORD003212,2026-02-17,CUST0980,P015,2,0.05,UPI,Completed,2200,1400,4400,4180.0,2800,1380.0
ORD003213,2026-04-21,CUST0434,P011,1,0.15,Net Banking,Completed,4000,2600,4000,3400.0,2600,800.0
ORD003214,2025-09-13,CUST1355,P004,3,0.05,Credit Card,Completed,1500,950,4500,4275.0,2850,1425.0
ORD003215,2025-05-30,CUST1167,P007,1,0.0,Debit Card,Completed,28000,22000,28000,28000.0,22000,6000.0
ORD003216,2025-05-07,CUST0540,P009,1,0.0,Net Banking,Completed,12000,8500,12000,12000.0,8500,3500.0
ORD003217,2026-01-27,CUST0278,P014,2,0.0,Net Banking,Completed,2500,1600,5000,5000.0,3200,1800.0
ORD003218,2026-04-25,CUST0233,P008,1,0.05,Credit Card,Completed,16000,12500,16000,15200.0,12500,2700.0
ORD003219,2026-02-01,CUST1553,P008,3,0.05,UPI,Completed,16000,12500,48000,45600.0,37500,8100.0
ORD003220,2026-02-06,CUST1595,P009,2,0.1,UPI,Completed,12000,8500,24000,21600.0,17000,4600.0
ORD003221,2025-10-01,CUST1114,P014,1,0.0,Debit Card,Completed,2500,1600,2500,2500.0,1600,900.0
ORD003222,2025-05-19,CUST1516,P005,2,0.0,Net Banking,Completed,4500,3000,9000,9000.0,6000,3000.0
ORD003223,2025-04-13,CUST1223,P014,4,0.0,UPI,Completed,2500,1600,10000,10000.0,6400,3600.0
ORD003224,2025-08-30,CUST0362,P005,2,0.0,UPI,Completed,4500,3000,9000,9000.0,6000,3000.0
ORD003225,2025-04-27,CUST1465,P003,4,0.05,Net Banking,Completed,3000,2100,12000,11400.0,8400,3000.0
ORD003226,2025-08-02,CUST0026,P005,1,0.2,Credit Card,Completed,4500,3000,4500,3600.0,3000,600.0
ORD003227,2026-04-29,CUST1049,P008,2,0.1,UPI,Completed,16000,12500,32000,28800.0,25000,3800.0
ORD003228,2026-06-13,CUST1418,P012,4,0.1,UPI,Completed,9000,6500,36000,32400.0,26000,6400.0
ORD003229,2025-08-12,CUST0507,P005,1,0.0,UPI,Completed,4500,3000,4500,4500.0,3000,1500.0
ORD003230,2025-09-27,CUST1325,P004,4,0.0,Cash,Completed,1500,950,6000,6000.0,3800,2200.0
ORD003231,2025-05-14,CUST1363,P008,1,0.0,Cash,Completed,16000,12500,16000,16000.0,12500,3500.0
ORD003232,2025-04-24,CUST0267,P007,4,0.0,UPI,Completed,28000,22000,112000,112000.0,88000,24000.0
ORD003233,2026-03-17,CUST0461,P015,1,0.05,Cash,Completed,2200,1400,2200,2090.0,1400,690.0
ORD003234,2025-12-31,CUST1717,P014,1,0.0,UPI,Returned,2500,1600,2500,2500.0,1600,900.0
ORD003235,2025-08-20,CUST0456,P014,3,0.15,Net Banking,Completed,2500,1600,7500,6375.0,4800,1575.0
ORD003236,2026-04-03,CUST1384,P006,1,0.2,UPI,Completed,35000,28500,35000,28000.0,28500,-500.0
ORD003237,2026-01-10,CUST1092,P005,1,0.0,Net Banking,Completed,4500,3000,4500,4500.0,3000,1500.0
ORD003238,2026-08-27,CUST1007,P014,1,0.1,Credit Card,Completed,2500,1600,2500,2250.0,1600,650.0
ORD003239,2026-09-03,CUST0863,P005,2,0.1,UPI,Completed,4500,3000,9000,8100.0,6000,2100.0
ORD003240,2025-07-26,CUST1436,P013,5,0.0,Net Banking,Returned,6000,4200,30000,30000.0,21000,9000.0
ORD003241,2026-06-04,CUST0491,P010,1,0.15,UPI,Completed,22000,16000,22000,18700.0,16000,2700.0
ORD003242,2026-04-13,CUST1073,P002,1,0.0,Cash,Completed,18000,13500,18000,18000.0,13500,4500.0
ORD003243,2026-03-19,CUST1711,P013,1,0.1,UPI,Completed,6000,4200,6000,5400.0,4200,1200.0
ORD003244,2025-11-17,CUST0564,P015,2,0.0,UPI,Completed,2200,1400,4400,4400.0,2800,1600.0
ORD003245,2025-04-03,CUST1126,P004,1,0.05,Net Banking,Completed,1500,950,1500,1425.0,950,475.0
ORD003246,2026-02-12,CUST0216,P008,1,0.05,Credit Card,Returned,16000,12500,16000,15200.0,12500,2700.0
ORD003247,2025-06-07,CUST1462,P008,1,0.15,Credit Card,Completed,16000,12500,16000,13600.0,12500,1100.0
ORD003248,2025-04-09,CUST1724,P011,2,0.0,UPI,Completed,4000,2600,8000,8000.0,5200,2800.0
ORD003249,2025-08-13,CUST1593,P001,3,0.0,Credit Card,Completed,65000,52000,195000,195000.0,156000,39000.0
ORD003250,2026-03-17,CUST0559,P002,2,0.05,Credit Card,Completed,18000,13500,36000,34200.0,27000,7200.0
ORD003251,2026-08-08,CUST0159,P005,1,0.0,Credit Card,Cancelled,4500,3000,4500,4500.0,3000,1500.0
ORD003252,2026-02-05,CUST0489,P009,2,0.1,Debit Card,Completed,12000,8500,24000,21600.0,17000,4600.0
ORD003253,2026-07-25,CUST0686,P010,3,0.1,Debit Card,Completed,22000,16000,66000,59400.0,48000,11400.0
ORD003254,2025-03-05,CUST1266,P011,1,0.15,Cash,Completed,4000,2600,4000,3400.0,2600,800.0
ORD003255,2026-07-14,CUST0794,P012,1,0.1,Debit Card,Completed,9000,6500,9000,8100.0,6500,1600.0
ORD003256,2025-10-06,CUST1777,P013,1,0.15,UPI,Completed,6000,4200,6000,5100.0,4200,900.0
ORD003257,2026-06-03,CUST0005,P011,2,0.1,UPI,Completed,4000,2600,8000,7200.0,5200,2000.0
ORD003258,2025-09-05,CUST1620,P007,2,0.15,Credit Card,Cancelled,28000,22000,56000,47600.0,44000,3600.0
ORD003259,2026-01-03,CUST0361,P010,2,0.0,UPI,Completed,22000,16000,44000,44000.0,32000,12000.0
ORD003260,2026-09-10,CUST0459,P005,1,0.05,Credit Card,Completed,4500,3000,4500,4275.0,3000,1275.0
ORD003261,2025-04-08,CUST0248,P001,1,0.2,Net Banking,Completed,65000,52000,65000,52000.0,52000,0.0
ORD003262,2025-09-25,CUST1590,P015,4,0.1,Net Banking,Completed,2200,1400,8800,7920.0,5600,2320.0
ORD003263,2025-03-01,CUST1697,P015,1,0.15,Debit Card,Completed,2200,1400,2200,1870.0,1400,470.0
ORD003264,2026-05-15,CUST0946,P006,4,0.0,Credit Card,Completed,35000,28500,140000,140000.0,114000,26000.0
ORD003265,2025-11-04,CUST0422,P012,2,0.15,Credit Card,Completed,9000,6500,18000,15300.0,13000,2300.0
ORD003266,2026-05-08,CUST1762,P008,1,0.1,Debit Card,Completed,16000,12500,16000,14400.0,12500,1900.0
ORD003267,2026-02-15,CUST0015,P007,1,0.0,Net Banking,Completed,28000,22000,28000,28000.0,22000,6000.0
ORD003268,2025-05-20,CUST0736,P002,4,0.0,Debit Card,Completed,18000,13500,72000,72000.0,54000,18000.0
ORD003269,2025-11-24,CUST1597,P012,1,0.0,UPI,Completed,9000,6500,9000,9000.0,6500,2500.0
ORD003270,2026-04-09,CUST1146,P005,3,0.15,Debit Card,Completed,4500,3000,13500,11475.0,9000,2475.0
ORD003271,2026-09-29,CUST0277,P014,1,0.1,Debit Card,Completed,2500,1600,2500,2250.0,1600,650.0
ORD003272,2025-06-12,CUST1582,P011,2,0.15,UPI,Completed,4000,2600,8000,6800.0,5200,1600.0
ORD003273,2025-03-01,CUST0453,P004,3,0.05,UPI,Completed,1500,950,4500,4275.0,2850,1425.0
ORD003274,2025-01-31,CUST1414,P009,4,0.15,Net Banking,Returned,12000,8500,48000,40800.0,34000,6800.0
ORD003275,2025-11-29,CUST1318,P010,2,0.05,Credit Card,Completed,22000,16000,44000,41800.0,32000,9800.0
ORD003276,2025-03-17,CUST1598,P001,2,0.0,Net Banking,Completed,65000,52000,130000,130000.0,104000,26000.0
ORD003277,2025-11-13,CUST0598,P012,1,0.0,UPI,Completed,9000,6500,9000,9000.0,6500,2500.0
ORD003278,2026-02-21,CUST0446,P006,1,0.2,UPI,Completed,35000,28500,35000,28000.0,28500,-500.0
ORD003279,2025-07-09,CUST0210,P003,1,0.0,UPI,Completed,3000,2100,3000,3000.0,2100,900.0
ORD003280,2026-05-04,CUST1614,P011,1,0.0,Credit Card,Completed,4000,2600,4000,4000.0,2600,1400.0
ORD003281,2025-11-11,CUST0714,P009,1,0.0,Credit Card,Completed,12000,8500,12000,12000.0,8500,3500.0
ORD003282,2025-10-23,CUST0302,P005,1,0.0,Net Banking,Completed,4500,3000,4500,4500.0,3000,1500.0
ORD003283,2026-05-16,CUST1247,P013,4,0.15,Debit Card,Completed,6000,4200,24000,20400.0,16800,3600.0
ORD003284,2025-06-26,CUST1758,P006,2,0.05,Cash,Completed,35000,28500,70000,66500.0,57000,9500.0
ORD003285,2025-08-03,CUST0003,P011,1,0.1,UPI,Completed,4000,2600,4000,3600.0,2600,1000.0
ORD003286,2026-08-20,CUST0990,P009,5,0.15,UPI,Completed,12000,8500,60000,51000.0,42500,8500.0
ORD003287,2025-11-28,CUST1542,P009,1,0.05,UPI,Completed,12000,8500,12000,11400.0,8500,2900.0
ORD003288,2025-05-08,CUST1117,P008,1,0.1,Credit Card,Completed,16000,12500,16000,14400.0,12500,1900.0
ORD003289,2025-09-26,CUST0520,P009,2,0.0,UPI,Completed,12000,8500,24000,24000.0,17000,7000.0
ORD003290,2026-07-05,CUST1452,P004,1,0.2,Debit Card,Completed,1500,950,1500,1200.0,950,250.0
ORD003291,2026-06-19,CUST0493,P006,2,0.0,UPI,Completed,35000,28500,70000,70000.0,57000,13000.0
ORD003292,2026-01-01,CUST1259,P005,1,0.1,UPI,Completed,4500,3000,4500,4050.0,3000,1050.0
ORD003293,2026-09-11,CUST0620,P005,1,0.1,Credit Card,Returned,4500,3000,4500,4050.0,3000,1050.0
ORD003294,2025-12-14,CUST1185,P004,1,0.0,Credit Card,Completed,1500,950,1500,1500.0,950,550.0
ORD003295,2025-05-22,CUST1745,P002,4,0.05,Net Banking,Completed,18000,13500,72000,68400.0,54000,14400.0
ORD003296,2025-05-25,CUST1776,P012,2,0.0,Net Banking,Completed,9000,6500,18000,18000.0,13000,5000.0
ORD003297,2025-09-02,CUST0331,P006,2,0.0,UPI,Completed,35000,28500,70000,70000.0,57000,13000.0
ORD003298,2026-03-18,CUST0333,P009,2,0.05,Net Banking,Completed,12000,8500,24000,22800.0,17000,5800.0
ORD003299,2025-10-17,CUST0050,P012,1,0.2,Credit Card,Cancelled,9000,6500,9000,7200.0,6500,700.0
ORD003300,2025-04-22,CUST1547,P001,2,0.05,Credit Card,Completed,65000,52000,130000,123500.0,104000,19500.0
ORD003301,2025-08-02,CUST0863,P014,1,0.05,UPI,Completed,2500,1600,2500,2375.0,1600,775.0
ORD003302,2025-07-19,CUST1692,P007,1,0.0,Debit Card,Completed,28000,22000,28000,28000.0,22000,6000.0
ORD003303,2026-02-09,CUST1516,P006,2,0.0,UPI,Completed,35000,28500,70000,70000.0,57000,13000.0
ORD003304,2026-02-25,CUST1606,P003,1,0.05,UPI,Completed,3000,2100,3000,2850.0,2100,750.0
ORD003305,2025-01-07,CUST1705,P001,1,0.2,UPI,Completed,65000,52000,65000,52000.0,52000,0.0
ORD003306,2026-06-09,CUST0272,P013,3,0.15,Credit Card,Completed,6000,4200,18000,15300.0,12600,2700.0
ORD003307,2026-08-15,CUST0580,P004,2,0.0,Debit Card,Completed,1500,950,3000,3000.0,1900,1100.0
ORD003308,2025-10-13,CUST1276,P015,2,0.05,Net Banking,Completed,2200,1400,4400,4180.0,2800,1380.0
ORD003309,2026-01-24,CUST0560,P014,1,0.05,Debit Card,Completed,2500,1600,2500,2375.0,1600,775.0
ORD003310,2026-02-20,CUST0696,P009,1,0.1,Cash,Completed,12000,8500,12000,10800.0,8500,2300.0
ORD003311,2025-05-30,CUST1723,P015,2,0.1,Debit Card,Completed,2200,1400,4400,3960.0,2800,1160.0
ORD003312,2026-03-04,CUST1114,P002,2,0.1,UPI,Completed,18000,13500,36000,32400.0,27000,5400.0
ORD003313,2025-10-20,CUST0446,P003,2,0.0,Credit Card,Returned,3000,2100,6000,6000.0,4200,1800.0
ORD003314,2025-11-30,CUST1017,P002,4,0.15,Credit Card,Completed,18000,13500,72000,61200.0,54000,7200.0
ORD003315,2025-09-29,CUST1356,P014,4,0.0,Credit Card,Completed,2500,1600,10000,10000.0,6400,3600.0
ORD003316,2025-02-12,CUST1163,P002,1,0.05,Credit Card,Completed,18000,13500,18000,17100.0,13500,3600.0
ORD003317,2026-04-13,CUST0357,P010,3,0.15,Debit Card,Completed,22000,16000,66000,56100.0,48000,8100.0
ORD003318,2025-11-15,CUST1625,P011,2,0.05,UPI,Completed,4000,2600,8000,7600.0,5200,2400.0
ORD003319,2026-05-07,CUST0274,P011,2,0.0,Debit Card,Completed,4000,2600,8000,8000.0,5200,2800.0
ORD003320,2026-06-11,CUST1043,P008,1,0.0,UPI,Completed,16000,12500,16000,16000.0,12500,3500.0
ORD003321,2025-06-21,CUST0311,P003,2,0.05,UPI,Completed,3000,2100,6000,5700.0,4200,1500.0
ORD003322,2025-11-17,CUST0870,P007,4,0.0,Credit Card,Completed,28000,22000,112000,112000.0,88000,24000.0
ORD003323,2025-02-13,CUST0886,P008,3,0.05,Credit Card,Completed,16000,12500,48000,45600.0,37500,8100.0
ORD003324,2026-06-16,CUST0154,P003,3,0.0,UPI,Completed,3000,2100,9000,9000.0,6300,2700.0
ORD003325,2026-09-23,CUST1414,P002,1,0.1,Credit Card,Completed,18000,13500,18000,16200.0,13500,2700.0
ORD003326,2026-03-30,CUST1284,P013,1,0.0,Credit Card,Completed,6000,4200,6000,6000.0,4200,1800.0
ORD003327,2025-03-24,CUST0620,P013,1,0.1,UPI,Cancelled,6000,4200,6000,5400.0,4200,1200.0
ORD003328,2026-06-27,CUST0883,P008,1,0.05,Debit Card,Completed,16000,12500,16000,15200.0,12500,2700.0
ORD003329,2025-11-18,CUST0797,P003,2,0.05,UPI,Completed,3000,2100,6000,5700.0,4200,1500.0
ORD003330,2025-08-22,CUST1595,P007,1,0.0,Net Banking,Completed,28000,22000,28000,28000.0,22000,6000.0
ORD003331,2026-06-24,CUST0125,P012,2,0.1,UPI,Completed,9000,6500,18000,16200.0,13000,3200.0
ORD003332,2025-09-09,CUST1378,P001,1,0.1,Credit Card,Completed,65000,52000,65000,58500.0,52000,6500.0
ORD003333,2026-03-25,CUST1297,P014,1,0.0,Net Banking,Completed,2500,1600,2500,2500.0,1600,900.0
ORD003334,2025-08-27,CUST0619,P015,1,0.1,Net Banking,Completed,2200,1400,2200,1980.0,1400,580.0
ORD003335,2026-05-05,CUST0245,P012,3,0.15,Net Banking,Completed,9000,6500,27000,22950.0,19500,3450.0
ORD003336,2026-04-09,CUST0848,P006,1,0.0,UPI,Completed,35000,28500,35000,35000.0,28500,6500.0
ORD003337,2025-11-10,CUST0450,P012,1,0.1,UPI,Completed,9000,6500,9000,8100.0,6500,1600.0
ORD003338,2025-06-24,CUST0930,P012,3,0.05,Debit Card,Completed,9000,6500,27000,25650.0,19500,6150.0
ORD003339,2025-06-29,CUST1271,P013,5,0.0,Credit Card,Completed,6000,4200,30000,30000.0,21000,9000.0
ORD003340,2026-01-20,CUST0520,P009,2,0.0,Net Banking,Completed,12000,8500,24000,24000.0,17000,7000.0
ORD003341,2025-10-22,CUST1165,P012,1,0.2,UPI,Completed,9000,6500,9000,7200.0,6500,700.0
ORD003342,2025-08-03,CUST0362,P003,1,0.05,Credit Card,Completed,3000,2100,3000,2850.0,2100,750.0
ORD003343,2025-03-16,CUST0008,P014,5,0.15,Credit Card,Completed,2500,1600,12500,10625.0,8000,2625.0
ORD003344,2025-12-10,CUST0478,P007,3,0.1,Net Banking,Returned,28000,22000,84000,75600.0,66000,9600.0
ORD003345,2025-05-22,CUST1376,P013,2,0.0,UPI,Completed,6000,4200,12000,12000.0,8400,3600.0
ORD003346,2025-07-18,CUST0495,P006,1,0.0,Net Banking,Completed,35000,28500,35000,35000.0,28500,6500.0
ORD003347,2025-06-20,CUST1630,P008,1,0.1,Credit Card,Completed,16000,12500,16000,14400.0,12500,1900.0
ORD003348,2026-02-10,CUST0833,P003,1,0.05,Net Banking,Completed,3000,2100,3000,2850.0,2100,750.0
ORD003349,2025-08-16,CUST1451,P003,2,0.0,Credit Card,Completed,3000,2100,6000,6000.0,4200,1800.0
ORD003350,2026-02-15,CUST1063,P004,1,0.1,Debit Card,Cancelled,1500,950,1500,1350.0,950,400.0
ORD003351,2025-03-03,CUST0593,P003,5,0.1,UPI,Completed,3000,2100,15000,13500.0,10500,3000.0
ORD003352,2025-11-23,CUST0187,P009,1,0.1,Net Banking,Completed,12000,8500,12000,10800.0,8500,2300.0
ORD003353,2025-05-13,CUST1620,P011,2,0.0,Credit Card,Completed,4000,2600,8000,8000.0,5200,2800.0
ORD003354,2026-08-07,CUST1624,P004,1,0.0,Credit Card,Completed,1500,950,1500,1500.0,950,550.0
ORD003355,2026-08-13,CUST0754,P006,2,0.2,UPI,Completed,35000,28500,70000,56000.0,57000,-1000.0
ORD003356,2025-07-08,CUST0093,P008,1,0.15,Debit Card,Completed,16000,12500,16000,13600.0,12500,1100.0
ORD003357,2025-12-22,CUST0086,P011,3,0.0,UPI,Completed,4000,2600,12000,12000.0,7800,4200.0
ORD003358,2025-03-12,CUST1068,P013,2,0.1,UPI,Completed,6000,4200,12000,10800.0,8400,2400.0
ORD003359,2025-09-20,CUST0137,P008,1,0.0,UPI,Completed,16000,12500,16000,16000.0,12500,3500.0
ORD003360,2025-11-02,CUST0421,P015,3,0.0,UPI,Completed,2200,1400,6600,6600.0,4200,2400.0
ORD003361,2026-07-12,CUST0074,P005,2,0.0,Debit Card,Completed,4500,3000,9000,9000.0,6000,3000.0
ORD003362,2025-08-12,CUST1572,P005,4,0.0,UPI,Completed,4500,3000,18000,18000.0,12000,6000.0
ORD003363,2025-11-24,CUST1637,P006,4,0.15,UPI,Completed,35000,28500,140000,119000.0,114000,5000.0
ORD003364,2026-08-11,CUST1536,P010,4,0.05,UPI,Completed,22000,16000,88000,83600.0,64000,19600.0
ORD003365,2025-03-15,CUST1180,P007,1,0.0,Credit Card,Completed,28000,22000,28000,28000.0,22000,6000.0
ORD003366,2026-05-26,CUST1279,P013,1,0.1,Credit Card,Cancelled,6000,4200,6000,5400.0,4200,1200.0
ORD003367,2025-05-22,CUST0171,P013,5,0.1,Credit Card,Completed,6000,4200,30000,27000.0,21000,6000.0
ORD003368,2026-08-08,CUST1752,P010,2,0.0,Credit Card,Completed,22000,16000,44000,44000.0,32000,12000.0
ORD003369,2025-04-12,CUST0170,P014,1,0.1,Credit Card,Completed,2500,1600,2500,2250.0,1600,650.0
ORD003370,2026-08-29,CUST1788,P007,3,0.1,Net Banking,Completed,28000,22000,84000,75600.0,66000,9600.0
ORD003371,2026-08-04,CUST0872,P013,1,0.1,UPI,Completed,6000,4200,6000,5400.0,4200,1200.0
ORD003372,2025-03-06,CUST0322,P004,2,0.1,Net Banking,Completed,1500,950,3000,2700.0,1900,800.0
ORD003373,2025-07-12,CUST1591,P006,3,0.0,UPI,Completed,35000,28500,105000,105000.0,85500,19500.0
ORD003374,2025-03-03,CUST0456,P007,3,0.0,Debit Card,Completed,28000,22000,84000,84000.0,66000,18000.0
ORD003375,2026-06-16,CUST0944,P005,1,0.1,Credit Card,Completed,4500,3000,4500,4050.0,3000,1050.0
ORD003376,2025-08-29,CUST1627,P005,1,0.15,UPI,Completed,4500,3000,4500,3825.0,3000,825.0
ORD003377,2026-02-14,CUST0790,P002,1,0.0,Debit Card,Completed,18000,13500,18000,18000.0,13500,4500.0
ORD003378,2025-10-27,CUST0613,P007,2,0.0,Debit Card,Completed,28000,22000,56000,56000.0,44000,12000.0
ORD003379,2025-07-14,CUST1179,P012,1,0.15,Credit Card,Returned,9000,6500,9000,7650.0,6500,1150.0
ORD003380,2026-03-30,CUST0889,P006,1,0.05,Credit Card,Cancelled,35000,28500,35000,33250.0,28500,4750.0
ORD003381,2026-07-28,CUST0349,P011,2,0.0,UPI,Completed,4000,2600,8000,8000.0,5200,2800.0
ORD003382,2026-09-11,CUST1475,P001,2,0.0,Net Banking,Completed,65000,52000,130000,130000.0,104000,26000.0
ORD003383,2026-09-29,CUST1677,P004,3,0.05,Net Banking,Completed,1500,950,4500,4275.0,2850,1425.0
ORD003384,2025-10-28,CUST1197,P003,2,0.05,Credit Card,Completed,3000,2100,6000,5700.0,4200,1500.0
ORD003385,2026-04-01,CUST0010,P012,1,0.05,Debit Card,Completed,9000,6500,9000,8550.0,6500,2050.0
ORD003386,2025-07-21,CUST0740,P015,2,0.0,UPI,Completed,2200,1400,4400,4400.0,2800,1600.0
ORD003387,2025-10-29,CUST1289,P003,3,0.2,Debit Card,Completed,3000,2100,9000,7200.0,6300,900.0
ORD003388,2026-09-16,CUST1462,P007,1,0.15,Credit Card,Completed,28000,22000,28000,23800.0,22000,1800.0
ORD003389,2025-12-03,CUST1784,P011,2,0.15,Credit Card,Cancelled,4000,2600,8000,6800.0,5200,1600.0
ORD003390,2025-02-01,CUST1271,P012,1,0.15,UPI,Completed,9000,6500,9000,7650.0,6500,1150.0
ORD003391,2025-04-08,CUST0667,P010,1,0.1,Cash,Completed,22000,16000,22000,19800.0,16000,3800.0
ORD003392,2025-07-10,CUST0546,P004,4,0.0,Net Banking,Completed,1500,950,6000,6000.0,3800,2200.0
ORD003393,2026-06-25,CUST1523,P015,4,0.0,Net Banking,Completed,2200,1400,8800,8800.0,5600,3200.0
ORD003394,2025-02-17,CUST0129,P012,2,0.0,UPI,Completed,9000,6500,18000,18000.0,13000,5000.0
ORD003395,2025-09-07,CUST1696,P008,2,0.0,UPI,Cancelled,16000,12500,32000,32000.0,25000,7000.0
ORD003396,2025-08-14,CUST0601,P011,3,0.05,Credit Card,Completed,4000,2600,12000,11400.0,7800,3600.0
ORD003397,2025-09-29,CUST0605,P009,4,0.2,Net Banking,Completed,12000,8500,48000,38400.0,34000,4400.0
ORD003398,2026-04-30,CUST0327,P003,2,0.05,Net Banking,Completed,3000,2100,6000,5700.0,4200,1500.0
ORD003399,2025-11-24,CUST1777,P005,2,0.05,UPI,Completed,4500,3000,9000,8550.0,6000,2550.0
ORD003400,2025-06-29,CUST0980,P004,1,0.1,Debit Card,Completed,1500,950,1500,1350.0,950,400.0
ORD003401,2025-01-23,CUST0404,P014,1,0.0,Debit Card,Completed,2500,1600,2500,2500.0,1600,900.0
ORD003402,2026-08-29,CUST0629,P012,1,0.15,UPI,Completed,9000,6500,9000,7650.0,6500,1150.0
ORD003403,2026-01-05,CUST1630,P010,3,0.05,Credit Card,Completed,22000,16000,66000,62700.0,48000,14700.0
ORD003404,2025-09-02,CUST1699,P015,3,0.0,UPI,Returned,2200,1400,6600,6600.0,4200,2400.0
ORD003405,2025-06-09,CUST1635,P006,3,0.15,Debit Card,Completed,35000,28500,105000,89250.0,85500,3750.0
ORD003406,2026-01-08,CUST1649,P011,1,0.1,Net Banking,Completed,4000,2600,4000,3600.0,2600,1000.0
ORD003407,2025-10-12,CUST1383,P010,2,0.05,Net Banking,Completed,22000,16000,44000,41800.0,32000,9800.0
ORD003408,2026-06-05,CUST1627,P004,1,0.05,Debit Card,Completed,1500,950,1500,1425.0,950,475.0
ORD003409,2026-03-26,CUST0718,P008,1,0.1,UPI,Completed,16000,12500,16000,14400.0,12500,1900.0
ORD003410,2026-09-14,CUST1041,P003,4,0.0,Debit Card,Completed,3000,2100,12000,12000.0,8400,3600.0
ORD003411,2026-08-04,CUST0274,P011,2,0.15,Net Banking,Completed,4000,2600,8000,6800.0,5200,1600.0
ORD003412,2025-05-16,CUST0685,P005,2,0.2,Debit Card,Cancelled,4500,3000,9000,7200.0,6000,1200.0
ORD003413,2025-04-06,CUST0116,P013,1,0.05,Credit Card,Completed,6000,4200,6000,5700.0,4200,1500.0
ORD003414,2025-04-29,CUST0861,P001,1,0.1,Net Banking,Completed,65000,52000,65000,58500.0,52000,6500.0
ORD003415,2026-01-09,CUST0693,P013,2,0.15,Net Banking,Completed,6000,4200,12000,10200.0,8400,1800.0
ORD003416,2025-10-01,CUST1115,P015,1,0.05,Net Banking,Completed,2200,1400,2200,2090.0,1400,690.0
ORD003417,2025-06-26,CUST1106,P006,1,0.2,Net Banking,Completed,35000,28500,35000,28000.0,28500,-500.0
ORD003418,2025-10-04,CUST0324,P011,1,0.1,Credit Card,Completed,4000,2600,4000,3600.0,2600,1000.0
ORD003419,2025-05-18,CUST0961,P005,2,0.05,Net Banking,Completed,4500,3000,9000,8550.0,6000,2550.0
ORD003420,2025-05-12,CUST0114,P008,5,0.1,Credit Card,Completed,16000,12500,80000,72000.0,62500,9500.0
ORD003421,2025-02-13,CUST1793,P009,3,0.05,UPI,Completed,12000,8500,36000,34200.0,25500,8700.0
ORD003422,2025-05-03,CUST1082,P008,5,0.0,Debit Card,Completed,16000,12500,80000,80000.0,62500,17500.0
ORD003423,2025-05-16,CUST0154,P008,3,0.1,Credit Card,Completed,16000,12500,48000,43200.0,37500,5700.0
ORD003424,2026-01-02,CUST1428,P012,3,0.05,UPI,Completed,9000,6500,27000,25650.0,19500,6150.0
ORD003425,2026-01-08,CUST1652,P014,2,0.1,Cash,Completed,2500,1600,5000,4500.0,3200,1300.0
ORD003426,2025-05-06,CUST1290,P013,2,0.0,UPI,Completed,6000,4200,12000,12000.0,8400,3600.0
ORD003427,2026-03-15,CUST0315,P003,1,0.05,Net Banking,Completed,3000,2100,3000,2850.0,2100,750.0
ORD003428,2026-07-30,CUST1739,P004,3,0.1,UPI,Completed,1500,950,4500,4050.0,2850,1200.0
ORD003429,2025-02-20,CUST1065,P015,1,0.2,Credit Card,Completed,2200,1400,2200,1760.0,1400,360.0
ORD003430,2025-05-17,CUST0105,P011,1,0.15,Credit Card,Returned,4000,2600,4000,3400.0,2600,800.0
ORD003431,2025-06-07,CUST1217,P004,4,0.15,Debit Card,Completed,1500,950,6000,5100.0,3800,1300.0
ORD003432,2025-02-25,CUST1425,P015,1,0.0,UPI,Completed,2200,1400,2200,2200.0,1400,800.0
ORD003433,2026-08-16,CUST1302,P015,5,0.1,Cash,Returned,2200,1400,11000,9900.0,7000,2900.0
ORD003434,2026-03-04,CUST0354,P014,2,0.0,Debit Card,Completed,2500,1600,5000,5000.0,3200,1800.0
ORD003435,2026-03-19,CUST1016,P011,1,0.0,Net Banking,Completed,4000,2600,4000,4000.0,2600,1400.0
ORD003436,2025-11-22,CUST1773,P005,2,0.0,UPI,Completed,4500,3000,9000,9000.0,6000,3000.0
ORD003437,2026-09-30,CUST0733,P013,3,0.15,Credit Card,Completed,6000,4200,18000,15300.0,12600,2700.0
ORD003438,2025-03-21,CUST1604,P009,1,0.0,Net Banking,Completed,12000,8500,12000,12000.0,8500,3500.0
ORD003439,2026-04-19,CUST0709,P012,3,0.0,UPI,Completed,9000,6500,27000,27000.0,19500,7500.0
ORD003440,2026-01-12,CUST1280,P009,3,0.0,UPI,Cancelled,12000,8500,36000,36000.0,25500,10500.0
ORD003441,2025-11-29,CUST0651,P010,1,0.05,Credit Card,Completed,22000,16000,22000,20900.0,16000,4900.0
ORD003442,2025-06-24,CUST0824,P013,1,0.15,Net Banking,Completed,6000,4200,6000,5100.0,4200,900.0
ORD003443,2026-03-17,CUST0947,P012,1,0.05,Credit Card,Completed,9000,6500,9000,8550.0,6500,2050.0
ORD003444,2025-05-06,CUST0661,P014,1,0.05,Credit Card,Completed,2500,1600,2500,2375.0,1600,775.0
ORD003445,2025-08-07,CUST0099,P001,1,0.0,Debit Card,Returned,65000,52000,65000,65000.0,52000,13000.0
ORD003446,2025-10-05,CUST0588,P014,2,0.0,Net Banking,Completed,2500,1600,5000,5000.0,3200,1800.0
ORD003447,2026-04-30,CUST0282,P014,1,0.0,UPI,Completed,2500,1600,2500,2500.0,1600,900.0
ORD003448,2026-08-18,CUST0403,P008,3,0.05,UPI,Completed,16000,12500,48000,45600.0,37500,8100.0
ORD003449,2025-05-21,CUST1133,P014,1,0.05,UPI,Completed,2500,1600,2500,2375.0,1600,775.0
ORD003450,2026-08-30,CUST0700,P001,1,0.0,UPI,Completed,65000,52000,65000,65000.0,52000,13000.0
ORD003451,2025-04-20,CUST0199,P002,2,0.1,UPI,Completed,18000,13500,36000,32400.0,27000,5400.0
ORD003452,2025-02-21,CUST1327,P007,3,0.2,UPI,Completed,28000,22000,84000,67200.0,66000,1200.0
ORD003453,2026-09-07,CUST0327,P015,2,0.0,Credit Card,Completed,2200,1400,4400,4400.0,2800,1600.0
ORD003454,2026-09-05,CUST0154,P008,1,0.0,UPI,Completed,16000,12500,16000,16000.0,12500,3500.0
ORD003455,2025-11-15,CUST0552,P001,3,0.1,Credit Card,Cancelled,65000,52000,195000,175500.0,156000,19500.0
ORD003456,2025-07-18,CUST1669,P015,1,0.0,Net Banking,Returned,2200,1400,2200,2200.0,1400,800.0
ORD003457,2025-02-15,CUST0405,P003,1,0.05,UPI,Completed,3000,2100,3000,2850.0,2100,750.0
ORD003458,2026-05-20,CUST0462,P007,1,0.05,Credit Card,Completed,28000,22000,28000,26600.0,22000,4600.0
ORD003459,2026-06-24,CUST0132,P013,3,0.15,UPI,Completed,6000,4200,18000,15300.0,12600,2700.0
ORD003460,2026-05-29,CUST0791,P009,1,0.1,Credit Card,Completed,12000,8500,12000,10800.0,8500,2300.0
ORD003461,2025-01-17,CUST0874,P008,2,0.0,Debit Card,Returned,16000,12500,32000,32000.0,25000,7000.0
ORD003462,2025-11-11,CUST0084,P008,2,0.0,Net Banking,Completed,16000,12500,32000,32000.0,25000,7000.0
ORD003463,2026-03-12,CUST1423,P015,4,0.0,Credit Card,Completed,2200,1400,8800,8800.0,5600,3200.0
ORD003464,2026-01-23,CUST0754,P009,1,0.0,Net Banking,Completed,12000,8500,12000,12000.0,8500,3500.0
ORD003465,2025-03-18,CUST0628,P010,1,0.05,Net Banking,Completed,22000,16000,22000,20900.0,16000,4900.0
ORD003466,2026-01-06,CUST1133,P003,1,0.1,UPI,Completed,3000,2100,3000,2700.0,2100,600.0
ORD003467,2025-06-14,CUST0221,P008,1,0.0,UPI,Completed,16000,12500,16000,16000.0,12500,3500.0
ORD003468,2026-09-01,CUST0553,P001,2,0.05,Debit Card,Completed,65000,52000,130000,123500.0,104000,19500.0
ORD003469,2026-09-09,CUST1392,P008,2,0.0,Cash,Completed,16000,12500,32000,32000.0,25000,7000.0
ORD003470,2025-01-24,CUST1171,P013,2,0.0,Credit Card,Returned,6000,4200,12000,12000.0,8400,3600.0
ORD003471,2025-02-04,CUST0112,P007,3,0.2,UPI,Completed,28000,22000,84000,67200.0,66000,1200.0
ORD003472,2026-05-29,CUST0615,P013,4,0.0,Net Banking,Completed,6000,4200,24000,24000.0,16800,7200.0
ORD003473,2026-04-06,CUST1582,P015,1,0.0,UPI,Completed,2200,1400,2200,2200.0,1400,800.0
ORD003474,2025-05-18,CUST0924,P008,5,0.0,Debit Card,Cancelled,16000,12500,80000,80000.0,62500,17500.0
ORD003475,2026-07-28,CUST1518,P001,1,0.05,UPI,Completed,65000,52000,65000,61750.0,52000,9750.0
ORD003476,2026-07-25,CUST1529,P006,2,0.15,UPI,Completed,35000,28500,70000,59500.0,57000,2500.0
ORD003477,2025-09-22,CUST0475,P007,2,0.0,Credit Card,Completed,28000,22000,56000,56000.0,44000,12000.0
ORD003478,2025-11-29,CUST0836,P014,3,0.05,Debit Card,Completed,2500,1600,7500,7125.0,4800,2325.0
ORD003479,2025-07-07,CUST0271,P011,1,0.0,UPI,Completed,4000,2600,4000,4000.0,2600,1400.0
ORD003480,2025-03-04,CUST0421,P005,3,0.1,Debit Card,Completed,4500,3000,13500,12150.0,9000,3150.0
ORD003481,2025-10-06,CUST0707,P014,4,0.1,UPI,Completed,2500,1600,10000,9000.0,6400,2600.0
ORD003482,2026-06-26,CUST1391,P005,2,0.1,Credit Card,Completed,4500,3000,9000,8100.0,6000,2100.0
ORD003483,2025-06-20,CUST1304,P007,3,0.05,UPI,Completed,28000,22000,84000,79800.0,66000,13800.0
ORD003484,2026-05-18,CUST1307,P015,1,0.15,Debit Card,Cancelled,2200,1400,2200,1870.0,1400,470.0
ORD003485,2026-06-17,CUST0040,P011,1,0.05,Net Banking,Completed,4000,2600,4000,3800.0,2600,1200.0
ORD003486,2025-10-26,CUST0189,P015,5,0.05,UPI,Completed,2200,1400,11000,10450.0,7000,3450.0
ORD003487,2025-07-20,CUST1188,P003,2,0.1,UPI,Completed,3000,2100,6000,5400.0,4200,1200.0
ORD003488,2025-05-15,CUST0994,P006,2,0.05,Net Banking,Completed,35000,28500,70000,66500.0,57000,9500.0
ORD003489,2025-09-29,CUST1560,P007,1,0.0,Credit Card,Completed,28000,22000,28000,28000.0,22000,6000.0
ORD003490,2026-06-19,CUST0536,P001,1,0.0,Credit Card,Completed,65000,52000,65000,65000.0,52000,13000.0
ORD003491,2026-03-18,CUST1028,P012,1,0.0,UPI,Completed,9000,6500,9000,9000.0,6500,2500.0
ORD003492,2025-03-28,CUST0290,P002,2,0.05,Cash,Completed,18000,13500,36000,34200.0,27000,7200.0
ORD003493,2025-01-31,CUST0433,P012,1,0.1,Net Banking,Completed,9000,6500,9000,8100.0,6500,1600.0
ORD003494,2025-05-01,CUST0471,P004,1,0.0,UPI,Completed,1500,950,1500,1500.0,950,550.0
ORD003495,2025-03-10,CUST1205,P013,2,0.1,Credit Card,Cancelled,6000,4200,12000,10800.0,8400,2400.0
ORD003496,2026-05-11,CUST1272,P008,2,0.15,Net Banking,Completed,16000,12500,32000,27200.0,25000,2200.0
ORD003497,2025-05-26,CUST0628,P011,1,0.0,Credit Card,Completed,4000,2600,4000,4000.0,2600,1400.0
ORD003498,2025-11-29,CUST0279,P013,2,0.0,Credit Card,Completed,6000,4200,12000,12000.0,8400,3600.0
ORD003499,2026-04-26,CUST0877,P014,4,0.15,Credit Card,Completed,2500,1600,10000,8500.0,6400,2100.0
ORD003500,2025-09-20,CUST0581,P010,1,0.1,UPI,Completed,22000,16000,22000,19800.0,16000,3800.0
ORD003501,2025-10-20,CUST0863,P006,3,0.0,Net Banking,Completed,35000,28500,105000,105000.0,85500,19500.0
ORD003502,2026-03-05,CUST0254,P001,4,0.05,Credit Card,Completed,65000,52000,260000,247000.0,208000,39000.0
ORD003503,2025-03-27,CUST0181,P010,1,0.1,Credit Card,Completed,22000,16000,22000,19800.0,16000,3800.0
ORD003504,2025-01-16,CUST0681,P005,1,0.05,UPI,Completed,4500,3000,4500,4275.0,3000,1275.0
ORD003505,2026-09-20,CUST0825,P007,1,0.1,Net Banking,Completed,28000,22000,28000,25200.0,22000,3200.0
ORD003506,2025-04-28,CUST1533,P015,2,0.05,Net Banking,Completed,2200,1400,4400,4180.0,2800,1380.0
ORD003507,2025-09-27,CUST1785,P013,1,0.1,Credit Card,Completed,6000,4200,6000,5400.0,4200,1200.0
ORD003508,2026-01-30,CUST0700,P006,1,0.0,Net Banking,Completed,35000,28500,35000,35000.0,28500,6500.0
ORD003509,2025-06-11,CUST0566,P013,2,0.1,UPI,Completed,6000,4200,12000,10800.0,8400,2400.0
ORD003510,2025-04-14,CUST1350,P013,1,0.2,Net Banking,Completed,6000,4200,6000,4800.0,4200,600.0
ORD003511,2025-06-16,CUST1381,P012,4,0.05,Credit Card,Completed,9000,6500,36000,34200.0,26000,8200.0
ORD003512,2025-10-27,CUST1674,P009,1,0.1,UPI,Completed,12000,8500,12000,10800.0,8500,2300.0
ORD003513,2025-01-28,CUST0680,P008,4,0.0,UPI,Completed,16000,12500,64000,64000.0,50000,14000.0
ORD003514,2026-02-28,CUST0391,P015,1,0.0,UPI,Completed,2200,1400,2200,2200.0,1400,800.0
ORD003515,2026-07-16,CUST1639,P004,1,0.15,Net Banking,Completed,1500,950,1500,1275.0,950,325.0
ORD003516,2025-06-05,CUST1109,P013,1,0.0,Net Banking,Completed,6000,4200,6000,6000.0,4200,1800.0
ORD003517,2025-11-20,CUST1341,P011,5,0.0,Debit Card,Completed,4000,2600,20000,20000.0,13000,7000.0
ORD003518,2025-12-14,CUST0212,P012,1,0.05,UPI,Completed,9000,6500,9000,8550.0,6500,2050.0
ORD003519,2025-05-01,CUST1539,P005,2,0.05,Cash,Completed,4500,3000,9000,8550.0,6000,2550.0
ORD003520,2026-06-12,CUST0384,P007,3,0.1,UPI,Completed,28000,22000,84000,75600.0,66000,9600.0
ORD003521,2026-07-15,CUST1715,P008,2,0.0,Debit Card,Completed,16000,12500,32000,32000.0,25000,7000.0
ORD003522,2025-06-13,CUST0342,P005,1,0.0,Net Banking,Completed,4500,3000,4500,4500.0,3000,1500.0
ORD003523,2025-03-03,CUST0844,P009,4,0.05,UPI,Completed,12000,8500,48000,45600.0,34000,11600.0
ORD003524,2025-12-06,CUST1062,P014,3,0.05,Debit Card,Completed,2500,1600,7500,7125.0,4800,2325.0
ORD003525,2025-11-08,CUST1535,P010,1,0.05,UPI,Completed,22000,16000,22000,20900.0,16000,4900.0
ORD003526,2026-01-11,CUST0420,P012,2,0.1,UPI,Completed,9000,6500,18000,16200.0,13000,3200.0
ORD003527,2025-12-12,CUST0751,P004,4,0.05,Debit Card,Completed,1500,950,6000,5700.0,3800,1900.0
ORD003528,2025-05-30,CUST1193,P004,5,0.0,UPI,Completed,1500,950,7500,7500.0,4750,2750.0
ORD003529,2026-08-08,CUST1367,P013,1,0.1,Credit Card,Completed,6000,4200,6000,5400.0,4200,1200.0
ORD003530,2026-08-04,CUST0306,P008,3,0.0,UPI,Completed,16000,12500,48000,48000.0,37500,10500.0
ORD003531,2025-06-26,CUST1566,P001,1,0.0,Credit Card,Completed,65000,52000,65000,65000.0,52000,13000.0
ORD003532,2025-12-20,CUST0702,P008,1,0.1,UPI,Completed,16000,12500,16000,14400.0,12500,1900.0
ORD003533,2026-05-29,CUST0869,P005,1,0.0,Debit Card,Cancelled,4500,3000,4500,4500.0,3000,1500.0
ORD003534,2025-11-05,CUST0537,P013,1,0.05,UPI,Completed,6000,4200,6000,5700.0,4200,1500.0
ORD003535,2025-04-29,CUST1136,P014,2,0.0,Net Banking,Completed,2500,1600,5000,5000.0,3200,1800.0
ORD003536,2026-06-03,CUST1435,P011,2,0.05,Debit Card,Completed,4000,2600,8000,7600.0,5200,2400.0
ORD003537,2026-04-23,CUST0206,P001,1,0.0,Credit Card,Completed,65000,52000,65000,65000.0,52000,13000.0
ORD003538,2026-02-18,CUST1209,P004,1,0.2,Net Banking,Completed,1500,950,1500,1200.0,950,250.0
ORD003539,2026-08-10,CUST1406,P002,1,0.05,UPI,Completed,18000,13500,18000,17100.0,13500,3600.0
ORD003540,2025-12-17,CUST0496,P004,5,0.1,UPI,Completed,1500,950,7500,6750.0,4750,2000.0
ORD003541,2026-05-21,CUST1403,P008,3,0.15,UPI,Completed,16000,12500,48000,40800.0,37500,3300.0
ORD003542,2025-07-14,CUST1071,P005,1,0.1,Credit Card,Completed,4500,3000,4500,4050.0,3000,1050.0
ORD003543,2025-07-06,CUST1764,P001,4,0.05,Cash,Returned,65000,52000,260000,247000.0,208000,39000.0
ORD003544,2026-03-26,CUST1575,P007,1,0.05,UPI,Completed,28000,22000,28000,26600.0,22000,4600.0
ORD003545,2026-05-11,CUST1552,P001,2,0.05,Net Banking,Completed,65000,52000,130000,123500.0,104000,19500.0
ORD003546,2026-05-30,CUST0504,P009,4,0.1,Debit Card,Completed,12000,8500,48000,43200.0,34000,9200.0
ORD003547,2025-09-30,CUST1046,P003,1,0.0,UPI,Completed,3000,2100,3000,3000.0,2100,900.0
ORD003548,2025-02-21,CUST0213,P012,2,0.15,Net Banking,Completed,9000,6500,18000,15300.0,13000,2300.0
ORD003549,2025-09-20,CUST0310,P003,1,0.05,Cash,Completed,3000,2100,3000,2850.0,2100,750.0
ORD003550,2026-01-03,CUST0661,P015,1,0.1,Net Banking,Completed,2200,1400,2200,1980.0,1400,580.0
ORD003551,2025-05-13,CUST0753,P015,2,0.0,Credit Card,Completed,2200,1400,4400,4400.0,2800,1600.0
ORD003552,2025-08-13,CUST0272,P006,5,0.15,UPI,Completed,35000,28500,175000,148750.0,142500,6250.0
ORD003553,2025-11-06,CUST1595,P010,1,0.0,Credit Card,Completed,22000,16000,22000,22000.0,16000,6000.0
ORD003554,2026-07-27,CUST0938,P006,4,0.1,Debit Card,Completed,35000,28500,140000,126000.0,114000,12000.0
ORD003555,2025-01-16,CUST1226,P013,4,0.05,Credit Card,Completed,6000,4200,24000,22800.0,16800,6000.0
ORD003556,2025-07-14,CUST0032,P011,1,0.1,Debit Card,Completed,4000,2600,4000,3600.0,2600,1000.0
ORD003557,2026-03-19,CUST0443,P011,1,0.1,Net Banking,Completed,4000,2600,4000,3600.0,2600,1000.0
ORD003558,2025-10-30,CUST0162,P006,2,0.0,UPI,Completed,35000,28500,70000,70000.0,57000,13000.0
ORD003559,2025-02-17,CUST0767,P013,2,0.05,Credit Card,Completed,6000,4200,12000,11400.0,8400,3000.0
ORD003560,2025-05-01,CUST0254,P001,1,0.0,Cash,Cancelled,65000,52000,65000,65000.0,52000,13000.0
ORD003561,2026-05-14,CUST0521,P005,5,0.05,UPI,Completed,4500,3000,22500,21375.0,15000,6375.0
ORD003562,2026-07-16,CUST0977,P012,2,0.1,UPI,Completed,9000,6500,18000,16200.0,13000,3200.0
ORD003563,2026-04-14,CUST1675,P006,1,0.0,UPI,Completed,35000,28500,35000,35000.0,28500,6500.0
ORD003564,2025-02-10,CUST1504,P008,2,0.05,UPI,Completed,16000,12500,32000,30400.0,25000,5400.0
ORD003565,2026-04-01,CUST0010,P013,1,0.1,Credit Card,Completed,6000,4200,6000,5400.0,4200,1200.0
ORD003566,2026-06-18,CUST0726,P001,2,0.0,UPI,Completed,65000,52000,130000,130000.0,104000,26000.0
ORD003567,2026-01-06,CUST0505,P005,4,0.2,UPI,Completed,4500,3000,18000,14400.0,12000,2400.0
ORD003568,2025-07-01,CUST0785,P003,3,0.05,Credit Card,Completed,3000,2100,9000,8550.0,6300,2250.0
ORD003569,2026-06-01,CUST1584,P002,1,0.0,UPI,Completed,18000,13500,18000,18000.0,13500,4500.0
ORD003570,2026-08-13,CUST0436,P011,2,0.0,UPI,Completed,4000,2600,8000,8000.0,5200,2800.0
ORD003571,2025-08-19,CUST1135,P008,2,0.05,Net Banking,Completed,16000,12500,32000,30400.0,25000,5400.0
ORD003572,2025-12-14,CUST0153,P007,1,0.05,Credit Card,Completed,28000,22000,28000,26600.0,22000,4600.0
ORD003573,2026-04-24,CUST1659,P010,1,0.0,UPI,Completed,22000,16000,22000,22000.0,16000,6000.0
ORD003574,2025-07-28,CUST0917,P007,2,0.0,Net Banking,Completed,28000,22000,56000,56000.0,44000,12000.0
ORD003575,2025-10-05,CUST0869,P005,2,0.05,UPI,Completed,4500,3000,9000,8550.0,6000,2550.0
ORD003576,2025-02-22,CUST1126,P012,1,0.05,UPI,Completed,9000,6500,9000,8550.0,6500,2050.0
ORD003577,2025-01-10,CUST0753,P013,1,0.0,Net Banking,Completed,6000,4200,6000,6000.0,4200,1800.0
ORD003578,2026-04-09,CUST1215,P009,1,0.1,UPI,Cancelled,12000,8500,12000,10800.0,8500,2300.0
ORD003579,2026-08-06,CUST1753,P005,1,0.2,Net Banking,Completed,4500,3000,4500,3600.0,3000,600.0
ORD003580,2025-06-07,CUST0563,P002,2,0.2,Net Banking,Completed,18000,13500,36000,28800.0,27000,1800.0
ORD003581,2025-01-19,CUST1105,P003,1,0.15,UPI,Completed,3000,2100,3000,2550.0,2100,450.0
ORD003582,2025-02-24,CUST0489,P004,1,0.1,UPI,Completed,1500,950,1500,1350.0,950,400.0
ORD003583,2025-01-21,CUST0895,P015,3,0.0,UPI,Completed,2200,1400,6600,6600.0,4200,2400.0
ORD003584,2025-10-09,CUST1112,P005,1,0.0,UPI,Completed,4500,3000,4500,4500.0,3000,1500.0
ORD003585,2026-06-24,CUST1218,P013,2,0.05,Net Banking,Completed,6000,4200,12000,11400.0,8400,3000.0
ORD003586,2026-02-21,CUST0104,P003,4,0.1,Credit Card,Completed,3000,2100,12000,10800.0,8400,2400.0
ORD003587,2025-10-12,CUST1120,P012,2,0.15,UPI,Completed,9000,6500,18000,15300.0,13000,2300.0
ORD003588,2026-06-16,CUST1447,P014,2,0.0,Credit Card,Completed,2500,1600,5000,5000.0,3200,1800.0
ORD003589,2026-06-16,CUST1222,P007,1,0.05,UPI,Completed,28000,22000,28000,26600.0,22000,4600.0
ORD003590,2026-05-26,CUST1025,P005,1,0.1,UPI,Completed,4500,3000,4500,4050.0,3000,1050.0
ORD003591,2026-01-31,CUST1007,P005,2,0.05,UPI,Completed,4500,3000,9000,8550.0,6000,2550.0
ORD003592,2025-04-30,CUST0407,P006,2,0.05,Debit Card,Completed,35000,28500,70000,66500.0,57000,9500.0
ORD003593,2025-04-07,CUST1402,P007,1,0.0,UPI,Completed,28000,22000,28000,28000.0,22000,6000.0
ORD003594,2025-04-30,CUST0167,P010,1,0.2,Credit Card,Completed,22000,16000,22000,17600.0,16000,1600.0
ORD003595,2026-06-21,CUST0509,P010,4,0.05,UPI,Cancelled,22000,16000,88000,83600.0,64000,19600.0
ORD003596,2025-06-02,CUST1662,P008,1,0.05,Credit Card,Completed,16000,12500,16000,15200.0,12500,2700.0
ORD003597,2025-09-02,CUST0313,P009,1,0.0,UPI,Completed,12000,8500,12000,12000.0,8500,3500.0
ORD003598,2026-05-31,CUST1617,P011,1,0.05,UPI,Completed,4000,2600,4000,3800.0,2600,1200.0
ORD003599,2026-01-28,CUST1442,P004,3,0.0,Credit Card,Completed,1500,950,4500,4500.0,2850,1650.0
ORD003600,2025-05-23,CUST0763,P005,3,0.0,Credit Card,Completed,4500,3000,13500,13500.0,9000,4500.0
ORD003601,2026-05-19,CUST0681,P015,2,0.0,UPI,Completed,2200,1400,4400,4400.0,2800,1600.0
ORD003602,2025-08-08,CUST0477,P005,1,0.0,Debit Card,Completed,4500,3000,4500,4500.0,3000,1500.0
ORD003603,2025-06-09,CUST0073,P008,1,0.05,Credit Card,Completed,16000,12500,16000,15200.0,12500,2700.0
ORD003604,2025-03-17,CUST1165,P009,1,0.05,Debit Card,Completed,12000,8500,12000,11400.0,8500,2900.0
ORD003605,2026-09-03,CUST0582,P007,2,0.15,Credit Card,Completed,28000,22000,56000,47600.0,44000,3600.0
ORD003606,2025-02-01,CUST0262,P015,2,0.0,Net Banking,Returned,2200,1400,4400,4400.0,2800,1600.0
ORD003607,2025-11-30,CUST1364,P005,4,0.0,Credit Card,Completed,4500,3000,18000,18000.0,12000,6000.0
ORD003608,2026-06-09,CUST1332,P003,1,0.15,UPI,Completed,3000,2100,3000,2550.0,2100,450.0
ORD003609,2026-03-16,CUST0245,P001,2,0.0,Net Banking,Cancelled,65000,52000,130000,130000.0,104000,26000.0
ORD003610,2025-12-18,CUST1539,P011,2,0.0,Net Banking,Completed,4000,2600,8000,8000.0,5200,2800.0
ORD003611,2025-12-05,CUST1361,P009,1,0.0,Cash,Completed,12000,8500,12000,12000.0,8500,3500.0
ORD003612,2026-02-04,CUST1599,P005,1,0.1,UPI,Completed,4500,3000,4500,4050.0,3000,1050.0
ORD003613,2026-01-31,CUST0561,P009,2,0.1,Credit Card,Completed,12000,8500,24000,21600.0,17000,4600.0
ORD003614,2025-07-21,CUST1100,P010,4,0.0,Credit Card,Completed,22000,16000,88000,88000.0,64000,24000.0
ORD003615,2026-06-14,CUST0175,P015,1,0.1,Debit Card,Returned,2200,1400,2200,1980.0,1400,580.0
ORD003616,2025-04-03,CUST0109,P012,5,0.05,Cash,Completed,9000,6500,45000,42750.0,32500,10250.0
ORD003617,2025-12-24,CUST0183,P013,2,0.15,Credit Card,Completed,6000,4200,12000,10200.0,8400,1800.0
ORD003618,2026-01-31,CUST0192,P014,1,0.0,Debit Card,Completed,2500,1600,2500,2500.0,1600,900.0
ORD003619,2025-03-01,CUST0065,P004,1,0.1,UPI,Completed,1500,950,1500,1350.0,950,400.0
ORD003620,2026-04-22,CUST0963,P005,1,0.0,UPI,Completed,4500,3000,4500,4500.0,3000,1500.0
ORD003621,2026-09-04,CUST1498,P004,1,0.05,UPI,Completed,1500,950,1500,1425.0,950,475.0
ORD003622,2025-01-01,CUST1124,P002,1,0.0,UPI,Completed,18000,13500,18000,18000.0,13500,4500.0
ORD003623,2026-07-09,CUST1568,P012,1,0.1,UPI,Completed,9000,6500,9000,8100.0,6500,1600.0
ORD003624,2025-11-07,CUST0864,P001,5,0.1,UPI,Completed,65000,52000,325000,292500.0,260000,32500.0
ORD003625,2025-06-17,CUST1152,P008,2,0.05,Credit Card,Completed,16000,12500,32000,30400.0,25000,5400.0
ORD003626,2025-07-11,CUST1476,P004,2,0.1,Credit Card,Completed,1500,950,3000,2700.0,1900,800.0
ORD003627,2025-02-03,CUST0369,P005,1,0.1,Debit Card,Completed,4500,3000,4500,4050.0,3000,1050.0
ORD003628,2025-02-03,CUST0851,P006,1,0.1,Credit Card,Completed,35000,28500,35000,31500.0,28500,3000.0
ORD003629,2026-02-21,CUST0043,P014,1,0.0,Credit Card,Completed,2500,1600,2500,2500.0,1600,900.0
ORD003630,2025-06-07,CUST1443,P008,3,0.05,UPI,Completed,16000,12500,48000,45600.0,37500,8100.0
ORD003631,2026-05-15,CUST0488,P011,1,0.0,Net Banking,Completed,4000,2600,4000,4000.0,2600,1400.0
ORD003632,2026-01-01,CUST0078,P008,1,0.05,UPI,Completed,16000,12500,16000,15200.0,12500,2700.0
ORD003633,2025-12-06,CUST0826,P007,2,0.1,Cash,Completed,28000,22000,56000,50400.0,44000,6400.0
ORD003634,2025-12-01,CUST1294,P004,2,0.1,Credit Card,Completed,1500,950,3000,2700.0,1900,800.0
ORD003635,2026-08-06,CUST0674,P006,3,0.1,UPI,Completed,35000,28500,105000,94500.0,85500,9000.0
ORD003636,2025-11-23,CUST0701,P004,1,0.0,Credit Card,Completed,1500,950,1500,1500.0,950,550.0
ORD003637,2025-04-24,CUST0759,P015,1,0.1,UPI,Completed,2200,1400,2200,1980.0,1400,580.0
ORD003638,2026-02-22,CUST0728,P014,3,0.05,UPI,Returned,2500,1600,7500,7125.0,4800,2325.0
ORD003639,2026-04-13,CUST1339,P007,2,0.15,UPI,Completed,28000,22000,56000,47600.0,44000,3600.0
ORD003640,2025-05-23,CUST0925,P012,1,0.0,Credit Card,Completed,9000,6500,9000,9000.0,6500,2500.0
ORD003641,2026-09-01,CUST0902,P013,1,0.1,UPI,Completed,6000,4200,6000,5400.0,4200,1200.0
ORD003642,2025-11-05,CUST0889,P012,2,0.1,Debit Card,Completed,9000,6500,18000,16200.0,13000,3200.0
ORD003643,2026-02-05,CUST0993,P015,5,0.15,Net Banking,Completed,2200,1400,11000,9350.0,7000,2350.0
ORD003644,2025-11-16,CUST1192,P013,2,0.05,Credit Card,Completed,6000,4200,12000,11400.0,8400,3000.0
ORD003645,2025-07-31,CUST0339,P013,3,0.05,UPI,Completed,6000,4200,18000,17100.0,12600,4500.0
ORD003646,2025-11-13,CUST0193,P011,2,0.05,UPI,Completed,4000,2600,8000,7600.0,5200,2400.0
ORD003647,2025-07-04,CUST1477,P014,1,0.0,UPI,Completed,2500,1600,2500,2500.0,1600,900.0
ORD003648,2025-07-24,CUST0283,P001,1,0.1,Debit Card,Completed,65000,52000,65000,58500.0,52000,6500.0
ORD003649,2025-12-30,CUST1360,P005,2,0.15,Debit Card,Completed,4500,3000,9000,7650.0,6000,1650.0
ORD003650,2025-08-04,CUST0390,P015,2,0.0,Credit Card,Completed,2200,1400,4400,4400.0,2800,1600.0
ORD003651,2025-09-03,CUST1000,P014,3,0.05,UPI,Completed,2500,1600,7500,7125.0,4800,2325.0
ORD003652,2025-08-27,CUST0525,P010,2,0.15,UPI,Completed,22000,16000,44000,37400.0,32000,5400.0
ORD003653,2026-01-26,CUST1264,P012,5,0.0,Net Banking,Completed,9000,6500,45000,45000.0,32500,12500.0
ORD003654,2026-06-04,CUST1507,P015,2,0.05,Credit Card,Completed,2200,1400,4400,4180.0,2800,1380.0
ORD003655,2026-08-13,CUST0659,P010,1,0.15,Cash,Completed,22000,16000,22000,18700.0,16000,2700.0
ORD003656,2025-10-04,CUST0716,P015,1,0.15,Cash,Completed,2200,1400,2200,1870.0,1400,470.0
ORD003657,2025-07-21,CUST1616,P004,1,0.05,Net Banking,Completed,1500,950,1500,1425.0,950,475.0
ORD003658,2025-08-02,CUST0891,P011,3,0.0,UPI,Completed,4000,2600,12000,12000.0,7800,4200.0
ORD003659,2026-08-29,CUST1579,P007,1,0.0,UPI,Completed,28000,22000,28000,28000.0,22000,6000.0
ORD003660,2026-04-23,CUST1482,P013,5,0.05,UPI,Completed,6000,4200,30000,28500.0,21000,7500.0
ORD003661,2026-05-23,CUST1113,P009,5,0.0,Cash,Completed,12000,8500,60000,60000.0,42500,17500.0
ORD003662,2025-03-16,CUST1684,P005,2,0.0,UPI,Completed,4500,3000,9000,9000.0,6000,3000.0
ORD003663,2025-05-22,CUST1119,P004,1,0.1,Debit Card,Completed,1500,950,1500,1350.0,950,400.0
ORD003664,2026-08-13,CUST0452,P015,1,0.1,Cash,Completed,2200,1400,2200,1980.0,1400,580.0
ORD003665,2025-11-18,CUST0428,P009,1,0.1,Net Banking,Completed,12000,8500,12000,10800.0,8500,2300.0
ORD003666,2026-04-06,CUST1175,P005,1,0.0,Credit Card,Completed,4500,3000,4500,4500.0,3000,1500.0
ORD003667,2025-05-26,CUST1538,P009,1,0.0,UPI,Completed,12000,8500,12000,12000.0,8500,3500.0
ORD003668,2025-02-23,CUST1400,P008,1,0.1,UPI,Completed,16000,12500,16000,14400.0,12500,1900.0
ORD003669,2025-12-22,CUST1046,P004,2,0.1,Credit Card,Completed,1500,950,3000,2700.0,1900,800.0
ORD003670,2025-10-04,CUST0883,P011,1,0.1,Cash,Completed,4000,2600,4000,3600.0,2600,1000.0
ORD003671,2026-08-18,CUST0313,P011,1,0.2,Net Banking,Returned,4000,2600,4000,3200.0,2600,600.0
ORD003672,2026-02-04,CUST0840,P007,2,0.15,UPI,Completed,28000,22000,56000,47600.0,44000,3600.0
ORD003673,2026-05-31,CUST0519,P005,5,0.05,UPI,Completed,4500,3000,22500,21375.0,15000,6375.0
ORD003674,2026-05-14,CUST1230,P010,2,0.0,Credit Card,Completed,22000,16000,44000,44000.0,32000,12000.0
ORD003675,2025-11-07,CUST0375,P004,2,0.05,Credit Card,Completed,1500,950,3000,2850.0,1900,950.0
ORD003676,2025-09-28,CUST0451,P005,3,0.1,UPI,Completed,4500,3000,13500,12150.0,9000,3150.0
ORD003677,2026-07-30,CUST1650,P005,2,0.0,Credit Card,Completed,4500,3000,9000,9000.0,6000,3000.0
ORD003678,2026-03-25,CUST1015,P011,3,0.1,Cash,Completed,4000,2600,12000,10800.0,7800,3000.0
ORD003679,2025-04-22,CUST0595,P015,1,0.0,Cash,Completed,2200,1400,2200,2200.0,1400,800.0
ORD003680,2025-08-27,CUST1203,P009,3,0.1,Credit Card,Completed,12000,8500,36000,32400.0,25500,6900.0
ORD003681,2025-05-24,CUST1234,P012,1,0.0,Debit Card,Completed,9000,6500,9000,9000.0,6500,2500.0
ORD003682,2026-01-09,CUST0500,P009,4,0.05,UPI,Completed,12000,8500,48000,45600.0,34000,11600.0
ORD003683,2025-01-20,CUST0464,P006,1,0.15,Debit Card,Cancelled,35000,28500,35000,29750.0,28500,1250.0
ORD003684,2026-07-30,CUST1148,P014,4,0.0,UPI,Completed,2500,1600,10000,10000.0,6400,3600.0
ORD003685,2025-10-16,CUST0113,P004,4,0.05,UPI,Completed,1500,950,6000,5700.0,3800,1900.0
ORD003686,2026-08-16,CUST1036,P015,1,0.0,UPI,Completed,2200,1400,2200,2200.0,1400,800.0
ORD003687,2025-07-16,CUST1150,P002,5,0.15,Credit Card,Completed,18000,13500,90000,76500.0,67500,9000.0
ORD003688,2026-01-17,CUST1589,P014,1,0.1,Net Banking,Completed,2500,1600,2500,2250.0,1600,650.0
ORD003689,2026-08-04,CUST0331,P003,1,0.15,Cash,Completed,3000,2100,3000,2550.0,2100,450.0
ORD003690,2026-05-07,CUST1307,P002,1,0.15,Debit Card,Completed,18000,13500,18000,15300.0,13500,1800.0
ORD003691,2025-06-13,CUST0140,P005,5,0.1,Debit Card,Completed,4500,3000,22500,20250.0,15000,5250.0
ORD003692,2026-08-29,CUST1425,P006,2,0.0,UPI,Completed,35000,28500,70000,70000.0,57000,13000.0
ORD003693,2025-09-06,CUST0902,P011,2,0.0,Credit Card,Returned,4000,2600,8000,8000.0,5200,2800.0
ORD003694,2025-03-09,CUST1121,P005,2,0.05,Debit Card,Completed,4500,3000,9000,8550.0,6000,2550.0
ORD003695,2025-01-21,CUST0517,P002,4,0.05,Credit Card,Completed,18000,13500,72000,68400.0,54000,14400.0
ORD003696,2026-05-27,CUST0569,P012,3,0.1,UPI,Completed,9000,6500,27000,24300.0,19500,4800.0
ORD003697,2026-08-20,CUST0846,P005,1,0.0,Debit Card,Completed,4500,3000,4500,4500.0,3000,1500.0
ORD003698,2026-01-25,CUST1093,P009,1,0.0,UPI,Completed,12000,8500,12000,12000.0,8500,3500.0
ORD003699,2026-06-20,CUST0118,P004,1,0.05,UPI,Completed,1500,950,1500,1425.0,950,475.0
ORD003700,2025-04-21,CUST0888,P012,2,0.0,Credit Card,Completed,9000,6500,18000,18000.0,13000,5000.0
ORD003701,2026-08-18,CUST1083,P010,1,0.1,UPI,Completed,22000,16000,22000,19800.0,16000,3800.0
ORD003702,2026-04-05,CUST1057,P002,1,0.05,Debit Card,Completed,18000,13500,18000,17100.0,13500,3600.0
ORD003703,2025-03-19,CUST1342,P003,3,0.1,Debit Card,Completed,3000,2100,9000,8100.0,6300,1800.0
ORD003704,2026-03-10,CUST0050,P003,1,0.0,UPI,Completed,3000,2100,3000,3000.0,2100,900.0
ORD003705,2026-01-15,CUST1513,P009,2,0.2,Cash,Completed,12000,8500,24000,19200.0,17000,2200.0
ORD003706,2026-03-16,CUST0019,P004,1,0.0,Net Banking,Completed,1500,950,1500,1500.0,950,550.0
ORD003707,2025-12-05,CUST0726,P015,1,0.0,UPI,Completed,2200,1400,2200,2200.0,1400,800.0
ORD003708,2026-02-28,CUST0197,P001,1,0.1,Debit Card,Completed,65000,52000,65000,58500.0,52000,6500.0
ORD003709,2025-06-18,CUST1474,P001,1,0.0,Credit Card,Completed,65000,52000,65000,65000.0,52000,13000.0
ORD003710,2025-09-19,CUST0559,P015,3,0.0,Debit Card,Completed,2200,1400,6600,6600.0,4200,2400.0
ORD003711,2026-08-02,CUST1703,P007,1,0.0,Net Banking,Completed,28000,22000,28000,28000.0,22000,6000.0
ORD003712,2025-08-17,CUST0452,P007,1,0.05,UPI,Completed,28000,22000,28000,26600.0,22000,4600.0
ORD003713,2025-06-10,CUST0289,P002,3,0.15,Debit Card,Completed,18000,13500,54000,45900.0,40500,5400.0
ORD003714,2026-03-03,CUST1165,P009,2,0.05,Net Banking,Completed,12000,8500,24000,22800.0,17000,5800.0
ORD003715,2025-05-02,CUST1108,P009,3,0.1,UPI,Completed,12000,8500,36000,32400.0,25500,6900.0
ORD003716,2025-05-29,CUST1718,P005,4,0.0,UPI,Completed,4500,3000,18000,18000.0,12000,6000.0
ORD003717,2025-04-21,CUST0391,P015,3,0.0,UPI,Completed,2200,1400,6600,6600.0,4200,2400.0
ORD003718,2025-08-09,CUST1615,P015,1,0.0,UPI,Returned,2200,1400,2200,2200.0,1400,800.0
ORD003719,2025-03-05,CUST0215,P003,3,0.15,UPI,Completed,3000,2100,9000,7650.0,6300,1350.0
ORD003720,2026-09-30,CUST1550,P003,2,0.0,UPI,Completed,3000,2100,6000,6000.0,4200,1800.0
ORD003721,2025-12-20,CUST0215,P012,1,0.2,UPI,Completed,9000,6500,9000,7200.0,6500,700.0
ORD003722,2026-04-19,CUST1427,P003,1,0.0,UPI,Completed,3000,2100,3000,3000.0,2100,900.0
ORD003723,2026-04-30,CUST0128,P006,1,0.1,Debit Card,Completed,35000,28500,35000,31500.0,28500,3000.0
ORD003724,2025-01-13,CUST1501,P004,1,0.15,Cash,Completed,1500,950,1500,1275.0,950,325.0
ORD003725,2025-06-02,CUST0760,P008,1,0.05,Net Banking,Completed,16000,12500,16000,15200.0,12500,2700.0
ORD003726,2025-08-27,CUST0404,P015,1,0.1,UPI,Completed,2200,1400,2200,1980.0,1400,580.0
ORD003727,2025-07-09,CUST1053,P013,3,0.05,Debit Card,Completed,6000,4200,18000,17100.0,12600,4500.0
ORD003728,2025-03-27,CUST0338,P011,4,0.0,Net Banking,Completed,4000,2600,16000,16000.0,10400,5600.0
ORD003729,2025-01-21,CUST0831,P013,2,0.0,Net Banking,Completed,6000,4200,12000,12000.0,8400,3600.0
ORD003730,2025-11-15,CUST0714,P011,3,0.1,Net Banking,Completed,4000,2600,12000,10800.0,7800,3000.0
ORD003731,2025-06-07,CUST0361,P011,1,0.0,Net Banking,Completed,4000,2600,4000,4000.0,2600,1400.0
ORD003732,2026-04-26,CUST0569,P005,4,0.0,UPI,Completed,4500,3000,18000,18000.0,12000,6000.0
ORD003733,2025-03-17,CUST1416,P001,2,0.2,UPI,Completed,65000,52000,130000,104000.0,104000,0.0
ORD003734,2025-11-25,CUST0218,P009,1,0.0,Credit Card,Completed,12000,8500,12000,12000.0,8500,3500.0
ORD003735,2026-02-20,CUST1598,P001,1,0.05,UPI,Completed,65000,52000,65000,61750.0,52000,9750.0
ORD003736,2025-07-22,CUST1693,P006,1,0.2,Cash,Completed,35000,28500,35000,28000.0,28500,-500.0
ORD003737,2025-08-17,CUST0202,P001,1,0.05,Credit Card,Completed,65000,52000,65000,61750.0,52000,9750.0
ORD003738,2025-06-01,CUST0017,P003,1,0.05,Cash,Completed,3000,2100,3000,2850.0,2100,750.0
ORD003739,2025-03-13,CUST0322,P015,1,0.1,Debit Card,Completed,2200,1400,2200,1980.0,1400,580.0
ORD003740,2025-08-13,CUST0518,P010,1,0.0,Credit Card,Returned,22000,16000,22000,22000.0,16000,6000.0
ORD003741,2026-04-18,CUST1594,P005,1,0.0,UPI,Completed,4500,3000,4500,4500.0,3000,1500.0
ORD003742,2025-12-26,CUST1349,P015,5,0.05,UPI,Completed,2200,1400,11000,10450.0,7000,3450.0
ORD003743,2026-06-24,CUST1436,P010,1,0.1,Debit Card,Completed,22000,16000,22000,19800.0,16000,3800.0
ORD003744,2026-09-01,CUST1342,P007,1,0.0,Net Banking,Completed,28000,22000,28000,28000.0,22000,6000.0
ORD003745,2025-02-15,CUST0681,P014,2,0.05,Cash,Completed,2500,1600,5000,4750.0,3200,1550.0
ORD003746,2025-01-01,CUST1106,P010,3,0.0,UPI,Completed,22000,16000,66000,66000.0,48000,18000.0
ORD003747,2025-09-02,CUST1498,P008,1,0.0,UPI,Completed,16000,12500,16000,16000.0,12500,3500.0
ORD003748,2025-08-07,CUST1492,P012,3,0.1,UPI,Completed,9000,6500,27000,24300.0,19500,4800.0
ORD003749,2026-09-06,CUST0425,P009,1,0.0,UPI,Completed,12000,8500,12000,12000.0,8500,3500.0
ORD003750,2025-10-18,CUST1755,P006,1,0.1,Net Banking,Completed,35000,28500,35000,31500.0,28500,3000.0
ORD003751,2026-04-03,CUST1713,P015,1,0.05,UPI,Completed,2200,1400,2200,2090.0,1400,690.0
ORD003752,2025-07-23,CUST1228,P011,2,0.0,Credit Card,Completed,4000,2600,8000,8000.0,5200,2800.0
ORD003753,2025-07-21,CUST1607,P009,1,0.0,Credit Card,Completed,12000,8500,12000,12000.0,8500,3500.0
ORD003754,2026-07-20,CUST1019,P008,2,0.0,UPI,Completed,16000,12500,32000,32000.0,25000,7000.0
ORD003755,2026-04-27,CUST0387,P009,1,0.0,Debit Card,Completed,12000,8500,12000,12000.0,8500,3500.0
ORD003756,2026-05-26,CUST0778,P010,2,0.1,Credit Card,Completed,22000,16000,44000,39600.0,32000,7600.0
ORD003757,2025-10-05,CUST0098,P004,1,0.1,UPI,Completed,1500,950,1500,1350.0,950,400.0
ORD003758,2025-01-16,CUST1369,P009,1,0.0,Debit Card,Completed,12000,8500,12000,12000.0,8500,3500.0
ORD003759,2026-06-09,CUST0208,P015,2,0.1,UPI,Completed,2200,1400,4400,3960.0,2800,1160.0
ORD003760,2025-12-22,CUST1538,P007,2,0.2,Debit Card,Completed,28000,22000,56000,44800.0,44000,800.0
ORD003761,2025-12-22,CUST1660,P005,1,0.0,Cash,Cancelled,4500,3000,4500,4500.0,3000,1500.0
ORD003762,2026-08-22,CUST0586,P005,3,0.05,Debit Card,Cancelled,4500,3000,13500,12825.0,9000,3825.0
ORD003763,2025-03-19,CUST0166,P001,2,0.1,Credit Card,Completed,65000,52000,130000,117000.0,104000,13000.0
ORD003764,2025-03-08,CUST0022,P002,1,0.0,Debit Card,Completed,18000,13500,18000,18000.0,13500,4500.0
ORD003765,2025-08-02,CUST0154,P010,5,0.1,Net Banking,Completed,22000,16000,110000,99000.0,80000,19000.0
ORD003766,2026-03-25,CUST1463,P003,2,0.2,UPI,Completed,3000,2100,6000,4800.0,4200,600.0
ORD003767,2026-03-09,CUST1319,P014,1,0.0,Debit Card,Completed,2500,1600,2500,2500.0,1600,900.0
ORD003768,2026-06-29,CUST0219,P014,1,0.1,Credit Card,Completed,2500,1600,2500,2250.0,1600,650.0
ORD003769,2025-04-25,CUST0669,P008,2,0.05,Net Banking,Completed,16000,12500,32000,30400.0,25000,5400.0
ORD003770,2026-02-24,CUST1519,P006,1,0.0,UPI,Completed,35000,28500,35000,35000.0,28500,6500.0
ORD003771,2026-05-14,CUST0230,P012,1,0.05,Net Banking,Completed,9000,6500,9000,8550.0,6500,2050.0
ORD003772,2026-01-15,CUST0020,P010,1,0.0,Credit Card,Completed,22000,16000,22000,22000.0,16000,6000.0
ORD003773,2025-05-23,CUST0553,P011,2,0.05,Credit Card,Completed,4000,2600,8000,7600.0,5200,2400.0
ORD003774,2026-09-24,CUST0950,P013,1,0.0,Credit Card,Completed,6000,4200,6000,6000.0,4200,1800.0
ORD003775,2025-01-24,CUST0148,P015,3,0.1,UPI,Completed,2200,1400,6600,5940.0,4200,1740.0
ORD003776,2026-06-23,CUST1132,P014,1,0.05,UPI,Completed,2500,1600,2500,2375.0,1600,775.0
ORD003777,2025-03-16,CUST0403,P005,1,0.05,UPI,Completed,4500,3000,4500,4275.0,3000,1275.0
ORD003778,2026-06-19,CUST0596,P013,3,0.0,UPI,Completed,6000,4200,18000,18000.0,12600,5400.0
ORD003779,2025-02-10,CUST1507,P001,2,0.05,Credit Card,Returned,65000,52000,130000,123500.0,104000,19500.0
ORD003780,2026-07-22,CUST0367,P012,1,0.0,Credit Card,Completed,9000,6500,9000,9000.0,6500,2500.0
ORD003781,2026-02-17,CUST1438,P011,1,0.1,UPI,Completed,4000,2600,4000,3600.0,2600,1000.0
ORD003782,2026-02-19,CUST1333,P012,1,0.0,Credit Card,Completed,9000,6500,9000,9000.0,6500,2500.0
ORD003783,2026-03-25,CUST0802,P009,2,0.1,UPI,Completed,12000,8500,24000,21600.0,17000,4600.0
ORD003784,2026-09-02,CUST0918,P003,1,0.0,UPI,Completed,3000,2100,3000,3000.0,2100,900.0
ORD003785,2026-03-12,CUST1158,P003,2,0.1,UPI,Completed,3000,2100,6000,5400.0,4200,1200.0
ORD003786,2026-07-06,CUST1743,P002,2,0.05,Credit Card,Completed,18000,13500,36000,34200.0,27000,7200.0
ORD003787,2025-08-27,CUST1307,P004,1,0.05,UPI,Completed,1500,950,1500,1425.0,950,475.0
ORD003788,2025-02-11,CUST0073,P012,1,0.1,UPI,Completed,9000,6500,9000,8100.0,6500,1600.0
ORD003789,2025-01-10,CUST0481,P002,1,0.05,Credit Card,Returned,18000,13500,18000,17100.0,13500,3600.0
ORD003790,2025-09-22,CUST1376,P013,1,0.1,UPI,Completed,6000,4200,6000,5400.0,4200,1200.0
ORD003791,2026-08-04,CUST0560,P009,2,0.1,Credit Card,Cancelled,12000,8500,24000,21600.0,17000,4600.0
ORD003792,2026-03-21,CUST1350,P012,2,0.05,UPI,Completed,9000,6500,18000,17100.0,13000,4100.0
ORD003793,2025-05-19,CUST0745,P010,2,0.15,Net Banking,Completed,22000,16000,44000,37400.0,32000,5400.0
ORD003794,2025-07-15,CUST1467,P007,1,0.1,Net Banking,Cancelled,28000,22000,28000,25200.0,22000,3200.0
ORD003795,2025-03-15,CUST0100,P008,4,0.05,Cash,Completed,16000,12500,64000,60800.0,50000,10800.0
ORD003796,2026-09-07,CUST1083,P003,1,0.0,Credit Card,Completed,3000,2100,3000,3000.0,2100,900.0
ORD003797,2025-08-13,CUST0508,P006,1,0.05,Credit Card,Completed,35000,28500,35000,33250.0,28500,4750.0
ORD003798,2026-09-27,CUST0258,P015,2,0.05,Net Banking,Completed,2200,1400,4400,4180.0,2800,1380.0
ORD003799,2025-04-12,CUST0413,P010,3,0.05,Credit Card,Completed,22000,16000,66000,62700.0,48000,14700.0
ORD003800,2025-09-21,CUST1476,P006,1,0.1,Credit Card,Completed,35000,28500,35000,31500.0,28500,3000.0
ORD003801,2025-06-10,CUST1089,P013,2,0.1,Credit Card,Completed,6000,4200,12000,10800.0,8400,2400.0
ORD003802,2025-08-21,CUST0595,P001,3,0.1,Credit Card,Completed,65000,52000,195000,175500.0,156000,19500.0
ORD003803,2026-05-06,CUST1178,P006,3,0.1,UPI,Completed,35000,28500,105000,94500.0,85500,9000.0
ORD003804,2025-11-07,CUST0266,P013,1,0.0,Net Banking,Completed,6000,4200,6000,6000.0,4200,1800.0
ORD003805,2025-08-15,CUST0821,P014,3,0.0,Cash,Completed,2500,1600,7500,7500.0,4800,2700.0
ORD003806,2025-09-30,CUST1103,P003,3,0.1,UPI,Completed,3000,2100,9000,8100.0,6300,1800.0
ORD003807,2025-11-13,CUST1339,P011,2,0.05,Net Banking,Completed,4000,2600,8000,7600.0,5200,2400.0
ORD003808,2025-03-27,CUST0662,P003,3,0.1,UPI,Completed,3000,2100,9000,8100.0,6300,1800.0
ORD003809,2025-10-18,CUST0947,P003,5,0.0,UPI,Completed,3000,2100,15000,15000.0,10500,4500.0
ORD003810,2026-04-14,CUST0560,P010,1,0.0,Debit Card,Completed,22000,16000,22000,22000.0,16000,6000.0
ORD003811,2026-08-01,CUST0917,P011,1,0.05,UPI,Completed,4000,2600,4000,3800.0,2600,1200.0
ORD003812,2026-02-08,CUST0891,P015,1,0.05,Credit Card,Completed,2200,1400,2200,2090.0,1400,690.0
ORD003813,2026-03-03,CUST1272,P011,1,0.0,UPI,Completed,4000,2600,4000,4000.0,2600,1400.0
ORD003814,2026-01-10,CUST0868,P015,1,0.05,Credit Card,Completed,2200,1400,2200,2090.0,1400,690.0
ORD003815,2026-07-21,CUST0610,P010,2,0.0,Credit Card,Completed,22000,16000,44000,44000.0,32000,12000.0
ORD003816,2025-09-09,CUST0414,P011,1,0.0,Net Banking,Returned,4000,2600,4000,4000.0,2600,1400.0
ORD003817,2026-06-17,CUST0025,P008,2,0.0,Debit Card,Completed,16000,12500,32000,32000.0,25000,7000.0
ORD003818,2025-11-03,CUST0284,P013,3,0.05,UPI,Completed,6000,4200,18000,17100.0,12600,4500.0
ORD003819,2026-03-06,CUST1473,P005,1,0.15,Credit Card,Completed,4500,3000,4500,3825.0,3000,825.0
ORD003820,2025-09-21,CUST0881,P004,4,0.0,Net Banking,Completed,1500,950,6000,6000.0,3800,2200.0
ORD003821,2025-03-09,CUST0301,P013,1,0.0,Debit Card,Completed,6000,4200,6000,6000.0,4200,1800.0
ORD003822,2025-04-17,CUST1092,P009,3,0.1,Credit Card,Completed,12000,8500,36000,32400.0,25500,6900.0
ORD003823,2026-02-04,CUST1031,P009,3,0.15,Credit Card,Completed,12000,8500,36000,30600.0,25500,5100.0
ORD003824,2026-08-02,CUST0817,P001,1,0.0,Credit Card,Completed,65000,52000,65000,65000.0,52000,13000.0
ORD003825,2025-07-18,CUST1161,P002,1,0.05,Credit Card,Completed,18000,13500,18000,17100.0,13500,3600.0
ORD003826,2025-07-11,CUST1188,P008,1,0.0,Debit Card,Completed,16000,12500,16000,16000.0,12500,3500.0
ORD003827,2026-05-29,CUST0083,P005,3,0.0,UPI,Completed,4500,3000,13500,13500.0,9000,4500.0
ORD003828,2026-03-18,CUST1674,P007,3,0.1,Cash,Completed,28000,22000,84000,75600.0,66000,9600.0
ORD003829,2025-01-01,CUST1444,P001,1,0.2,UPI,Completed,65000,52000,65000,52000.0,52000,0.0
ORD003830,2025-12-24,CUST1097,P012,2,0.1,Credit Card,Completed,9000,6500,18000,16200.0,13000,3200.0
ORD003831,2025-04-25,CUST1261,P010,1,0.2,UPI,Completed,22000,16000,22000,17600.0,16000,1600.0
ORD003832,2026-08-23,CUST0046,P012,1,0.05,Credit Card,Completed,9000,6500,9000,8550.0,6500,2050.0
ORD003833,2025-07-16,CUST0618,P005,5,0.15,Credit Card,Completed,4500,3000,22500,19125.0,15000,4125.0
ORD003834,2026-08-27,CUST0928,P011,1,0.0,UPI,Completed,4000,2600,4000,4000.0,2600,1400.0
ORD003835,2025-10-01,CUST0262,P012,4,0.0,Cash,Completed,9000,6500,36000,36000.0,26000,10000.0
ORD003836,2025-06-09,CUST0176,P003,3,0.1,Credit Card,Returned,3000,2100,9000,8100.0,6300,1800.0
ORD003837,2025-06-22,CUST1190,P010,5,0.05,Credit Card,Completed,22000,16000,110000,104500.0,80000,24500.0
ORD003838,2026-06-29,CUST0657,P012,1,0.0,Credit Card,Cancelled,9000,6500,9000,9000.0,6500,2500.0
ORD003839,2026-04-03,CUST0842,P012,1,0.1,UPI,Completed,9000,6500,9000,8100.0,6500,1600.0
ORD003840,2026-08-08,CUST0370,P014,1,0.0,Credit Card,Completed,2500,1600,2500,2500.0,1600,900.0
ORD003841,2026-03-09,CUST0054,P002,2,0.05,UPI,Completed,18000,13500,36000,34200.0,27000,7200.0
ORD003842,2026-04-26,CUST0690,P002,2,0.0,Credit Card,Completed,18000,13500,36000,36000.0,27000,9000.0
ORD003843,2026-03-31,CUST1443,P009,1,0.1,Net Banking,Completed,12000,8500,12000,10800.0,8500,2300.0
ORD003844,2025-07-15,CUST1780,P013,3,0.0,UPI,Completed,6000,4200,18000,18000.0,12600,5400.0
ORD003845,2026-08-22,CUST1531,P004,1,0.05,Debit Card,Completed,1500,950,1500,1425.0,950,475.0
ORD003846,2025-11-05,CUST1365,P004,1,0.0,UPI,Completed,1500,950,1500,1500.0,950,550.0
ORD003847,2026-07-10,CUST1151,P007,1,0.1,UPI,Returned,28000,22000,28000,25200.0,22000,3200.0
ORD003848,2026-05-09,CUST1433,P010,1,0.1,Credit Card,Completed,22000,16000,22000,19800.0,16000,3800.0
ORD003849,2026-03-15,CUST0367,P010,1,0.0,UPI,Completed,22000,16000,22000,22000.0,16000,6000.0
ORD003850,2025-12-25,CUST1295,P013,1,0.0,Credit Card,Completed,6000,4200,6000,6000.0,4200,1800.0
ORD003851,2025-02-05,CUST0644,P002,3,0.0,UPI,Completed,18000,13500,54000,54000.0,40500,13500.0
ORD003852,2025-02-03,CUST1629,P003,3,0.05,Cash,Completed,3000,2100,9000,8550.0,6300,2250.0
ORD003853,2025-03-29,CUST0379,P003,1,0.05,Debit Card,Completed,3000,2100,3000,2850.0,2100,750.0
ORD003854,2025-01-16,CUST0073,P006,2,0.0,UPI,Completed,35000,28500,70000,70000.0,57000,13000.0
ORD003855,2026-02-25,CUST0915,P003,2,0.1,UPI,Completed,3000,2100,6000,5400.0,4200,1200.0
ORD003856,2026-07-07,CUST1272,P011,1,0.15,UPI,Completed,4000,2600,4000,3400.0,2600,800.0
ORD003857,2025-05-06,CUST0860,P005,2,0.0,UPI,Completed,4500,3000,9000,9000.0,6000,3000.0
ORD003858,2025-01-08,CUST0043,P004,2,0.05,Debit Card,Completed,1500,950,3000,2850.0,1900,950.0
ORD003859,2026-04-17,CUST0377,P003,2,0.05,Net Banking,Completed,3000,2100,6000,5700.0,4200,1500.0
ORD003860,2026-04-13,CUST1065,P008,2,0.05,UPI,Completed,16000,12500,32000,30400.0,25000,5400.0
ORD003861,2026-05-25,CUST0170,P014,2,0.0,Credit Card,Completed,2500,1600,5000,5000.0,3200,1800.0
ORD003862,2026-02-06,CUST0212,P010,1,0.0,Credit Card,Completed,22000,16000,22000,22000.0,16000,6000.0
ORD003863,2025-06-25,CUST1517,P003,3,0.0,Debit Card,Completed,3000,2100,9000,9000.0,6300,2700.0
ORD003864,2026-01-02,CUST1704,P006,1,0.05,UPI,Completed,35000,28500,35000,33250.0,28500,4750.0
ORD003865,2026-05-03,CUST0039,P013,3,0.1,Cash,Completed,6000,4200,18000,16200.0,12600,3600.0
ORD003866,2025-01-18,CUST0369,P015,1,0.0,Debit Card,Completed,2200,1400,2200,2200.0,1400,800.0
ORD003867,2025-02-25,CUST0757,P007,1,0.0,Cash,Completed,28000,22000,28000,28000.0,22000,6000.0
ORD003868,2025-02-04,CUST0151,P007,2,0.0,UPI,Completed,28000,22000,56000,56000.0,44000,12000.0
ORD003869,2026-09-22,CUST1135,P002,1,0.1,Credit Card,Completed,18000,13500,18000,16200.0,13500,2700.0
ORD003870,2026-07-27,CUST1504,P014,3,0.0,Debit Card,Completed,2500,1600,7500,7500.0,4800,2700.0
ORD003871,2026-08-23,CUST1460,P003,1,0.05,Debit Card,Completed,3000,2100,3000,2850.0,2100,750.0
ORD003872,2025-12-13,CUST1071,P012,2,0.1,UPI,Completed,9000,6500,18000,16200.0,13000,3200.0
ORD003873,2025-02-01,CUST1024,P010,1,0.1,Cash,Completed,22000,16000,22000,19800.0,16000,3800.0
ORD003874,2025-05-13,CUST1599,P010,1,0.1,Net Banking,Completed,22000,16000,22000,19800.0,16000,3800.0
ORD003875,2026-07-30,CUST0737,P015,1,0.0,UPI,Completed,2200,1400,2200,2200.0,1400,800.0
ORD003876,2025-07-18,CUST1390,P004,2,0.1,Credit Card,Completed,1500,950,3000,2700.0,1900,800.0
ORD003877,2025-09-13,CUST0069,P007,2,0.1,UPI,Completed,28000,22000,56000,50400.0,44000,6400.0
ORD003878,2025-12-08,CUST0299,P002,2,0.1,Net Banking,Completed,18000,13500,36000,32400.0,27000,5400.0
ORD003879,2025-08-19,CUST0944,P003,5,0.0,Debit Card,Completed,3000,2100,15000,15000.0,10500,4500.0
ORD003880,2025-10-28,CUST0802,P007,2,0.0,UPI,Completed,28000,22000,56000,56000.0,44000,12000.0
ORD003881,2026-07-01,CUST0296,P007,4,0.1,UPI,Completed,28000,22000,112000,100800.0,88000,12800.0
ORD003882,2025-01-26,CUST0203,P015,1,0.15,UPI,Completed,2200,1400,2200,1870.0,1400,470.0
ORD003883,2026-06-19,CUST0061,P010,1,0.1,UPI,Completed,22000,16000,22000,19800.0,16000,3800.0
ORD003884,2026-04-19,CUST0946,P003,1,0.1,UPI,Completed,3000,2100,3000,2700.0,2100,600.0
ORD003885,2026-01-22,CUST0963,P012,1,0.05,Debit Card,Completed,9000,6500,9000,8550.0,6500,2050.0
ORD003886,2025-10-12,CUST1338,P001,2,0.0,Debit Card,Completed,65000,52000,130000,130000.0,104000,26000.0
ORD003887,2026-03-26,CUST1185,P012,2,0.1,Credit Card,Completed,9000,6500,18000,16200.0,13000,3200.0
ORD003888,2025-11-16,CUST0331,P003,2,0.1,Debit Card,Completed,3000,2100,6000,5400.0,4200,1200.0
ORD003889,2025-06-05,CUST1552,P005,2,0.1,UPI,Completed,4500,3000,9000,8100.0,6000,2100.0
ORD003890,2026-04-16,CUST0338,P007,5,0.15,UPI,Completed,28000,22000,140000,119000.0,110000,9000.0
ORD003891,2026-02-24,CUST1630,P004,3,0.05,Debit Card,Completed,1500,950,4500,4275.0,2850,1425.0
ORD003892,2025-04-23,CUST1328,P013,1,0.0,Credit Card,Completed,6000,4200,6000,6000.0,4200,1800.0
ORD003893,2026-02-26,CUST1527,P013,1,0.15,UPI,Completed,6000,4200,6000,5100.0,4200,900.0
ORD003894,2026-08-21,CUST1674,P011,1,0.0,UPI,Completed,4000,2600,4000,4000.0,2600,1400.0
ORD003895,2025-10-12,CUST1362,P011,1,0.1,Credit Card,Completed,4000,2600,4000,3600.0,2600,1000.0
ORD003896,2026-07-26,CUST1574,P015,2,0.15,Net Banking,Completed,2200,1400,4400,3740.0,2800,940.0
ORD003897,2025-02-23,CUST0639,P001,2,0.0,Credit Card,Completed,65000,52000,130000,130000.0,104000,26000.0
ORD003898,2026-08-28,CUST0275,P006,1,0.1,UPI,Completed,35000,28500,35000,31500.0,28500,3000.0
ORD003899,2025-11-21,CUST1188,P002,2,0.0,Net Banking,Cancelled,18000,13500,36000,36000.0,27000,9000.0
ORD003900,2026-04-03,CUST1467,P012,2,0.1,UPI,Completed,9000,6500,18000,16200.0,13000,3200.0
ORD003901,2025-09-22,CUST0319,P003,1,0.0,Credit Card,Completed,3000,2100,3000,3000.0,2100,900.0
ORD003902,2026-01-17,CUST0589,P004,1,0.1,UPI,Cancelled,1500,950,1500,1350.0,950,400.0
ORD003903,2025-08-01,CUST0504,P006,3,0.1,Net Banking,Completed,35000,28500,105000,94500.0,85500,9000.0
ORD003904,2025-11-29,CUST1710,P006,2,0.05,Debit Card,Completed,35000,28500,70000,66500.0,57000,9500.0
ORD003905,2025-01-10,CUST0387,P007,1,0.1,Credit Card,Completed,28000,22000,28000,25200.0,22000,3200.0
ORD003906,2025-12-24,CUST0870,P005,1,0.15,Debit Card,Completed,4500,3000,4500,3825.0,3000,825.0
ORD003907,2025-07-22,CUST0833,P007,1,0.1,Credit Card,Completed,28000,22000,28000,25200.0,22000,3200.0
ORD003908,2025-02-27,CUST1015,P002,1,0.2,UPI,Completed,18000,13500,18000,14400.0,13500,900.0
ORD003909,2026-05-09,CUST0603,P001,3,0.05,Debit Card,Completed,65000,52000,195000,185250.0,156000,29250.0
ORD003910,2026-05-25,CUST1774,P012,1,0.05,Credit Card,Completed,9000,6500,9000,8550.0,6500,2050.0
ORD003911,2025-08-11,CUST1800,P010,1,0.0,Debit Card,Completed,22000,16000,22000,22000.0,16000,6000.0
ORD003912,2026-01-04,CUST0691,P008,1,0.2,UPI,Completed,16000,12500,16000,12800.0,12500,300.0
ORD003913,2026-02-22,CUST0494,P001,3,0.0,UPI,Completed,65000,52000,195000,195000.0,156000,39000.0
ORD003914,2026-07-01,CUST0490,P012,1,0.05,Credit Card,Completed,9000,6500,9000,8550.0,6500,2050.0
ORD003915,2025-04-13,CUST0721,P002,1,0.0,Credit Card,Completed,18000,13500,18000,18000.0,13500,4500.0
ORD003916,2025-06-10,CUST1097,P011,2,0.05,UPI,Completed,4000,2600,8000,7600.0,5200,2400.0
ORD003917,2025-07-19,CUST0509,P012,1,0.15,UPI,Completed,9000,6500,9000,7650.0,6500,1150.0
ORD003918,2025-06-09,CUST0390,P010,1,0.05,Debit Card,Cancelled,22000,16000,22000,20900.0,16000,4900.0
ORD003919,2025-05-16,CUST1643,P006,1,0.15,UPI,Completed,35000,28500,35000,29750.0,28500,1250.0
ORD003920,2026-02-02,CUST0295,P001,3,0.05,Credit Card,Completed,65000,52000,195000,185250.0,156000,29250.0
ORD003921,2026-01-27,CUST1393,P010,5,0.15,Credit Card,Completed,22000,16000,110000,93500.0,80000,13500.0
ORD003922,2025-04-16,CUST0796,P003,1,0.05,UPI,Completed,3000,2100,3000,2850.0,2100,750.0
ORD003923,2026-08-06,CUST0865,P007,1,0.0,Net Banking,Completed,28000,22000,28000,28000.0,22000,6000.0
ORD003924,2026-08-12,CUST1718,P012,1,0.05,UPI,Cancelled,9000,6500,9000,8550.0,6500,2050.0
ORD003925,2025-02-23,CUST0549,P008,2,0.05,Net Banking,Completed,16000,12500,32000,30400.0,25000,5400.0
ORD003926,2025-10-04,CUST0649,P004,2,0.0,Debit Card,Completed,1500,950,3000,3000.0,1900,1100.0
ORD003927,2025-04-21,CUST0568,P012,3,0.0,Credit Card,Completed,9000,6500,27000,27000.0,19500,7500.0
ORD003928,2025-08-12,CUST1211,P003,2,0.0,Net Banking,Completed,3000,2100,6000,6000.0,4200,1800.0
ORD003929,2025-03-16,CUST0853,P001,4,0.0,Debit Card,Completed,65000,52000,260000,260000.0,208000,52000.0
ORD003930,2026-05-21,CUST0770,P012,3,0.1,Net Banking,Completed,9000,6500,27000,24300.0,19500,4800.0
ORD003931,2025-01-14,CUST0445,P009,3,0.05,Credit Card,Completed,12000,8500,36000,34200.0,25500,8700.0
ORD003932,2026-04-27,CUST1594,P010,1,0.1,Credit Card,Completed,22000,16000,22000,19800.0,16000,3800.0
ORD003933,2025-07-08,CUST0363,P006,1,0.2,Credit Card,Completed,35000,28500,35000,28000.0,28500,-500.0
ORD003934,2025-12-30,CUST0123,P006,2,0.05,UPI,Completed,35000,28500,70000,66500.0,57000,9500.0
ORD003935,2025-08-27,CUST1212,P009,2,0.05,Net Banking,Completed,12000,8500,24000,22800.0,17000,5800.0
ORD003936,2026-02-05,CUST0742,P001,2,0.0,Debit Card,Completed,65000,52000,130000,130000.0,104000,26000.0
ORD003937,2025-10-31,CUST0680,P006,1,0.05,Debit Card,Completed,35000,28500,35000,33250.0,28500,4750.0
ORD003938,2025-04-01,CUST0420,P012,2,0.1,Net Banking,Completed,9000,6500,18000,16200.0,13000,3200.0
ORD003939,2026-01-27,CUST1650,P005,1,0.0,Cash,Completed,4500,3000,4500,4500.0,3000,1500.0
ORD003940,2025-07-03,CUST1276,P013,2,0.0,UPI,Completed,6000,4200,12000,12000.0,8400,3600.0
ORD003941,2025-01-17,CUST1643,P011,1,0.05,Debit Card,Completed,4000,2600,4000,3800.0,2600,1200.0
ORD003942,2025-01-12,CUST1573,P015,1,0.1,Credit Card,Completed,2200,1400,2200,1980.0,1400,580.0
ORD003943,2025-06-15,CUST1359,P006,1,0.1,Credit Card,Completed,35000,28500,35000,31500.0,28500,3000.0
ORD003944,2025-05-26,CUST0092,P014,3,0.2,Cash,Completed,2500,1600,7500,6000.0,4800,1200.0
ORD003945,2025-10-09,CUST1554,P011,2,0.15,Net Banking,Completed,4000,2600,8000,6800.0,5200,1600.0
ORD003946,2026-07-03,CUST0063,P008,1,0.0,Debit Card,Completed,16000,12500,16000,16000.0,12500,3500.0
ORD003947,2026-08-05,CUST1686,P005,1,0.0,Credit Card,Completed,4500,3000,4500,4500.0,3000,1500.0
ORD003948,2025-06-18,CUST0512,P002,2,0.05,Debit Card,Returned,18000,13500,36000,34200.0,27000,7200.0
ORD003949,2025-06-19,CUST1163,P012,1,0.05,Credit Card,Completed,9000,6500,9000,8550.0,6500,2050.0
ORD003950,2025-12-12,CUST1722,P012,5,0.05,UPI,Completed,9000,6500,45000,42750.0,32500,10250.0
ORD003951,2026-05-14,CUST1209,P002,2,0.0,Credit Card,Cancelled,18000,13500,36000,36000.0,27000,9000.0
ORD003952,2026-04-05,CUST1229,P010,1,0.0,UPI,Completed,22000,16000,22000,22000.0,16000,6000.0
ORD003953,2025-10-24,CUST0772,P005,2,0.0,Credit Card,Completed,4500,3000,9000,9000.0,6000,3000.0
ORD003954,2025-05-22,CUST1238,P003,1,0.15,Debit Card,Completed,3000,2100,3000,2550.0,2100,450.0
ORD003955,2025-02-22,CUST0256,P010,3,0.15,UPI,Completed,22000,16000,66000,56100.0,48000,8100.0
ORD003956,2025-04-28,CUST0135,P003,1,0.0,Debit Card,Completed,3000,2100,3000,3000.0,2100,900.0
ORD003957,2025-12-31,CUST1597,P008,5,0.0,UPI,Completed,16000,12500,80000,80000.0,62500,17500.0
ORD003958,2025-05-16,CUST0875,P007,2,0.0,Credit Card,Completed,28000,22000,56000,56000.0,44000,12000.0
ORD003959,2026-02-18,CUST0822,P001,3,0.15,Credit Card,Completed,65000,52000,195000,165750.0,156000,9750.0
ORD003960,2025-03-18,CUST0088,P012,1,0.2,Debit Card,Returned,9000,6500,9000,7200.0,6500,700.0
ORD003961,2026-07-11,CUST0988,P013,1,0.0,Debit Card,Completed,6000,4200,6000,6000.0,4200,1800.0
ORD003962,2025-01-18,CUST1231,P012,2,0.0,Credit Card,Completed,9000,6500,18000,18000.0,13000,5000.0
ORD003963,2026-02-07,CUST1153,P005,2,0.05,UPI,Completed,4500,3000,9000,8550.0,6000,2550.0
ORD003964,2025-07-24,CUST0823,P009,1,0.05,Debit Card,Completed,12000,8500,12000,11400.0,8500,2900.0
ORD003965,2026-05-14,CUST1027,P004,1,0.1,Credit Card,Cancelled,1500,950,1500,1350.0,950,400.0
ORD003966,2025-11-20,CUST0974,P001,1,0.05,UPI,Completed,65000,52000,65000,61750.0,52000,9750.0
ORD003967,2026-08-18,CUST0934,P008,2,0.2,UPI,Cancelled,16000,12500,32000,25600.0,25000,600.0
ORD003968,2026-07-16,CUST1778,P005,1,0.0,UPI,Completed,4500,3000,4500,4500.0,3000,1500.0
ORD003969,2025-10-08,CUST0121,P002,1,0.1,UPI,Completed,18000,13500,18000,16200.0,13500,2700.0
ORD003970,2025-06-15,CUST1409,P015,1,0.0,Credit Card,Completed,2200,1400,2200,2200.0,1400,800.0
ORD003971,2025-08-31,CUST1638,P012,1,0.05,Credit Card,Completed,9000,6500,9000,8550.0,6500,2050.0
ORD003972,2026-04-24,CUST1062,P001,1,0.1,Credit Card,Completed,65000,52000,65000,58500.0,52000,6500.0
ORD003973,2025-06-13,CUST1365,P014,4,0.15,Credit Card,Completed,2500,1600,10000,8500.0,6400,2100.0
ORD003974,2025-11-20,CUST1008,P012,1,0.1,Net Banking,Completed,9000,6500,9000,8100.0,6500,1600.0
ORD003975,2026-07-22,CUST0925,P012,4,0.1,Credit Card,Completed,9000,6500,36000,32400.0,26000,6400.0
ORD003976,2026-07-05,CUST0645,P012,1,0.1,Credit Card,Completed,9000,6500,9000,8100.0,6500,1600.0
ORD003977,2026-09-26,CUST0714,P003,1,0.0,UPI,Cancelled,3000,2100,3000,3000.0,2100,900.0
ORD003978,2025-07-27,CUST0860,P009,1,0.1,Credit Card,Completed,12000,8500,12000,10800.0,8500,2300.0
ORD003979,2025-11-11,CUST0021,P001,2,0.1,Debit Card,Completed,65000,52000,130000,117000.0,104000,13000.0
ORD003980,2025-10-31,CUST0242,P004,2,0.05,Credit Card,Completed,1500,950,3000,2850.0,1900,950.0
ORD003981,2025-08-27,CUST0455,P008,1,0.05,Net Banking,Completed,16000,12500,16000,15200.0,12500,2700.0
ORD003982,2025-08-12,CUST0963,P008,1,0.1,Debit Card,Completed,16000,12500,16000,14400.0,12500,1900.0
ORD003983,2025-03-29,CUST0621,P010,4,0.1,Net Banking,Completed,22000,16000,88000,79200.0,64000,15200.0
ORD003984,2026-06-21,CUST0303,P012,5,0.0,UPI,Completed,9000,6500,45000,45000.0,32500,12500.0
ORD003985,2026-03-05,CUST1620,P011,1,0.1,UPI,Completed,4000,2600,4000,3600.0,2600,1000.0
ORD003986,2025-08-08,CUST1619,P013,2,0.1,UPI,Completed,6000,4200,12000,10800.0,8400,2400.0
ORD003987,2025-10-02,CUST0803,P011,1,0.0,Debit Card,Completed,4000,2600,4000,4000.0,2600,1400.0
ORD003988,2025-03-07,CUST0964,P008,1,0.1,Credit Card,Completed,16000,12500,16000,14400.0,12500,1900.0
ORD003989,2026-08-15,CUST0069,P010,1,0.0,Debit Card,Completed,22000,16000,22000,22000.0,16000,6000.0
ORD003990,2026-02-27,CUST1153,P008,1,0.0,Credit Card,Completed,16000,12500,16000,16000.0,12500,3500.0
ORD003991,2025-09-12,CUST0196,P004,3,0.05,UPI,Completed,1500,950,4500,4275.0,2850,1425.0
ORD003992,2025-05-05,CUST0140,P008,1,0.15,UPI,Completed,16000,12500,16000,13600.0,12500,1100.0
ORD003993,2025-05-26,CUST1468,P009,2,0.0,UPI,Completed,12000,8500,24000,24000.0,17000,7000.0
ORD003994,2026-09-07,CUST0283,P007,3,0.1,UPI,Completed,28000,22000,84000,75600.0,66000,9600.0
ORD003995,2026-01-20,CUST0312,P014,1,0.05,UPI,Cancelled,2500,1600,2500,2375.0,1600,775.0
ORD003996,2026-03-23,CUST0746,P012,1,0.15,UPI,Completed,9000,6500,9000,7650.0,6500,1150.0
ORD003997,2026-01-22,CUST1559,P002,3,0.1,Debit Card,Completed,18000,13500,54000,48600.0,40500,8100.0
ORD003998,2026-01-18,CUST1689,P009,1,0.15,Credit Card,Completed,12000,8500,12000,10200.0,8500,1700.0
ORD003999,2025-10-04,CUST0277,P011,1,0.1,UPI,Cancelled,4000,2600,4000,3600.0,2600,1000.0
ORD004000,2026-01-17,CUST0061,P008,1,0.1,Credit Card,Completed,16000,12500,16000,14400.0,12500,1900.0
ORD004001,2025-05-04,CUST1343,P013,1,0.0,Net Banking,Completed,6000,4200,6000,6000.0,4200,1800.0
ORD004002,2025-09-24,CUST0052,P005,3,0.0,Credit Card,Completed,4500,3000,13500,13500.0,9000,4500.0
ORD004003,2025-04-21,CUST0153,P015,2,0.0,Cash,Completed,2200,1400,4400,4400.0,2800,1600.0
ORD004004,2026-01-16,CUST1773,P012,1,0.1,Credit Card,Completed,9000,6500,9000,8100.0,6500,1600.0
ORD004005,2026-08-24,CUST1335,P003,2,0.0,Cash,Completed,3000,2100,6000,6000.0,4200,1800.0
ORD004006,2025-06-07,CUST0544,P007,4,0.0,UPI,Completed,28000,22000,112000,112000.0,88000,24000.0
ORD004007,2026-07-02,CUST0567,P014,1,0.15,UPI,Completed,2500,1600,2500,2125.0,1600,525.0
ORD004008,2026-08-22,CUST1413,P014,1,0.1,Debit Card,Completed,2500,1600,2500,2250.0,1600,650.0
ORD004009,2025-04-28,CUST1572,P015,4,0.15,Cash,Completed,2200,1400,8800,7480.0,5600,1880.0
ORD004010,2025-11-24,CUST0622,P002,4,0.0,Net Banking,Completed,18000,13500,72000,72000.0,54000,18000.0
ORD004011,2025-03-09,CUST1201,P013,1,0.05,Credit Card,Completed,6000,4200,6000,5700.0,4200,1500.0
ORD004012,2026-03-10,CUST1386,P003,1,0.0,UPI,Completed,3000,2100,3000,3000.0,2100,900.0
ORD004013,2025-12-25,CUST0314,P012,1,0.0,Credit Card,Completed,9000,6500,9000,9000.0,6500,2500.0
ORD004014,2026-03-19,CUST0807,P009,1,0.0,UPI,Completed,12000,8500,12000,12000.0,8500,3500.0
ORD004015,2025-06-13,CUST0848,P004,2,0.05,UPI,Completed,1500,950,3000,2850.0,1900,950.0
ORD004016,2025-12-27,CUST0097,P004,1,0.0,UPI,Completed,1500,950,1500,1500.0,950,550.0
ORD004017,2026-08-08,CUST0881,P003,1,0.05,Credit Card,Completed,3000,2100,3000,2850.0,2100,750.0
ORD004018,2025-04-29,CUST1237,P005,2,0.05,Net Banking,Completed,4500,3000,9000,8550.0,6000,2550.0
ORD004019,2025-07-14,CUST0829,P003,4,0.0,UPI,Completed,3000,2100,12000,12000.0,8400,3600.0
ORD004020,2026-08-24,CUST0137,P009,1,0.1,UPI,Completed,12000,8500,12000,10800.0,8500,2300.0
ORD004021,2026-08-11,CUST1030,P015,1,0.1,UPI,Completed,2200,1400,2200,1980.0,1400,580.0
ORD004022,2025-08-29,CUST1011,P003,5,0.1,UPI,Returned,3000,2100,15000,13500.0,10500,3000.0
ORD004023,2026-05-24,CUST0109,P002,2,0.05,Credit Card,Completed,18000,13500,36000,34200.0,27000,7200.0
ORD004024,2026-07-19,CUST0547,P012,1,0.2,UPI,Completed,9000,6500,9000,7200.0,6500,700.0
ORD004025,2025-05-22,CUST1063,P005,1,0.15,Net Banking,Completed,4500,3000,4500,3825.0,3000,825.0
ORD004026,2025-01-31,CUST0662,P006,1,0.05,Credit Card,Completed,35000,28500,35000,33250.0,28500,4750.0
ORD004027,2025-08-11,CUST0425,P001,2,0.05,UPI,Completed,65000,52000,130000,123500.0,104000,19500.0
ORD004028,2025-09-23,CUST0630,P014,1,0.0,Credit Card,Completed,2500,1600,2500,2500.0,1600,900.0
ORD004029,2025-10-09,CUST0261,P012,1,0.1,UPI,Cancelled,9000,6500,9000,8100.0,6500,1600.0
ORD004030,2026-01-16,CUST1450,P011,1,0.05,UPI,Completed,4000,2600,4000,3800.0,2600,1200.0
ORD004031,2026-07-10,CUST0087,P006,1,0.15,UPI,Completed,35000,28500,35000,29750.0,28500,1250.0
ORD004032,2025-03-03,CUST0465,P010,2,0.05,UPI,Completed,22000,16000,44000,41800.0,32000,9800.0
ORD004033,2026-06-05,CUST0076,P003,1,0.2,Debit Card,Completed,3000,2100,3000,2400.0,2100,300.0
ORD004034,2025-03-12,CUST0471,P004,1,0.15,Net Banking,Returned,1500,950,1500,1275.0,950,325.0
ORD004035,2026-08-25,CUST0414,P006,4,0.2,Credit Card,Completed,35000,28500,140000,112000.0,114000,-2000.0
ORD004036,2026-06-20,CUST0825,P008,2,0.0,Debit Card,Completed,16000,12500,32000,32000.0,25000,7000.0
ORD004037,2025-05-20,CUST0895,P015,1,0.0,Credit Card,Completed,2200,1400,2200,2200.0,1400,800.0
ORD004038,2025-11-12,CUST0726,P009,2,0.1,,Completed,12000,8500,24000,21600.0,17000,4600.0
ORD004039,2025-12-06,CUST0457,P006,1,0.1,Credit Card,Completed,35000,28500,35000,31500.0,28500,3000.0
ORD004040,2026-08-13,CUST1309,P007,2,0.0,Credit Card,Completed,28000,22000,56000,56000.0,44000,12000.0
ORD004041,2026-06-12,CUST1263,P015,2,0.1,UPI,Completed,2200,1400,4400,3960.0,2800,1160.0
ORD004042,2026-06-25,CUST1701,P014,2,0.05,Debit Card,Completed,2500,1600,5000,4750.0,3200,1550.0
ORD004043,2026-02-20,CUST1623,P005,2,0.0,Debit Card,Completed,4500,3000,9000,9000.0,6000,3000.0
ORD004044,2026-04-12,CUST0653,P014,1,0.05,Net Banking,Completed,2500,1600,2500,2375.0,1600,775.0
ORD004045,2026-01-10,CUST0672,P012,2,0.15,UPI,Completed,9000,6500,18000,15300.0,13000,2300.0
ORD004046,2025-10-18,CUST1582,P015,1,0.05,UPI,Completed,2200,1400,2200,2090.0,1400,690.0
ORD004047,2025-02-12,CUST1396,P009,1,0.1,UPI,Completed,12000,8500,12000,10800.0,8500,2300.0
ORD004048,2025-02-22,CUST0495,P004,4,0.0,Net Banking,Completed,1500,950,6000,6000.0,3800,2200.0
ORD004049,2025-08-20,CUST1648,P010,2,0.1,Debit Card,Completed,22000,16000,44000,39600.0,32000,7600.0
ORD004050,2025-07-31,CUST1069,P011,4,0.15,Net Banking,Completed,4000,2600,16000,13600.0,10400,3200.0
ORD004051,2025-01-08,CUST1425,P006,1,0.05,Credit Card,Completed,35000,28500,35000,33250.0,28500,4750.0
ORD004052,2026-09-26,CUST1271,P005,1,0.0,Credit Card,Completed,4500,3000,4500,4500.0,3000,1500.0
ORD004053,2026-04-28,CUST1640,P001,1,0.1,UPI,Returned,65000,52000,65000,58500.0,52000,6500.0
ORD004054,2025-02-11,CUST0597,P005,2,0.15,Net Banking,Completed,4500,3000,9000,7650.0,6000,1650.0
ORD004055,2025-11-29,CUST0450,P013,1,0.0,Net Banking,Completed,6000,4200,6000,6000.0,4200,1800.0
ORD004056,2025-08-21,CUST0485,P005,1,0.05,Credit Card,Completed,4500,3000,4500,4275.0,3000,1275.0
ORD004057,2025-03-11,CUST0646,P014,1,0.0,UPI,Completed,2500,1600,2500,2500.0,1600,900.0
ORD004058,2025-01-16,CUST0620,P009,2,0.05,Debit Card,Cancelled,12000,8500,24000,22800.0,17000,5800.0
ORD004059,2025-03-10,CUST1042,P001,1,0.05,UPI,Completed,65000,52000,65000,61750.0,52000,9750.0
ORD004060,2025-02-22,CUST1630,P015,3,0.15,Net Banking,Completed,2200,1400,6600,5610.0,4200,1410.0
ORD004061,2026-01-14,CUST0662,P005,1,0.05,Credit Card,Cancelled,4500,3000,4500,4275.0,3000,1275.0
ORD004062,2026-04-08,CUST0758,P015,1,0.05,Credit Card,Completed,2200,1400,2200,2090.0,1400,690.0
ORD004063,2026-06-11,CUST0289,P007,1,0.15,Debit Card,Completed,28000,22000,28000,23800.0,22000,1800.0
ORD004064,2025-03-04,CUST1438,P011,5,0.0,Debit Card,Completed,4000,2600,20000,20000.0,13000,7000.0
ORD004065,2025-09-18,CUST0721,P006,1,0.1,UPI,Completed,35000,28500,35000,31500.0,28500,3000.0
ORD004066,2026-05-15,CUST0638,P006,1,0.1,Net Banking,Completed,35000,28500,35000,31500.0,28500,3000.0
ORD004067,2025-05-01,CUST0235,P012,2,0.0,Cash,Completed,9000,6500,18000,18000.0,13000,5000.0
ORD004068,2025-08-28,CUST0416,P007,1,0.0,Credit Card,Completed,28000,22000,28000,28000.0,22000,6000.0
ORD004069,2026-04-10,CUST0938,P006,2,0.05,Credit Card,Returned,35000,28500,70000,66500.0,57000,9500.0
ORD004070,2025-04-17,CUST0499,P005,1,0.05,Credit Card,Completed,4500,3000,4500,4275.0,3000,1275.0
ORD004071,2025-06-29,CUST0974,P010,1,0.0,Credit Card,Completed,22000,16000,22000,22000.0,16000,6000.0
ORD004072,2025-01-16,CUST0634,P005,1,0.2,Net Banking,Completed,4500,3000,4500,3600.0,3000,600.0
ORD004073,2025-12-21,CUST1674,P009,1,0.05,UPI,Completed,12000,8500,12000,11400.0,8500,2900.0
ORD004074,2025-11-05,CUST1020,P014,3,0.15,UPI,Cancelled,2500,1600,7500,6375.0,4800,1575.0
ORD004075,2026-08-12,CUST0115,P008,3,0.0,Net Banking,Completed,16000,12500,48000,48000.0,37500,10500.0
ORD004076,2026-08-28,CUST0932,P014,2,0.15,UPI,Completed,2500,1600,5000,4250.0,3200,1050.0
ORD004077,2025-06-30,CUST0674,P012,4,0.1,Debit Card,Completed,9000,6500,36000,32400.0,26000,6400.0
ORD004078,2025-06-23,CUST1737,P015,1,0.1,UPI,Completed,2200,1400,2200,1980.0,1400,580.0
ORD004079,2025-12-20,CUST1258,P010,1,0.05,Cash,Completed,22000,16000,22000,20900.0,16000,4900.0
ORD004080,2025-12-20,CUST1564,P014,2,0.05,Net Banking,Completed,2500,1600,5000,4750.0,3200,1550.0
ORD004081,2025-08-07,CUST1035,P004,2,0.05,Net Banking,Completed,1500,950,3000,2850.0,1900,950.0
ORD004082,2025-11-11,CUST0206,P004,1,0.1,Cash,Completed,1500,950,1500,1350.0,950,400.0
ORD004083,2026-03-10,CUST1703,P010,2,0.1,UPI,Completed,22000,16000,44000,39600.0,32000,7600.0
ORD004084,2025-10-09,CUST0247,P005,1,0.0,Credit Card,Completed,4500,3000,4500,4500.0,3000,1500.0
ORD004085,2025-09-16,CUST1583,P013,2,0.15,Debit Card,Completed,6000,4200,12000,10200.0,8400,1800.0
ORD004086,2026-07-13,CUST0758,P013,3,0.15,Net Banking,Completed,6000,4200,18000,15300.0,12600,2700.0
ORD004087,2025-01-05,CUST1151,P003,2,0.05,UPI,Completed,3000,2100,6000,5700.0,4200,1500.0
ORD004088,2026-07-28,CUST0147,P015,1,0.0,Net Banking,Completed,2200,1400,2200,2200.0,1400,800.0
ORD004089,2026-08-19,CUST0118,P008,2,0.1,UPI,Completed,16000,12500,32000,28800.0,25000,3800.0
ORD004090,2026-01-29,CUST1406,P007,2,0.05,Net Banking,Completed,28000,22000,56000,53200.0,44000,9200.0
ORD004091,2025-12-02,CUST0412,P005,1,0.1,Credit Card,Completed,4500,3000,4500,4050.0,3000,1050.0
ORD004092,2025-03-04,CUST1688,P010,1,0.1,Credit Card,Completed,22000,16000,22000,19800.0,16000,3800.0
ORD004093,2025-02-13,CUST1608,P003,4,0.0,Credit Card,Cancelled,3000,2100,12000,12000.0,8400,3600.0
ORD004094,2025-06-02,CUST0363,P015,1,0.1,UPI,Completed,2200,1400,2200,1980.0,1400,580.0
ORD004095,2025-06-05,CUST1533,P005,1,0.05,UPI,Completed,4500,3000,4500,4275.0,3000,1275.0
ORD004096,2026-04-23,CUST0137,P003,1,0.15,Credit Card,Completed,3000,2100,3000,2550.0,2100,450.0
ORD004097,2025-10-02,CUST1199,P010,2,0.0,Credit Card,Completed,22000,16000,44000,44000.0,32000,12000.0
ORD004098,2025-12-24,CUST1313,P005,4,0.0,Debit Card,Completed,4500,3000,18000,18000.0,12000,6000.0
ORD004099,2026-03-02,CUST0958,P001,2,0.15,Credit Card,Completed,65000,52000,130000,110500.0,104000,6500.0
ORD004100,2026-06-16,CUST1505,P006,1,0.0,Credit Card,Completed,35000,28500,35000,35000.0,28500,6500.0
ORD004101,2026-04-28,CUST0019,P010,2,0.1,Net Banking,Completed,22000,16000,44000,39600.0,32000,7600.0
ORD004102,2025-08-02,CUST0195,P004,2,0.0,Debit Card,Completed,1500,950,3000,3000.0,1900,1100.0
ORD004103,2025-03-20,CUST0330,P004,2,0.05,UPI,Returned,1500,950,3000,2850.0,1900,950.0
ORD004104,2025-05-19,CUST0175,P008,1,0.1,Net Banking,Completed,16000,12500,16000,14400.0,12500,1900.0
ORD004105,2025-04-08,CUST1002,P002,2,0.05,Cash,Completed,18000,13500,36000,34200.0,27000,7200.0
ORD004106,2025-07-17,CUST0449,P004,1,0.2,Net Banking,Completed,1500,950,1500,1200.0,950,250.0
ORD004107,2025-06-05,CUST0946,P015,1,0.0,Net Banking,Completed,2200,1400,2200,2200.0,1400,800.0
ORD004108,2025-02-19,CUST1378,P002,2,0.05,Debit Card,Completed,18000,13500,36000,34200.0,27000,7200.0
ORD004109,2026-04-24,CUST1523,P001,5,0.05,UPI,Completed,65000,52000,325000,308750.0,260000,48750.0
ORD004110,2025-08-16,CUST0141,P010,1,0.1,Debit Card,Completed,22000,16000,22000,19800.0,16000,3800.0
ORD004111,2026-04-02,CUST0758,P013,4,0.05,Debit Card,Completed,6000,4200,24000,22800.0,16800,6000.0
ORD004112,2026-06-06,CUST0930,P013,1,0.0,UPI,Completed,6000,4200,6000,6000.0,4200,1800.0
ORD004113,2025-05-29,CUST0093,P003,2,0.15,UPI,Completed,3000,2100,6000,5100.0,4200,900.0
ORD004114,2025-02-27,CUST0239,P012,1,0.05,Credit Card,Completed,9000,6500,9000,8550.0,6500,2050.0
ORD004115,2025-06-11,CUST0205,P008,1,0.0,Debit Card,Completed,16000,12500,16000,16000.0,12500,3500.0
ORD004116,2026-04-22,CUST0560,P006,2,0.05,UPI,Completed,35000,28500,70000,66500.0,57000,9500.0
ORD004117,2025-04-17,CUST1457,P012,2,0.0,Credit Card,Completed,9000,6500,18000,18000.0,13000,5000.0
ORD004118,2026-03-03,CUST0245,P007,3,0.0,Net Banking,Completed,28000,22000,84000,84000.0,66000,18000.0
ORD004119,2026-01-30,CUST0832,P002,2,0.0,UPI,Completed,18000,13500,36000,36000.0,27000,9000.0
ORD004120,2025-07-05,CUST1341,P006,2,0.0,Cash,Completed,35000,28500,70000,70000.0,57000,13000.0
ORD004121,2026-07-12,CUST0925,P014,4,0.0,Credit Card,Completed,2500,1600,10000,10000.0,6400,3600.0
ORD004122,2026-03-22,CUST0295,P008,1,0.05,UPI,Completed,16000,12500,16000,15200.0,12500,2700.0
ORD004123,2026-03-24,CUST0640,P008,1,0.1,UPI,Cancelled,16000,12500,16000,14400.0,12500,1900.0
ORD004124,2025-03-28,CUST0856,P004,1,0.1,UPI,Completed,1500,950,1500,1350.0,950,400.0
ORD004125,2025-09-06,CUST1306,P006,1,0.0,UPI,Completed,35000,28500,35000,35000.0,28500,6500.0
ORD004126,2026-03-16,CUST0017,P014,2,0.15,Net Banking,Completed,2500,1600,5000,4250.0,3200,1050.0
ORD004127,2025-09-14,CUST0071,P005,1,0.1,Debit Card,Completed,4500,3000,4500,4050.0,3000,1050.0
ORD004128,2025-10-04,CUST1293,P009,1,0.2,Net Banking,Completed,12000,8500,12000,9600.0,8500,1100.0
ORD004129,2026-03-14,CUST1349,P008,1,0.05,Credit Card,Completed,16000,12500,16000,15200.0,12500,2700.0
ORD004130,2026-05-31,CUST0305,P002,2,0.1,Credit Card,Completed,18000,13500,36000,32400.0,27000,5400.0
ORD004131,2026-07-31,CUST1475,P012,1,0.0,UPI,Completed,9000,6500,9000,9000.0,6500,2500.0
ORD004132,2025-07-21,CUST1031,P013,1,0.1,Credit Card,Completed,6000,4200,6000,5400.0,4200,1200.0
ORD004133,2026-07-29,CUST1338,P007,2,0.0,Debit Card,Completed,28000,22000,56000,56000.0,44000,12000.0
ORD004134,2025-06-29,CUST0817,P007,3,0.0,Credit Card,Completed,28000,22000,84000,84000.0,66000,18000.0
ORD004135,2025-11-21,CUST1127,P011,1,0.05,Net Banking,Completed,4000,2600,4000,3800.0,2600,1200.0
ORD004136,2026-09-15,CUST0821,P014,2,0.05,Debit Card,Completed,2500,1600,5000,4750.0,3200,1550.0
ORD004137,2026-04-20,CUST0193,P014,1,0.05,Net Banking,Completed,2500,1600,2500,2375.0,1600,775.0
ORD004138,2026-02-04,CUST1777,P012,4,0.0,Debit Card,Completed,9000,6500,36000,36000.0,26000,10000.0
ORD004139,2025-08-05,CUST1598,P001,1,0.05,UPI,Completed,65000,52000,65000,61750.0,52000,9750.0
ORD004140,2026-03-29,CUST0529,P001,5,0.15,Debit Card,Completed,65000,52000,325000,276250.0,260000,16250.0
ORD004141,2026-02-08,CUST0171,P012,5,0.15,UPI,Completed,9000,6500,45000,38250.0,32500,5750.0
ORD004142,2025-08-28,CUST1561,P004,3,0.05,Credit Card,Completed,1500,950,4500,4275.0,2850,1425.0
ORD004143,2025-07-05,CUST0251,P005,1,0.05,Credit Card,Completed,4500,3000,4500,4275.0,3000,1275.0
ORD004144,2025-02-17,CUST1789,P015,2,0.0,UPI,Completed,2200,1400,4400,4400.0,2800,1600.0
ORD004145,2026-01-21,CUST1411,P004,1,0.0,Credit Card,Completed,1500,950,1500,1500.0,950,550.0
ORD004146,2025-07-27,CUST1231,P007,3,0.0,UPI,Completed,28000,22000,84000,84000.0,66000,18000.0
ORD004147,2025-06-06,CUST0541,P003,3,0.05,UPI,Completed,3000,2100,9000,8550.0,6300,2250.0
ORD004148,2025-08-13,CUST1653,P007,5,0.1,Net Banking,Completed,28000,22000,140000,126000.0,110000,16000.0
ORD004149,2025-05-24,CUST0416,P013,2,0.05,Credit Card,Completed,6000,4200,12000,11400.0,8400,3000.0
ORD004150,2026-02-23,CUST0794,P008,2,0.0,UPI,Completed,16000,12500,32000,32000.0,25000,7000.0
ORD004151,2025-04-21,CUST1404,P006,2,0.05,Credit Card,Completed,35000,28500,70000,66500.0,57000,9500.0
ORD004152,2026-04-10,CUST1168,P006,1,0.0,Debit Card,Completed,35000,28500,35000,35000.0,28500,6500.0
ORD004153,2025-05-12,CUST0025,P008,1,0.1,UPI,Completed,16000,12500,16000,14400.0,12500,1900.0
ORD004154,2026-09-17,CUST0668,P008,2,0.0,Credit Card,Completed,16000,12500,32000,32000.0,25000,7000.0
ORD004155,2026-08-24,CUST1097,P007,4,0.05,Credit Card,Completed,28000,22000,112000,106400.0,88000,18400.0
ORD004156,2025-11-30,CUST0632,P006,2,0.1,Net Banking,Completed,35000,28500,70000,63000.0,57000,6000.0
ORD004157,2025-03-16,CUST1117,P006,3,0.0,Credit Card,Completed,35000,28500,105000,105000.0,85500,19500.0
ORD004158,2026-02-16,CUST0505,P010,3,0.0,UPI,Completed,22000,16000,66000,66000.0,48000,18000.0
ORD004159,2026-06-03,CUST1622,P011,2,0.05,Credit Card,Completed,4000,2600,8000,7600.0,5200,2400.0
ORD004160,2026-09-17,CUST0336,P013,1,0.0,Debit Card,Completed,6000,4200,6000,6000.0,4200,1800.0
ORD004161,2025-02-05,CUST0425,P013,2,0.05,UPI,Completed,6000,4200,12000,11400.0,8400,3000.0
ORD004162,2026-09-17,CUST0499,P006,1,0.1,Net Banking,Completed,35000,28500,35000,31500.0,28500,3000.0
ORD004163,2025-08-11,CUST1388,P008,1,0.0,UPI,Completed,16000,12500,16000,16000.0,12500,3500.0
ORD004164,2026-06-14,CUST0947,P001,1,0.05,UPI,Completed,65000,52000,65000,61750.0,52000,9750.0
ORD004165,2025-08-29,CUST0630,P005,5,0.15,UPI,Completed,4500,3000,22500,19125.0,15000,4125.0
ORD004166,2025-05-14,CUST1769,P003,1,0.05,Debit Card,Completed,3000,2100,3000,2850.0,2100,750.0
ORD004167,2026-01-26,CUST1223,P012,2,0.2,Credit Card,Completed,9000,6500,18000,14400.0,13000,1400.0
ORD004168,2025-04-12,CUST0718,P008,3,0.0,UPI,Completed,16000,12500,48000,48000.0,37500,10500.0
ORD004169,2026-05-13,CUST1437,P011,2,0.1,Net Banking,Completed,4000,2600,8000,7200.0,5200,2000.0
ORD004170,2026-05-26,CUST0339,P006,2,0.1,UPI,Completed,35000,28500,70000,63000.0,57000,6000.0
ORD004171,2026-06-21,CUST0659,P014,2,0.15,UPI,Completed,2500,1600,5000,4250.0,3200,1050.0
ORD004172,2026-06-29,CUST0962,P002,1,0.0,UPI,Completed,18000,13500,18000,18000.0,13500,4500.0
ORD004173,2025-12-09,CUST0429,P015,1,0.0,Net Banking,Completed,2200,1400,2200,2200.0,1400,800.0
ORD004174,2025-01-06,CUST0899,P013,4,0.0,Debit Card,Completed,6000,4200,24000,24000.0,16800,7200.0
ORD004175,2025-07-13,CUST0139,P007,1,0.15,Debit Card,Completed,28000,22000,28000,23800.0,22000,1800.0
ORD004176,2025-05-17,CUST1717,P007,2,0.05,UPI,Completed,28000,22000,56000,53200.0,44000,9200.0
ORD004177,2026-04-18,CUST0942,P013,2,0.15,Credit Card,Completed,6000,4200,12000,10200.0,8400,1800.0
ORD004178,2025-08-04,CUST0542,P005,1,0.0,Credit Card,Cancelled,4500,3000,4500,4500.0,3000,1500.0
ORD004179,2025-12-15,CUST0057,P008,4,0.0,Credit Card,Completed,16000,12500,64000,64000.0,50000,14000.0
ORD004180,2025-07-02,CUST1256,P014,3,0.0,UPI,Completed,2500,1600,7500,7500.0,4800,2700.0
ORD004181,2025-06-17,CUST0658,P005,1,0.05,Net Banking,Completed,4500,3000,4500,4275.0,3000,1275.0
ORD004182,2025-02-07,CUST0435,P001,5,0.1,UPI,Completed,65000,52000,325000,292500.0,260000,32500.0
ORD004183,2026-04-16,CUST0384,P009,2,0.05,Debit Card,Completed,12000,8500,24000,22800.0,17000,5800.0
ORD004184,2026-03-28,CUST0560,P004,1,0.15,Credit Card,Completed,1500,950,1500,1275.0,950,325.0
ORD004185,2026-05-05,CUST0194,P013,2,0.0,Debit Card,Completed,6000,4200,12000,12000.0,8400,3600.0
ORD004186,2025-05-22,CUST1760,P002,1,0.1,UPI,Completed,18000,13500,18000,16200.0,13500,2700.0
ORD004187,2025-04-13,CUST1672,P004,2,0.1,UPI,Completed,1500,950,3000,2700.0,1900,800.0
ORD004188,2025-02-11,CUST0534,P014,1,0.0,Credit Card,Completed,2500,1600,2500,2500.0,1600,900.0
ORD004189,2025-05-27,CUST0518,P013,2,0.0,Cash,Completed,6000,4200,12000,12000.0,8400,3600.0
ORD004190,2025-03-07,CUST0716,P009,2,0.05,Cash,Completed,12000,8500,24000,22800.0,17000,5800.0
ORD004191,2025-07-12,CUST0751,P002,3,0.0,UPI,Completed,18000,13500,54000,54000.0,40500,13500.0
ORD004192,2025-10-25,CUST0185,P004,2,0.15,UPI,Completed,1500,950,3000,2550.0,1900,650.0
ORD004193,2025-02-07,CUST0292,P002,1,0.2,Credit Card,Completed,18000,13500,18000,14400.0,13500,900.0
ORD004194,2026-05-17,CUST1359,P005,3,0.1,Credit Card,Completed,4500,3000,13500,12150.0,9000,3150.0
ORD004195,2026-09-10,CUST0732,P003,2,0.1,Debit Card,Completed,3000,2100,6000,5400.0,4200,1200.0
ORD004196,2026-03-04,CUST0116,P010,2,0.0,Credit Card,Completed,22000,16000,44000,44000.0,32000,12000.0
ORD004197,2025-12-18,CUST0825,P002,1,0.0,Credit Card,Completed,18000,13500,18000,18000.0,13500,4500.0
ORD004198,2025-11-22,CUST1073,P014,3,0.1,Debit Card,Completed,2500,1600,7500,6750.0,4800,1950.0
ORD004199,2025-02-07,CUST0685,P009,4,0.05,UPI,Completed,12000,8500,48000,45600.0,34000,11600.0
ORD004200,2025-04-07,CUST0082,P005,3,0.1,Debit Card,Completed,4500,3000,13500,12150.0,9000,3150.0
ORD004201,2025-04-18,CUST0834,P010,4,0.1,Credit Card,Completed,22000,16000,88000,79200.0,64000,15200.0
ORD004202,2026-09-23,CUST0333,P005,1,0.05,Net Banking,Completed,4500,3000,4500,4275.0,3000,1275.0
ORD004203,2025-05-31,CUST0557,P001,3,0.0,UPI,Completed,65000,52000,195000,195000.0,156000,39000.0
ORD004204,2025-03-15,CUST0335,P006,2,0.1,UPI,Completed,35000,28500,70000,63000.0,57000,6000.0
ORD004205,2025-02-26,CUST0532,P013,1,0.05,Cash,Completed,6000,4200,6000,5700.0,4200,1500.0
ORD004206,2025-12-01,CUST0221,P007,2,0.1,Credit Card,Completed,28000,22000,56000,50400.0,44000,6400.0
ORD004207,2025-09-09,CUST0635,P001,2,0.05,Net Banking,Completed,65000,52000,130000,123500.0,104000,19500.0
ORD004208,2025-09-11,CUST1770,P009,1,0.0,Debit Card,Completed,12000,8500,12000,12000.0,8500,3500.0
ORD004209,2026-01-20,CUST1757,P008,1,0.0,Net Banking,Completed,16000,12500,16000,16000.0,12500,3500.0
ORD004210,2026-04-01,CUST0323,P012,1,0.1,UPI,Completed,9000,6500,9000,8100.0,6500,1600.0
ORD004211,2025-09-16,CUST0003,P014,1,0.05,UPI,Completed,2500,1600,2500,2375.0,1600,775.0
ORD004212,2026-04-10,CUST1718,P014,1,0.05,Net Banking,Completed,2500,1600,2500,2375.0,1600,775.0
ORD004213,2025-02-03,CUST0206,P008,1,0.05,Net Banking,Completed,16000,12500,16000,15200.0,12500,2700.0
ORD004214,2026-05-10,CUST0040,P007,1,0.05,Debit Card,Completed,28000,22000,28000,26600.0,22000,4600.0
ORD004215,2025-11-22,CUST0059,P005,4,0.0,Credit Card,Completed,4500,3000,18000,18000.0,12000,6000.0
ORD004216,2025-08-26,CUST0951,P003,3,0.05,Net Banking,Cancelled,3000,2100,9000,8550.0,6300,2250.0
ORD004217,2026-09-08,CUST0574,P015,1,0.0,UPI,Completed,2200,1400,2200,2200.0,1400,800.0
ORD004218,2026-06-25,CUST0644,P012,4,0.05,Debit Card,Completed,9000,6500,36000,34200.0,26000,8200.0
ORD004219,2026-04-11,CUST1531,P014,2,0.05,UPI,Completed,2500,1600,5000,4750.0,3200,1550.0
ORD004220,2025-10-31,CUST1596,P009,1,0.0,UPI,Completed,12000,8500,12000,12000.0,8500,3500.0
ORD004221,2025-04-27,CUST0843,P014,1,0.05,Credit Card,Completed,2500,1600,2500,2375.0,1600,775.0
ORD004222,2025-07-26,CUST1146,P007,1,0.05,Net Banking,Completed,28000,22000,28000,26600.0,22000,4600.0
ORD004223,2026-04-26,CUST1503,P011,1,0.0,Debit Card,Completed,4000,2600,4000,4000.0,2600,1400.0
ORD004224,2026-02-07,CUST0619,P010,1,0.2,Cash,Completed,22000,16000,22000,17600.0,16000,1600.0
ORD004225,2026-08-10,CUST0096,P010,2,0.0,UPI,Completed,22000,16000,44000,44000.0,32000,12000.0
ORD004226,2025-08-21,CUST1438,P008,2,0.1,Credit Card,Completed,16000,12500,32000,28800.0,25000,3800.0
ORD004227,2025-10-11,CUST1259,P014,3,0.0,UPI,Completed,2500,1600,7500,7500.0,4800,2700.0
ORD004228,2026-04-25,CUST0898,P006,1,0.1,UPI,Cancelled,35000,28500,35000,31500.0,28500,3000.0
ORD004229,2025-01-09,CUST1086,P012,2,0.15,UPI,Completed,9000,6500,18000,15300.0,13000,2300.0
ORD004230,2026-01-14,CUST1280,P014,2,0.05,UPI,Returned,2500,1600,5000,4750.0,3200,1550.0
ORD004231,2026-08-26,CUST0561,P011,4,0.1,Credit Card,Completed,4000,2600,16000,14400.0,10400,4000.0
ORD004232,2026-01-16,CUST0905,P014,1,0.0,UPI,Completed,2500,1600,2500,2500.0,1600,900.0
ORD004233,2025-12-26,CUST0348,P005,4,0.0,Credit Card,Completed,4500,3000,18000,18000.0,12000,6000.0
ORD004234,2025-06-25,CUST0671,P015,3,0.0,Net Banking,Completed,2200,1400,6600,6600.0,4200,2400.0
ORD004235,2026-04-30,CUST1148,P008,2,0.0,Debit Card,Completed,16000,12500,32000,32000.0,25000,7000.0
ORD004236,2026-02-09,CUST1506,P003,2,0.05,Net Banking,Completed,3000,2100,6000,5700.0,4200,1500.0
ORD004237,2025-02-02,CUST0317,P012,1,0.05,Net Banking,Completed,9000,6500,9000,8550.0,6500,2050.0
ORD004238,2026-04-10,CUST1528,P013,4,0.05,Credit Card,Completed,6000,4200,24000,22800.0,16800,6000.0
ORD004239,2025-06-06,CUST0719,P013,1,0.1,Debit Card,Completed,6000,4200,6000,5400.0,4200,1200.0
ORD004240,2026-07-19,CUST1072,P007,2,0.0,Debit Card,Completed,28000,22000,56000,56000.0,44000,12000.0
ORD004241,2025-07-21,CUST1433,P002,1,0.0,UPI,Completed,18000,13500,18000,18000.0,13500,4500.0
ORD004242,2025-06-24,CUST1160,P003,1,0.05,Net Banking,Completed,3000,2100,3000,2850.0,2100,750.0
ORD004243,2025-09-01,CUST1225,P015,2,0.05,Credit Card,Completed,2200,1400,4400,4180.0,2800,1380.0
ORD004244,2025-09-26,CUST0250,P013,4,0.0,UPI,Completed,6000,4200,24000,24000.0,16800,7200.0
ORD004245,2026-03-22,CUST0314,P012,1,0.0,Debit Card,Completed,9000,6500,9000,9000.0,6500,2500.0
ORD004246,2025-03-15,CUST1392,P015,5,0.05,Debit Card,Completed,2200,1400,11000,10450.0,7000,3450.0
ORD004247,2025-04-06,CUST1453,P002,2,0.0,Credit Card,Completed,18000,13500,36000,36000.0,27000,9000.0
ORD004248,2025-06-22,CUST0807,P005,1,0.15,UPI,Completed,4500,3000,4500,3825.0,3000,825.0
ORD004249,2026-02-10,CUST1504,P007,1,0.0,Credit Card,Completed,28000,22000,28000,28000.0,22000,6000.0
ORD004250,2025-06-04,CUST1338,P011,2,0.0,Credit Card,Completed,4000,2600,8000,8000.0,5200,2800.0
ORD004251,2025-07-02,CUST1524,P010,1,0.05,Cash,Completed,22000,16000,22000,20900.0,16000,4900.0
ORD004252,2025-11-19,CUST1745,P011,2,0.2,Net Banking,Completed,4000,2600,8000,6400.0,5200,1200.0
ORD004253,2025-10-16,CUST1379,P011,1,0.1,Debit Card,Completed,4000,2600,4000,3600.0,2600,1000.0
ORD004254,2025-09-15,CUST0485,P011,1,0.05,UPI,Completed,4000,2600,4000,3800.0,2600,1200.0
ORD004255,2026-08-10,CUST1235,P015,2,0.0,UPI,Completed,2200,1400,4400,4400.0,2800,1600.0
ORD004256,2025-06-23,CUST1728,P010,1,0.05,Credit Card,Completed,22000,16000,22000,20900.0,16000,4900.0
ORD004257,2025-11-26,CUST0044,P015,1,0.0,Credit Card,Completed,2200,1400,2200,2200.0,1400,800.0
ORD004258,2025-08-19,CUST1565,P015,1,0.1,UPI,Completed,2200,1400,2200,1980.0,1400,580.0
ORD004259,2025-06-10,CUST0571,P015,1,0.05,Credit Card,Completed,2200,1400,2200,2090.0,1400,690.0
ORD004260,2025-07-05,CUST0583,P013,1,0.0,Credit Card,Completed,6000,4200,6000,6000.0,4200,1800.0
ORD004261,2025-05-23,CUST1116,P014,2,0.0,Credit Card,Completed,2500,1600,5000,5000.0,3200,1800.0
ORD004262,2025-10-09,CUST1289,P001,2,0.1,UPI,Completed,65000,52000,130000,117000.0,104000,13000.0
ORD004263,2025-01-27,CUST0895,P013,1,0.05,UPI,Completed,6000,4200,6000,5700.0,4200,1500.0
ORD004264,2025-09-03,CUST0220,P010,1,0.1,Debit Card,Completed,22000,16000,22000,19800.0,16000,3800.0
ORD004265,2026-05-02,CUST0925,P009,1,0.0,Credit Card,Completed,12000,8500,12000,12000.0,8500,3500.0
ORD004266,2025-07-21,CUST1466,P001,1,0.1,Net Banking,Completed,65000,52000,65000,58500.0,52000,6500.0
ORD004267,2025-01-21,CUST0401,P001,2,0.0,Debit Card,Completed,65000,52000,130000,130000.0,104000,26000.0
ORD004268,2026-08-14,CUST1424,P014,1,0.0,Net Banking,Completed,2500,1600,2500,2500.0,1600,900.0
ORD004269,2025-04-04,CUST0727,P015,1,0.1,UPI,Completed,2200,1400,2200,1980.0,1400,580.0
ORD004270,2025-01-08,CUST0991,P012,3,0.1,UPI,Completed,9000,6500,27000,24300.0,19500,4800.0
ORD004271,2026-04-17,CUST0899,P010,1,0.0,Credit Card,Completed,22000,16000,22000,22000.0,16000,6000.0
ORD004272,2025-12-05,CUST1600,P008,2,0.1,Net Banking,Completed,16000,12500,32000,28800.0,25000,3800.0
ORD004273,2025-09-16,CUST0858,P006,2,0.1,Debit Card,Completed,35000,28500,70000,63000.0,57000,6000.0
ORD004274,2025-02-24,CUST0804,P006,1,0.0,Credit Card,Completed,35000,28500,35000,35000.0,28500,6500.0
ORD004275,2026-07-02,CUST0490,P012,2,0.15,UPI,Completed,9000,6500,18000,15300.0,13000,2300.0
ORD004276,2025-01-06,CUST1509,P009,2,0.05,Credit Card,Completed,12000,8500,24000,22800.0,17000,5800.0
ORD004277,2026-01-12,CUST1781,P015,1,0.1,Credit Card,Completed,2200,1400,2200,1980.0,1400,580.0
ORD004278,2026-07-08,CUST1494,P004,2,0.05,Debit Card,Completed,1500,950,3000,2850.0,1900,950.0
ORD004279,2025-02-19,CUST1598,P008,3,0.05,Credit Card,Completed,16000,12500,48000,45600.0,37500,8100.0
ORD004280,2025-04-22,CUST0938,P004,5,0.1,UPI,Completed,1500,950,7500,6750.0,4750,2000.0
ORD004281,2025-05-26,CUST0844,P014,2,0.0,UPI,Completed,2500,1600,5000,5000.0,3200,1800.0
ORD004282,2025-08-18,CUST1706,P002,3,0.0,UPI,Completed,18000,13500,54000,54000.0,40500,13500.0
ORD004283,2026-05-12,CUST1469,P011,1,0.15,Credit Card,Completed,4000,2600,4000,3400.0,2600,800.0
ORD004284,2025-11-02,CUST1293,P015,2,0.1,UPI,Completed,2200,1400,4400,3960.0,2800,1160.0
ORD004285,2026-06-26,CUST0267,P008,1,0.05,Credit Card,Completed,16000,12500,16000,15200.0,12500,2700.0
ORD004286,2026-04-06,CUST0054,P012,1,0.0,Debit Card,Completed,9000,6500,9000,9000.0,6500,2500.0
ORD004287,2026-09-20,CUST0528,P007,2,0.1,UPI,Completed,28000,22000,56000,50400.0,44000,6400.0
ORD004288,2025-08-14,CUST1544,P004,2,0.0,Credit Card,Returned,1500,950,3000,3000.0,1900,1100.0
ORD004289,2025-02-28,CUST0616,P009,1,0.05,Net Banking,Completed,12000,8500,12000,11400.0,8500,2900.0
ORD004290,2025-03-17,CUST1083,P015,2,0.0,Credit Card,Completed,2200,1400,4400,4400.0,2800,1600.0
ORD004291,2026-03-04,CUST1064,P009,2,0.05,Credit Card,Completed,12000,8500,24000,22800.0,17000,5800.0
ORD004292,2025-05-12,CUST1261,P008,1,0.0,Credit Card,Completed,16000,12500,16000,16000.0,12500,3500.0
ORD004293,2026-05-13,CUST0955,P014,1,0.1,Credit Card,Completed,2500,1600,2500,2250.0,1600,650.0
ORD004294,2026-08-16,CUST0386,P001,1,0.1,UPI,Completed,65000,52000,65000,58500.0,52000,6500.0
ORD004295,2025-11-01,CUST1630,P007,1,0.05,UPI,Completed,28000,22000,28000,26600.0,22000,4600.0
ORD004296,2025-03-08,CUST0734,P005,2,0.0,UPI,Completed,4500,3000,9000,9000.0,6000,3000.0
ORD004297,2025-08-18,CUST0716,P007,1,0.0,Net Banking,Completed,28000,22000,28000,28000.0,22000,6000.0
ORD004298,2025-11-29,CUST0650,P012,1,0.0,UPI,Completed,9000,6500,9000,9000.0,6500,2500.0
ORD004299,2025-10-04,CUST0300,P009,2,0.05,Net Banking,Completed,12000,8500,24000,22800.0,17000,5800.0
ORD004300,2026-08-07,CUST0395,P002,2,0.1,Net Banking,Completed,18000,13500,36000,32400.0,27000,5400.0
ORD004301,2025-05-24,CUST1231,P013,1,0.0,Debit Card,Completed,6000,4200,6000,6000.0,4200,1800.0
ORD004302,2025-09-08,CUST1360,P014,1,0.1,Debit Card,Completed,2500,1600,2500,2250.0,1600,650.0
ORD004303,2025-03-21,CUST0593,P011,1,0.1,UPI,Completed,4000,2600,4000,3600.0,2600,1000.0
ORD004304,2025-02-26,CUST1754,P004,3,0.05,Credit Card,Completed,1500,950,4500,4275.0,2850,1425.0
ORD004305,2026-01-01,CUST0514,P004,3,0.0,Net Banking,Completed,1500,950,4500,4500.0,2850,1650.0
ORD004306,2025-11-04,CUST1202,P002,2,0.1,UPI,Completed,18000,13500,36000,32400.0,27000,5400.0
ORD004307,2025-06-23,CUST0396,P003,1,0.1,UPI,Completed,3000,2100,3000,2700.0,2100,600.0
ORD004308,2026-04-07,CUST0371,P011,2,0.2,,Completed,4000,2600,8000,6400.0,5200,1200.0
ORD004309,2026-08-19,CUST0858,P014,1,0.05,Credit Card,Completed,2500,1600,2500,2375.0,1600,775.0
ORD004310,2026-05-08,CUST0791,P014,1,0.15,UPI,Completed,2500,1600,2500,2125.0,1600,525.0
ORD004311,2026-07-14,CUST0658,P013,1,0.0,Credit Card,Completed,6000,4200,6000,6000.0,4200,1800.0
ORD004312,2026-01-09,CUST1342,P008,3,0.05,Debit Card,Completed,16000,12500,48000,45600.0,37500,8100.0
ORD004313,2025-12-15,CUST0736,P012,2,0.05,UPI,Completed,9000,6500,18000,17100.0,13000,4100.0
ORD004314,2025-03-08,CUST1393,P009,2,0.05,Debit Card,Completed,12000,8500,24000,22800.0,17000,5800.0
ORD004315,2025-11-26,CUST0384,P006,2,0.1,UPI,Completed,35000,28500,70000,63000.0,57000,6000.0
ORD004316,2025-07-13,CUST0062,P010,1,0.0,UPI,Completed,22000,16000,22000,22000.0,16000,6000.0
ORD004317,2025-06-04,CUST0505,P002,1,0.15,UPI,Cancelled,18000,13500,18000,15300.0,13500,1800.0
ORD004318,2025-06-09,CUST0239,P002,2,0.05,Net Banking,Completed,18000,13500,36000,34200.0,27000,7200.0
ORD004319,2025-09-23,CUST0195,P007,2,0.15,Net Banking,Completed,28000,22000,56000,47600.0,44000,3600.0
ORD004320,2025-06-17,CUST0678,P008,3,0.0,UPI,Completed,16000,12500,48000,48000.0,37500,10500.0
ORD004321,2025-05-25,CUST1246,P008,1,0.1,UPI,Cancelled,16000,12500,16000,14400.0,12500,1900.0
ORD004322,2025-07-05,CUST0061,P014,3,0.05,Net Banking,Completed,2500,1600,7500,7125.0,4800,2325.0
ORD004323,2026-02-27,CUST1153,P006,1,0.05,Debit Card,Completed,35000,28500,35000,33250.0,28500,4750.0
ORD004324,2026-04-02,CUST0990,P010,2,0.1,UPI,Completed,22000,16000,44000,39600.0,32000,7600.0
ORD004325,2025-12-11,CUST0685,P008,1,0.0,Credit Card,Completed,16000,12500,16000,16000.0,12500,3500.0
ORD004326,2026-07-08,CUST0156,P014,4,0.0,Net Banking,Completed,2500,1600,10000,10000.0,6400,3600.0
ORD004327,2026-05-31,CUST1402,P015,1,0.1,UPI,Completed,2200,1400,2200,1980.0,1400,580.0
ORD004328,2025-04-14,CUST1646,P001,2,0.05,UPI,Completed,65000,52000,130000,123500.0,104000,19500.0
ORD004329,2025-09-04,CUST0923,P009,2,0.0,UPI,Completed,12000,8500,24000,24000.0,17000,7000.0
ORD004330,2025-01-23,CUST0868,P013,1,0.05,Debit Card,Completed,6000,4200,6000,5700.0,4200,1500.0
ORD004331,2026-06-09,CUST0903,P012,1,0.05,UPI,Completed,9000,6500,9000,8550.0,6500,2050.0
ORD004332,2025-05-24,CUST1610,P001,3,0.1,Net Banking,Completed,65000,52000,195000,175500.0,156000,19500.0
ORD004333,2025-07-12,CUST0999,P013,1,0.0,Debit Card,Completed,6000,4200,6000,6000.0,4200,1800.0
ORD004334,2026-04-10,CUST1461,P003,1,0.05,Credit Card,Completed,3000,2100,3000,2850.0,2100,750.0
ORD004335,2026-01-10,CUST0975,P012,5,0.1,UPI,Completed,9000,6500,45000,40500.0,32500,8000.0
ORD004336,2026-09-21,CUST1231,P009,2,0.1,Cash,Completed,12000,8500,24000,21600.0,17000,4600.0
ORD004337,2025-09-23,CUST0388,P015,1,0.15,Credit Card,Completed,2200,1400,2200,1870.0,1400,470.0
ORD004338,2026-01-13,CUST1504,P011,2,0.05,Credit Card,Completed,4000,2600,8000,7600.0,5200,2400.0
ORD004339,2026-07-04,CUST0887,P005,2,0.0,Cash,Completed,4500,3000,9000,9000.0,6000,3000.0
ORD004340,2026-07-10,CUST0838,P009,3,0.0,Net Banking,Completed,12000,8500,36000,36000.0,25500,10500.0
ORD004341,2025-03-15,CUST1364,P009,2,0.0,Credit Card,Completed,12000,8500,24000,24000.0,17000,7000.0
ORD004342,2026-03-14,CUST0340,P006,3,0.0,Credit Card,Completed,35000,28500,105000,105000.0,85500,19500.0
ORD004343,2025-08-14,CUST0204,P011,1,0.1,UPI,Completed,4000,2600,4000,3600.0,2600,1000.0
ORD004344,2025-11-04,CUST0161,P001,2,0.1,Net Banking,Completed,65000,52000,130000,117000.0,104000,13000.0
ORD004345,2025-12-14,CUST1564,P010,1,0.05,Net Banking,Completed,22000,16000,22000,20900.0,16000,4900.0
ORD004346,2026-04-21,CUST0392,P007,1,0.0,UPI,Cancelled,28000,22000,28000,28000.0,22000,6000.0
ORD004347,2025-11-11,CUST0769,P014,2,0.0,Debit Card,Cancelled,2500,1600,5000,5000.0,3200,1800.0
ORD004348,2026-06-09,CUST1701,P006,1,0.15,Debit Card,Completed,35000,28500,35000,29750.0,28500,1250.0
ORD004349,2026-03-01,CUST0575,P009,2,0.15,UPI,Completed,12000,8500,24000,20400.0,17000,3400.0
ORD004350,2026-06-08,CUST0534,P007,3,0.0,Debit Card,Completed,28000,22000,84000,84000.0,66000,18000.0
ORD004351,2026-07-16,CUST1094,P014,1,0.1,UPI,Completed,2500,1600,2500,2250.0,1600,650.0
ORD004352,2025-09-06,CUST0893,P012,1,0.0,Net Banking,Completed,9000,6500,9000,9000.0,6500,2500.0
ORD004353,2026-09-23,CUST0405,P011,2,0.0,UPI,Completed,4000,2600,8000,8000.0,5200,2800.0
ORD004354,2026-07-23,CUST0608,P012,4,0.0,Debit Card,Completed,9000,6500,36000,36000.0,26000,10000.0
ORD004355,2025-07-01,CUST1699,P013,2,0.05,UPI,Completed,6000,4200,12000,11400.0,8400,3000.0
ORD004356,2025-04-16,CUST1615,P004,2,0.0,UPI,Completed,1500,950,3000,3000.0,1900,1100.0
ORD004357,2025-07-10,CUST1541,P007,1,0.0,UPI,Completed,28000,22000,28000,28000.0,22000,6000.0
ORD004358,2025-05-17,CUST0828,P002,1,0.0,Debit Card,Completed,18000,13500,18000,18000.0,13500,4500.0
ORD004359,2025-04-30,CUST1144,P006,2,0.0,UPI,Completed,35000,28500,70000,70000.0,57000,13000.0
ORD004360,2025-03-13,CUST0690,P015,1,0.1,Debit Card,Completed,2200,1400,2200,1980.0,1400,580.0
ORD004361,2025-05-11,CUST1712,P006,3,0.0,Credit Card,Completed,35000,28500,105000,105000.0,85500,19500.0
ORD004362,2026-04-02,CUST0902,P002,1,0.15,Debit Card,Completed,18000,13500,18000,15300.0,13500,1800.0
ORD004363,2026-04-24,CUST1241,P014,2,0.0,Credit Card,Completed,2500,1600,5000,5000.0,3200,1800.0
ORD004364,2025-02-21,CUST0056,P004,2,0.0,UPI,Completed,1500,950,3000,3000.0,1900,1100.0
ORD004365,2026-07-28,CUST0366,P008,3,0.0,UPI,Completed,16000,12500,48000,48000.0,37500,10500.0
ORD004366,2025-04-29,CUST1723,P008,2,0.0,UPI,Returned,16000,12500,32000,32000.0,25000,7000.0
ORD004367,2025-09-21,CUST1528,P013,4,0.0,Debit Card,Completed,6000,4200,24000,24000.0,16800,7200.0
ORD004368,2025-08-27,CUST1768,P008,5,0.0,Debit Card,Completed,16000,12500,80000,80000.0,62500,17500.0
ORD004369,2025-12-17,CUST1791,P008,4,0.15,UPI,Completed,16000,12500,64000,54400.0,50000,4400.0
ORD004370,2025-09-12,CUST0455,P001,3,0.1,Debit Card,Completed,65000,52000,195000,175500.0,156000,19500.0
ORD004371,2025-11-05,CUST0104,P002,2,0.15,UPI,Completed,18000,13500,36000,30600.0,27000,3600.0
ORD004372,2026-08-30,CUST0077,P012,2,0.0,UPI,Completed,9000,6500,18000,18000.0,13000,5000.0
ORD004373,2026-05-10,CUST0230,P015,1,0.05,Credit Card,Completed,2200,1400,2200,2090.0,1400,690.0
ORD004374,2025-02-26,CUST1282,P004,1,0.0,UPI,Completed,1500,950,1500,1500.0,950,550.0
ORD004375,2026-02-07,CUST1288,P012,1,0.1,Debit Card,Completed,9000,6500,9000,8100.0,6500,1600.0
ORD004376,2025-03-08,CUST0331,P009,1,0.2,Cash,Completed,12000,8500,12000,9600.0,8500,1100.0
ORD004377,2025-02-15,CUST1206,P003,1,0.1,UPI,Completed,3000,2100,3000,2700.0,2100,600.0
ORD004378,2026-08-29,CUST0893,P014,1,0.0,Credit Card,Completed,2500,1600,2500,2500.0,1600,900.0
ORD004379,2026-01-04,CUST1792,P006,4,0.0,Net Banking,Completed,35000,28500,140000,140000.0,114000,26000.0
ORD004380,2026-08-28,CUST1574,P007,3,0.0,UPI,Completed,28000,22000,84000,84000.0,66000,18000.0
ORD004381,2025-08-20,CUST0688,P008,1,0.0,Credit Card,Returned,16000,12500,16000,16000.0,12500,3500.0
ORD004382,2026-02-06,CUST0027,P013,1,0.0,UPI,Completed,6000,4200,6000,6000.0,4200,1800.0
ORD004383,2026-07-15,CUST1300,P007,3,0.0,Debit Card,Completed,28000,22000,84000,84000.0,66000,18000.0
ORD004384,2025-01-23,CUST1676,P003,3,0.0,Debit Card,Completed,3000,2100,9000,9000.0,6300,2700.0
ORD004385,2026-07-28,CUST0299,P006,4,0.05,Debit Card,Completed,35000,28500,140000,133000.0,114000,19000.0
ORD004386,2025-09-24,CUST0957,P005,5,0.05,Credit Card,Completed,4500,3000,22500,21375.0,15000,6375.0
ORD004387,2025-04-28,CUST0799,P015,5,0.1,Debit Card,Completed,2200,1400,11000,9900.0,7000,2900.0
ORD004388,2026-08-23,CUST1115,P013,1,0.0,UPI,Completed,6000,4200,6000,6000.0,4200,1800.0
ORD004389,2026-08-24,CUST0480,P012,1,0.0,Cash,Completed,9000,6500,9000,9000.0,6500,2500.0
ORD004390,2025-02-24,CUST0573,P010,2,0.1,UPI,Completed,22000,16000,44000,39600.0,32000,7600.0
ORD004391,2025-06-02,CUST0458,P004,1,0.05,UPI,Completed,1500,950,1500,1425.0,950,475.0
ORD004392,2025-08-27,CUST1475,P001,3,0.0,Net Banking,Completed,65000,52000,195000,195000.0,156000,39000.0
ORD004393,2025-09-22,CUST0365,P014,2,0.15,Net Banking,Completed,2500,1600,5000,4250.0,3200,1050.0
ORD004394,2025-09-25,CUST0859,P013,3,0.0,Debit Card,Completed,6000,4200,18000,18000.0,12600,5400.0
ORD004395,2025-04-23,CUST1699,P007,1,0.05,UPI,Completed,28000,22000,28000,26600.0,22000,4600.0
ORD004396,2025-06-15,CUST0351,P008,2,0.05,Net Banking,Completed,16000,12500,32000,30400.0,25000,5400.0
ORD004397,2025-01-08,CUST1679,P002,2,0.0,Debit Card,Completed,18000,13500,36000,36000.0,27000,9000.0
ORD004398,2025-08-05,CUST1424,P007,4,0.05,Debit Card,Completed,28000,22000,112000,106400.0,88000,18400.0
ORD004399,2026-03-07,CUST0253,P006,1,0.05,Cash,Returned,35000,28500,35000,33250.0,28500,4750.0
ORD004400,2025-10-19,CUST0781,P005,4,0.0,UPI,Completed,4500,3000,18000,18000.0,12000,6000.0
ORD004401,2025-02-19,CUST0803,P013,3,0.15,Credit Card,Completed,6000,4200,18000,15300.0,12600,2700.0
ORD004402,2025-04-17,CUST1012,P004,2,0.0,Debit Card,Completed,1500,950,3000,3000.0,1900,1100.0
ORD004403,2025-01-09,CUST0459,P002,3,0.1,Credit Card,Completed,18000,13500,54000,48600.0,40500,8100.0
ORD004404,2026-04-01,CUST1723,P010,2,0.0,UPI,Completed,22000,16000,44000,44000.0,32000,12000.0
ORD004405,2025-11-19,CUST0917,P006,1,0.05,UPI,Completed,35000,28500,35000,33250.0,28500,4750.0
ORD004406,2025-11-05,CUST0499,P005,1,0.0,Debit Card,Completed,4500,3000,4500,4500.0,3000,1500.0
ORD004407,2026-09-14,CUST0950,P002,3,0.1,UPI,Completed,18000,13500,54000,48600.0,40500,8100.0
ORD004408,2025-05-25,CUST0508,P010,2,0.1,UPI,Completed,22000,16000,44000,39600.0,32000,7600.0
ORD004409,2026-02-16,CUST1328,P007,1,0.0,UPI,Completed,28000,22000,28000,28000.0,22000,6000.0
ORD004410,2025-04-24,CUST0501,P006,2,0.0,UPI,Completed,35000,28500,70000,70000.0,57000,13000.0
ORD004411,2026-07-29,CUST0803,P012,1,0.15,UPI,Completed,9000,6500,9000,7650.0,6500,1150.0
ORD004412,2026-02-03,CUST0598,P015,1,0.15,UPI,Completed,2200,1400,2200,1870.0,1400,470.0
ORD004413,2025-10-02,CUST0166,P015,2,0.05,Net Banking,Completed,2200,1400,4400,4180.0,2800,1380.0
ORD004414,2025-05-04,CUST1439,P011,1,0.05,UPI,Completed,4000,2600,4000,3800.0,2600,1200.0
ORD004415,2025-03-27,CUST0462,P009,1,0.1,Debit Card,Completed,12000,8500,12000,10800.0,8500,2300.0
ORD004416,2026-08-05,CUST0920,P011,1,0.0,Debit Card,Completed,4000,2600,4000,4000.0,2600,1400.0
ORD004417,2025-02-16,CUST0114,P010,2,0.1,Credit Card,Completed,22000,16000,44000,39600.0,32000,7600.0
ORD004418,2025-07-20,CUST1457,P005,1,0.05,UPI,Completed,4500,3000,4500,4275.0,3000,1275.0
ORD004419,2025-10-03,CUST0992,P009,1,0.1,Net Banking,Completed,12000,8500,12000,10800.0,8500,2300.0
ORD004420,2026-07-03,CUST1380,P009,1,0.0,Credit Card,Completed,12000,8500,12000,12000.0,8500,3500.0
ORD004421,2025-05-10,CUST1719,P013,1,0.05,UPI,Completed,6000,4200,6000,5700.0,4200,1500.0
ORD004422,2026-03-24,CUST0207,P001,1,0.05,Credit Card,Cancelled,65000,52000,65000,61750.0,52000,9750.0
ORD004423,2026-01-24,CUST1792,P005,1,0.1,UPI,Completed,4500,3000,4500,4050.0,3000,1050.0
ORD004424,2026-07-30,CUST1259,P009,1,0.1,Credit Card,Completed,12000,8500,12000,10800.0,8500,2300.0
ORD004425,2025-09-20,CUST1466,P007,3,0.15,Credit Card,Completed,28000,22000,84000,71400.0,66000,5400.0
ORD004426,2026-09-24,CUST1379,P006,1,0.15,Credit Card,Completed,35000,28500,35000,29750.0,28500,1250.0
ORD004427,2025-10-05,CUST0515,P006,1,0.05,Debit Card,Completed,35000,28500,35000,33250.0,28500,4750.0
ORD004428,2025-02-15,CUST1232,P011,1,0.0,Net Banking,Completed,4000,2600,4000,4000.0,2600,1400.0
ORD004429,2025-06-17,CUST0709,P007,1,0.1,UPI,Completed,28000,22000,28000,25200.0,22000,3200.0
ORD004430,2026-03-21,CUST1149,P001,3,0.15,Credit Card,Completed,65000,52000,195000,165750.0,156000,9750.0
ORD004431,2026-09-14,CUST0138,P004,1,0.0,Debit Card,Completed,1500,950,1500,1500.0,950,550.0
ORD004432,2025-02-15,CUST0339,P013,1,0.05,Credit Card,Completed,6000,4200,6000,5700.0,4200,1500.0
ORD004433,2026-06-24,CUST0537,P015,1,0.0,Credit Card,Returned,2200,1400,2200,2200.0,1400,800.0
ORD004434,2025-03-28,CUST0068,P001,2,0.0,Net Banking,Completed,65000,52000,130000,130000.0,104000,26000.0
ORD004435,2026-01-20,CUST1597,P006,1,0.1,Net Banking,Completed,35000,28500,35000,31500.0,28500,3000.0
ORD004436,2025-09-22,CUST1565,P014,2,0.1,Credit Card,Completed,2500,1600,5000,4500.0,3200,1300.0
ORD004437,2025-01-22,CUST0383,P013,1,0.1,UPI,Completed,6000,4200,6000,5400.0,4200,1200.0
ORD004438,2026-03-26,CUST0019,P004,1,0.15,Credit Card,Completed,1500,950,1500,1275.0,950,325.0
ORD004439,2025-08-20,CUST0683,P001,2,0.0,Credit Card,Completed,65000,52000,130000,130000.0,104000,26000.0
ORD004440,2025-07-05,CUST1474,P009,2,0.0,Credit Card,Completed,12000,8500,24000,24000.0,17000,7000.0
ORD004441,2025-11-22,CUST0074,P012,2,0.15,UPI,Completed,9000,6500,18000,15300.0,13000,2300.0
ORD004442,2025-07-02,CUST0573,P004,1,0.05,Credit Card,Completed,1500,950,1500,1425.0,950,475.0
ORD004443,2026-02-01,CUST0939,P012,2,0.0,Credit Card,Completed,9000,6500,18000,18000.0,13000,5000.0
ORD004444,2026-04-26,CUST1689,P006,1,0.1,UPI,Completed,35000,28500,35000,31500.0,28500,3000.0
ORD004445,2026-02-07,CUST1300,P013,2,0.15,Net Banking,Completed,6000,4200,12000,10200.0,8400,1800.0
ORD004446,2026-04-08,CUST1072,P007,2,0.1,Net Banking,Completed,28000,22000,56000,50400.0,44000,6400.0
ORD004447,2026-02-21,CUST0211,P008,1,0.1,Debit Card,Completed,16000,12500,16000,14400.0,12500,1900.0
ORD004448,2025-07-21,CUST0855,P012,2,0.0,Credit Card,Returned,9000,6500,18000,18000.0,13000,5000.0
ORD004449,2025-03-06,CUST0651,P013,2,0.0,Credit Card,Completed,6000,4200,12000,12000.0,8400,3600.0
ORD004450,2026-07-09,CUST1646,P011,1,0.15,Debit Card,Completed,4000,2600,4000,3400.0,2600,800.0
ORD004451,2025-01-17,CUST0994,P009,3,0.1,Debit Card,Completed,12000,8500,36000,32400.0,25500,6900.0
ORD004452,2025-07-02,CUST0695,P009,3,0.0,Debit Card,Completed,12000,8500,36000,36000.0,25500,10500.0
ORD004453,2026-01-26,CUST0540,P008,1,0.05,UPI,Completed,16000,12500,16000,15200.0,12500,2700.0
ORD004454,2025-02-13,CUST1733,P010,4,0.1,Debit Card,Completed,22000,16000,88000,79200.0,64000,15200.0
ORD004455,2026-04-27,CUST1215,P011,1,0.0,Net Banking,Completed,4000,2600,4000,4000.0,2600,1400.0
ORD004456,2025-09-20,CUST1339,P015,2,0.1,UPI,Completed,2200,1400,4400,3960.0,2800,1160.0
ORD004457,2025-06-23,CUST0901,P012,3,0.0,UPI,Completed,9000,6500,27000,27000.0,19500,7500.0
ORD004458,2026-03-17,CUST1587,P012,2,0.0,Credit Card,Completed,9000,6500,18000,18000.0,13000,5000.0
ORD004459,2026-07-20,CUST1685,P015,1,0.1,Debit Card,Completed,2200,1400,2200,1980.0,1400,580.0
ORD004460,2025-08-08,CUST0780,P014,4,0.0,UPI,Completed,2500,1600,10000,10000.0,6400,3600.0
ORD004461,2026-07-12,CUST1586,P003,1,0.0,Net Banking,Completed,3000,2100,3000,3000.0,2100,900.0
ORD004462,2026-01-29,CUST1782,P012,1,0.15,UPI,Completed,9000,6500,9000,7650.0,6500,1150.0
ORD004463,2025-07-14,CUST1137,P002,1,0.1,Net Banking,Completed,18000,13500,18000,16200.0,13500,2700.0
ORD004464,2026-02-13,CUST0170,P005,3,0.05,UPI,Completed,4500,3000,13500,12825.0,9000,3825.0
ORD004465,2026-04-16,CUST1492,P001,4,0.0,UPI,Completed,65000,52000,260000,260000.0,208000,52000.0
ORD004466,2025-12-13,CUST1702,P003,1,0.0,Net Banking,Completed,3000,2100,3000,3000.0,2100,900.0
ORD004467,2026-04-07,CUST1038,P001,3,0.05,Net Banking,Completed,65000,52000,195000,185250.0,156000,29250.0
ORD004468,2025-03-02,CUST1739,P013,1,0.0,Cash,Completed,6000,4200,6000,6000.0,4200,1800.0
ORD004469,2025-06-15,CUST0288,P003,5,0.05,UPI,Completed,3000,2100,15000,14250.0,10500,3750.0
ORD004470,2025-05-31,CUST0189,P013,2,0.05,Credit Card,Completed,6000,4200,12000,11400.0,8400,3000.0
ORD004471,2025-04-21,CUST0914,P004,1,0.05,UPI,Completed,1500,950,1500,1425.0,950,475.0
ORD004472,2026-05-03,CUST1179,P007,1,0.0,UPI,Completed,28000,22000,28000,28000.0,22000,6000.0
ORD004473,2026-07-03,CUST1591,P012,1,0.0,UPI,Completed,9000,6500,9000,9000.0,6500,2500.0
ORD004474,2025-01-03,CUST0694,P015,1,0.2,UPI,Completed,2200,1400,2200,1760.0,1400,360.0
ORD004475,2026-04-28,CUST1746,P012,3,0.2,Net Banking,Completed,9000,6500,27000,21600.0,19500,2100.0
ORD004476,2025-01-13,CUST0888,P005,1,0.05,UPI,Completed,4500,3000,4500,4275.0,3000,1275.0
ORD004477,2025-06-11,CUST0471,P005,4,0.1,Debit Card,Completed,4500,3000,18000,16200.0,12000,4200.0
ORD004478,2025-12-10,CUST1099,P013,2,0.1,Debit Card,Completed,6000,4200,12000,10800.0,8400,2400.0
ORD004479,2026-03-25,CUST0277,P001,2,0.0,UPI,Completed,65000,52000,130000,130000.0,104000,26000.0
ORD004480,2025-11-28,CUST0940,P008,1,0.0,Cash,Completed,16000,12500,16000,16000.0,12500,3500.0
ORD004481,2025-09-21,CUST1669,P013,3,0.0,UPI,Completed,6000,4200,18000,18000.0,12600,5400.0
ORD004482,2025-03-24,CUST1367,P004,2,0.05,Net Banking,Completed,1500,950,3000,2850.0,1900,950.0
ORD004483,2025-11-30,CUST1449,P010,3,0.05,Net Banking,Completed,22000,16000,66000,62700.0,48000,14700.0
ORD004484,2026-01-15,CUST0571,P005,4,0.15,Net Banking,Completed,4500,3000,18000,15300.0,12000,3300.0
ORD004485,2025-08-07,CUST1535,P002,1,0.1,Debit Card,Completed,18000,13500,18000,16200.0,13500,2700.0
ORD004486,2026-03-30,CUST0857,P015,1,0.15,UPI,Completed,2200,1400,2200,1870.0,1400,470.0
ORD004487,2025-03-30,CUST1001,P012,3,0.15,UPI,Completed,9000,6500,27000,22950.0,19500,3450.0
ORD004488,2025-11-29,CUST1206,P013,3,0.1,Credit Card,Completed,6000,4200,18000,16200.0,12600,3600.0
ORD004489,2025-11-06,CUST0458,P001,2,0.0,Credit Card,Completed,65000,52000,130000,130000.0,104000,26000.0
ORD004490,2026-02-24,CUST0918,P009,1,0.0,Net Banking,Completed,12000,8500,12000,12000.0,8500,3500.0
ORD004491,2026-09-01,CUST0833,P015,2,0.05,Debit Card,Completed,2200,1400,4400,4180.0,2800,1380.0
ORD004492,2025-12-20,CUST1088,P002,1,0.1,UPI,Completed,18000,13500,18000,16200.0,13500,2700.0
ORD004493,2025-04-10,CUST0839,P006,1,0.05,UPI,Completed,35000,28500,35000,33250.0,28500,4750.0
ORD004494,2025-05-25,CUST1284,P001,2,0.1,UPI,Completed,65000,52000,130000,117000.0,104000,13000.0
ORD004495,2025-01-10,CUST0193,P001,1,0.2,Credit Card,Completed,65000,52000,65000,52000.0,52000,0.0
ORD004496,2025-02-13,CUST1679,P009,2,0.05,UPI,Completed,12000,8500,24000,22800.0,17000,5800.0
ORD004497,2026-01-21,CUST0616,P004,4,0.05,Debit Card,Completed,1500,950,6000,5700.0,3800,1900.0
ORD004498,2026-05-10,CUST0406,P009,3,0.1,Debit Card,Completed,12000,8500,36000,32400.0,25500,6900.0
ORD004499,2026-05-08,CUST1750,P011,4,0.0,UPI,Completed,4000,2600,16000,16000.0,10400,5600.0
ORD004500,2025-06-18,CUST1778,P005,3,0.0,Credit Card,Completed,4500,3000,13500,13500.0,9000,4500.0
ORD004501,2026-06-15,CUST0943,P007,1,0.1,Debit Card,Cancelled,28000,22000,28000,25200.0,22000,3200.0
ORD004502,2025-12-02,CUST0721,P001,3,0.1,Credit Card,Completed,65000,52000,195000,175500.0,156000,19500.0
ORD004503,2026-05-28,CUST0093,P006,4,0.05,Cash,Completed,35000,28500,140000,133000.0,114000,19000.0
ORD004504,2025-05-10,CUST0430,P008,4,0.15,UPI,Completed,16000,12500,64000,54400.0,50000,4400.0
ORD004505,2026-06-23,CUST0654,P014,2,0.05,Credit Card,Returned,2500,1600,5000,4750.0,3200,1550.0
ORD004506,2026-05-29,CUST1458,P001,1,0.1,Net Banking,Completed,65000,52000,65000,58500.0,52000,6500.0
ORD004507,2025-09-07,CUST1428,P009,1,0.1,Credit Card,Completed,12000,8500,12000,10800.0,8500,2300.0
ORD004508,2025-05-18,CUST0434,P003,1,0.0,Credit Card,Completed,3000,2100,3000,3000.0,2100,900.0
ORD004509,2025-10-02,CUST1136,P001,4,0.0,Debit Card,Completed,65000,52000,260000,260000.0,208000,52000.0
ORD004510,2026-04-09,CUST0375,P001,1,0.15,Debit Card,Completed,65000,52000,65000,55250.0,52000,3250.0
ORD004511,2025-05-21,CUST1083,P013,3,0.0,UPI,Completed,6000,4200,18000,18000.0,12600,5400.0
ORD004512,2025-09-13,CUST1067,P014,1,0.0,Credit Card,Completed,2500,1600,2500,2500.0,1600,900.0
ORD004513,2026-04-01,CUST0207,P011,2,0.05,UPI,Completed,4000,2600,8000,7600.0,5200,2400.0
ORD004514,2026-03-10,CUST0780,P006,1,0.0,Debit Card,Completed,35000,28500,35000,35000.0,28500,6500.0
ORD004515,2026-08-30,CUST1320,P011,1,0.15,Credit Card,Completed,4000,2600,4000,3400.0,2600,800.0
ORD004516,2025-06-22,CUST1142,P006,1,0.0,Debit Card,Completed,35000,28500,35000,35000.0,28500,6500.0
ORD004517,2026-04-18,CUST0532,P001,2,0.1,Debit Card,Completed,65000,52000,130000,117000.0,104000,13000.0
ORD004518,2026-02-27,CUST1246,P014,1,0.0,UPI,Completed,2500,1600,2500,2500.0,1600,900.0
ORD004519,2026-03-15,CUST0166,P014,3,0.1,UPI,Completed,2500,1600,7500,6750.0,4800,1950.0
ORD004520,2025-02-26,CUST0643,P003,1,0.05,Credit Card,Completed,3000,2100,3000,2850.0,2100,750.0
ORD004521,2026-05-13,CUST1180,P007,3,0.05,UPI,Cancelled,28000,22000,84000,79800.0,66000,13800.0
ORD004522,2026-09-06,CUST1208,P010,1,0.2,Debit Card,Cancelled,22000,16000,22000,17600.0,16000,1600.0
ORD004523,2025-06-18,CUST0090,P003,2,0.0,Debit Card,Completed,3000,2100,6000,6000.0,4200,1800.0
ORD004524,2026-08-05,CUST1118,P003,1,0.05,UPI,Completed,3000,2100,3000,2850.0,2100,750.0
ORD004525,2026-07-15,CUST0013,P003,3,0.2,Net Banking,Completed,3000,2100,9000,7200.0,6300,900.0
ORD004526,2026-03-04,CUST0973,P012,1,0.1,Credit Card,Completed,9000,6500,9000,8100.0,6500,1600.0
ORD004527,2026-02-23,CUST0805,P007,2,0.1,UPI,Completed,28000,22000,56000,50400.0,44000,6400.0
ORD004528,2025-12-13,CUST0945,P004,4,0.0,UPI,Returned,1500,950,6000,6000.0,3800,2200.0
ORD004529,2026-06-01,CUST0742,P004,1,0.0,Credit Card,Completed,1500,950,1500,1500.0,950,550.0
ORD004530,2026-03-31,CUST1462,P003,1,0.0,UPI,Completed,3000,2100,3000,3000.0,2100,900.0
ORD004531,2025-07-21,CUST1562,P010,3,0.2,Net Banking,Completed,22000,16000,66000,52800.0,48000,4800.0
ORD004532,2025-06-28,CUST1611,P011,2,0.2,Credit Card,Completed,4000,2600,8000,6400.0,5200,1200.0
ORD004533,2025-02-26,CUST0876,P009,1,0.0,Net Banking,Completed,12000,8500,12000,12000.0,8500,3500.0
ORD004534,2026-08-27,CUST1174,P002,2,0.0,UPI,Completed,18000,13500,36000,36000.0,27000,9000.0
ORD004535,2026-05-16,CUST0660,P004,1,0.0,Debit Card,Completed,1500,950,1500,1500.0,950,550.0
ORD004536,2025-04-22,CUST1032,P008,1,0.0,Net Banking,Completed,16000,12500,16000,16000.0,12500,3500.0
ORD004537,2025-05-28,CUST1053,P006,1,0.05,UPI,Completed,35000,28500,35000,33250.0,28500,4750.0
ORD004538,2026-01-13,CUST0296,P014,3,0.1,UPI,Completed,2500,1600,7500,6750.0,4800,1950.0
ORD004539,2025-12-14,CUST0986,P007,1,0.15,Credit Card,Completed,28000,22000,28000,23800.0,22000,1800.0
ORD004540,2025-12-24,CUST0926,P013,2,0.1,Cash,Completed,6000,4200,12000,10800.0,8400,2400.0
ORD004541,2025-02-25,CUST1745,P007,3,0.1,Debit Card,Completed,28000,22000,84000,75600.0,66000,9600.0
ORD004542,2025-11-12,CUST0640,P002,1,0.1,Debit Card,Completed,18000,13500,18000,16200.0,13500,2700.0
ORD004543,2025-07-04,CUST0340,P004,2,0.1,Debit Card,Completed,1500,950,3000,2700.0,1900,800.0
ORD004544,2025-02-23,CUST0628,P010,3,0.05,UPI,Completed,22000,16000,66000,62700.0,48000,14700.0
ORD004545,2025-02-06,CUST0439,P010,1,0.0,Credit Card,Completed,22000,16000,22000,22000.0,16000,6000.0
ORD004546,2025-09-27,CUST1168,P006,1,0.0,UPI,Completed,35000,28500,35000,35000.0,28500,6500.0
ORD004547,2026-05-23,CUST0942,P003,5,0.1,UPI,Completed,3000,2100,15000,13500.0,10500,3000.0
ORD004548,2025-08-16,CUST0830,P009,5,0.2,Net Banking,Completed,12000,8500,60000,48000.0,42500,5500.0
ORD004549,2026-03-04,CUST1771,P013,1,0.05,Debit Card,Completed,6000,4200,6000,5700.0,4200,1500.0
ORD004550,2025-01-01,CUST0519,P004,1,0.15,Cash,Completed,1500,950,1500,1275.0,950,325.0
ORD004551,2025-01-23,CUST0976,P010,1,0.0,UPI,Completed,22000,16000,22000,22000.0,16000,6000.0
ORD004552,2026-05-18,CUST1069,P013,1,0.1,Credit Card,Completed,6000,4200,6000,5400.0,4200,1200.0
ORD004553,2026-03-24,CUST0955,P002,1,0.15,Net Banking,Completed,18000,13500,18000,15300.0,13500,1800.0
ORD004554,2026-05-11,CUST1263,P006,2,0.1,UPI,Completed,35000,28500,70000,63000.0,57000,6000.0
ORD004555,2026-03-01,CUST0952,P001,3,0.15,UPI,Completed,65000,52000,195000,165750.0,156000,9750.0
ORD004556,2025-01-18,CUST0944,P006,1,0.05,Credit Card,Completed,35000,28500,35000,33250.0,28500,4750.0
ORD004557,2026-03-21,CUST0155,P013,3,0.0,Credit Card,Completed,6000,4200,18000,18000.0,12600,5400.0
ORD004558,2026-07-15,CUST1205,P012,1,0.0,Cash,Completed,9000,6500,9000,9000.0,6500,2500.0
ORD004559,2026-07-13,CUST1239,P010,1,0.05,Credit Card,Completed,22000,16000,22000,20900.0,16000,4900.0
ORD004560,2026-09-19,CUST0088,P001,2,0.15,Net Banking,Completed,65000,52000,130000,110500.0,104000,6500.0
ORD004561,2025-02-08,CUST1280,P014,1,0.0,Net Banking,Completed,2500,1600,2500,2500.0,1600,900.0
ORD004562,2025-07-29,CUST1535,P008,1,0.1,UPI,Completed,16000,12500,16000,14400.0,12500,1900.0
ORD004563,2025-07-30,CUST1097,P005,3,0.1,Debit Card,Completed,4500,3000,13500,12150.0,9000,3150.0
ORD004564,2026-07-19,CUST0931,P006,1,0.0,UPI,Completed,35000,28500,35000,35000.0,28500,6500.0
ORD004565,2025-10-08,CUST0179,P002,2,0.0,UPI,Completed,18000,13500,36000,36000.0,27000,9000.0
ORD004566,2025-05-13,CUST0212,P002,1,0.05,Net Banking,Completed,18000,13500,18000,17100.0,13500,3600.0
ORD004567,2026-03-25,CUST1258,P012,1,0.0,UPI,Completed,9000,6500,9000,9000.0,6500,2500.0
ORD004568,2025-09-21,CUST0465,P009,2,0.0,UPI,Completed,12000,8500,24000,24000.0,17000,7000.0
ORD004569,2025-04-21,CUST1775,P003,3,0.0,UPI,Completed,3000,2100,9000,9000.0,6300,2700.0
ORD004570,2026-07-09,CUST1247,P006,1,0.0,UPI,Completed,35000,28500,35000,35000.0,28500,6500.0
ORD004571,2025-08-26,CUST0631,P010,2,0.1,Credit Card,Completed,22000,16000,44000,39600.0,32000,7600.0
ORD004572,2026-04-02,CUST0825,P005,4,0.1,Credit Card,Completed,4500,3000,18000,16200.0,12000,4200.0
ORD004573,2026-05-31,CUST1288,P014,3,0.1,Credit Card,Returned,2500,1600,7500,6750.0,4800,1950.0
ORD004574,2025-06-22,CUST1231,P012,1,0.05,Net Banking,Cancelled,9000,6500,9000,8550.0,6500,2050.0
ORD004575,2025-07-12,CUST0607,P004,2,0.2,UPI,Completed,1500,950,3000,2400.0,1900,500.0
ORD004576,2026-05-30,CUST0885,P010,2,0.15,UPI,Completed,22000,16000,44000,37400.0,32000,5400.0
ORD004577,2026-07-22,CUST1758,P002,2,0.2,UPI,Cancelled,18000,13500,36000,28800.0,27000,1800.0
ORD004578,2026-02-13,CUST0366,P008,2,0.05,Debit Card,Completed,16000,12500,32000,30400.0,25000,5400.0
ORD004579,2026-09-20,CUST0276,P010,1,0.15,Credit Card,Completed,22000,16000,22000,18700.0,16000,2700.0
ORD004580,2025-03-25,CUST0380,P007,2,0.1,Cash,Completed,28000,22000,56000,50400.0,44000,6400.0
ORD004581,2025-03-21,CUST1767,P011,2,0.0,Debit Card,Completed,4000,2600,8000,8000.0,5200,2800.0
ORD004582,2026-08-01,CUST1333,P002,2,0.0,UPI,Completed,18000,13500,36000,36000.0,27000,9000.0
ORD004583,2025-07-28,CUST1655,P006,3,0.1,UPI,Cancelled,35000,28500,105000,94500.0,85500,9000.0
ORD004584,2026-06-06,CUST1292,P014,3,0.0,Credit Card,Completed,2500,1600,7500,7500.0,4800,2700.0
ORD004585,2025-07-18,CUST0945,P008,1,0.0,Debit Card,Completed,16000,12500,16000,16000.0,12500,3500.0
ORD004586,2026-07-25,CUST1088,P007,1,0.05,UPI,Completed,28000,22000,28000,26600.0,22000,4600.0
ORD004587,2025-08-22,CUST0810,P015,2,0.1,Debit Card,Completed,2200,1400,4400,3960.0,2800,1160.0
ORD004588,2025-09-01,CUST1374,P001,2,0.15,Net Banking,Completed,65000,52000,130000,110500.0,104000,6500.0
ORD004589,2026-01-28,CUST0925,P005,4,0.05,Debit Card,Completed,4500,3000,18000,17100.0,12000,5100.0
ORD004590,2026-07-20,CUST0494,P002,2,0.1,Debit Card,Completed,18000,13500,36000,32400.0,27000,5400.0
ORD004591,2026-03-22,CUST1547,P006,1,0.0,Net Banking,Completed,35000,28500,35000,35000.0,28500,6500.0
ORD004592,2026-01-28,CUST1122,P007,2,0.1,UPI,Completed,28000,22000,56000,50400.0,44000,6400.0
ORD004593,2025-01-09,CUST1095,P014,2,0.05,UPI,Returned,2500,1600,5000,4750.0,3200,1550.0
ORD004594,2026-09-05,CUST0364,P014,2,0.15,UPI,Completed,2500,1600,5000,4250.0,3200,1050.0
ORD004595,2025-06-02,CUST0570,P007,2,0.05,UPI,Completed,28000,22000,56000,53200.0,44000,9200.0
ORD004596,2025-04-20,CUST0763,P003,1,0.05,Net Banking,Completed,3000,2100,3000,2850.0,2100,750.0
ORD004597,2025-09-23,CUST0276,P007,1,0.05,UPI,Completed,28000,22000,28000,26600.0,22000,4600.0
ORD004598,2026-01-08,CUST0050,P015,1,0.1,Debit Card,Completed,2200,1400,2200,1980.0,1400,580.0
ORD004599,2025-06-01,CUST1382,P005,1,0.2,Debit Card,Completed,4500,3000,4500,3600.0,3000,600.0
ORD004600,2026-08-18,CUST0728,P008,1,0.0,Debit Card,Completed,16000,12500,16000,16000.0,12500,3500.0
ORD004601,2026-02-19,CUST0906,P015,3,0.05,Credit Card,Completed,2200,1400,6600,6270.0,4200,2070.0
ORD004602,2025-11-22,CUST0928,P012,1,0.1,Credit Card,Completed,9000,6500,9000,8100.0,6500,1600.0
ORD004603,2026-07-05,CUST0564,P008,4,0.15,Credit Card,Completed,16000,12500,64000,54400.0,50000,4400.0
ORD004604,2025-06-25,CUST0783,P007,1,0.05,Net Banking,Completed,28000,22000,28000,26600.0,22000,4600.0
ORD004605,2026-06-09,CUST0485,P006,1,0.0,UPI,Completed,35000,28500,35000,35000.0,28500,6500.0
ORD004606,2025-11-11,CUST1108,P002,2,0.05,UPI,Completed,18000,13500,36000,34200.0,27000,7200.0
ORD004607,2025-03-08,CUST1662,P006,1,0.05,Credit Card,Cancelled,35000,28500,35000,33250.0,28500,4750.0
ORD004608,2026-07-07,CUST0584,P013,4,0.05,UPI,Completed,6000,4200,24000,22800.0,16800,6000.0
ORD004609,2025-07-03,CUST1320,P012,1,0.0,Credit Card,Completed,9000,6500,9000,9000.0,6500,2500.0
ORD004610,2025-02-04,CUST0236,P015,1,0.0,Cash,Completed,2200,1400,2200,2200.0,1400,800.0
ORD004611,2026-05-20,CUST0056,P011,4,0.1,Debit Card,Completed,4000,2600,16000,14400.0,10400,4000.0
ORD004612,2025-03-17,CUST0360,P009,1,0.2,Net Banking,Completed,12000,8500,12000,9600.0,8500,1100.0
ORD004613,2026-04-17,CUST0110,P015,1,0.15,Credit Card,Completed,2200,1400,2200,1870.0,1400,470.0
ORD004614,2026-08-05,CUST0192,P002,1,0.1,UPI,Completed,18000,13500,18000,16200.0,13500,2700.0
ORD004615,2026-06-07,CUST0904,P001,2,0.1,Debit Card,Completed,65000,52000,130000,117000.0,104000,13000.0
ORD004616,2025-10-10,CUST1117,P011,1,0.0,Net Banking,Completed,4000,2600,4000,4000.0,2600,1400.0
ORD004617,2026-06-20,CUST0862,P013,1,0.1,Credit Card,Completed,6000,4200,6000,5400.0,4200,1200.0
ORD004618,2025-10-01,CUST0568,P005,3,0.0,Net Banking,Completed,4500,3000,13500,13500.0,9000,4500.0
ORD004619,2026-06-23,CUST1084,P011,3,0.1,Cash,Completed,4000,2600,12000,10800.0,7800,3000.0
ORD004620,2025-02-23,CUST0650,P006,1,0.2,Credit Card,Completed,35000,28500,35000,28000.0,28500,-500.0
ORD004621,2025-02-24,CUST0039,P003,1,0.15,UPI,Completed,3000,2100,3000,2550.0,2100,450.0
ORD004622,2025-10-04,CUST1564,P008,1,0.05,Credit Card,Completed,16000,12500,16000,15200.0,12500,2700.0
ORD004623,2026-03-19,CUST1073,P007,2,0.1,Cash,Completed,28000,22000,56000,50400.0,44000,6400.0
ORD004624,2026-02-22,CUST1444,P002,1,0.15,UPI,Completed,18000,13500,18000,15300.0,13500,1800.0
ORD004625,2026-09-24,CUST0637,P012,3,0.0,Debit Card,Completed,9000,6500,27000,27000.0,19500,7500.0
ORD004626,2025-08-13,CUST1037,P007,2,0.1,Debit Card,Completed,28000,22000,56000,50400.0,44000,6400.0
ORD004627,2026-07-24,CUST0036,P015,1,0.0,UPI,Completed,2200,1400,2200,2200.0,1400,800.0
ORD004628,2025-09-12,CUST0101,P015,2,0.15,Credit Card,Completed,2200,1400,4400,3740.0,2800,940.0
ORD004629,2025-06-25,CUST1110,P001,1,0.0,UPI,Completed,65000,52000,65000,65000.0,52000,13000.0
ORD004630,2026-07-20,CUST1540,P009,1,0.0,Net Banking,Returned,12000,8500,12000,12000.0,8500,3500.0
ORD004631,2025-05-26,CUST1247,P013,1,0.1,Debit Card,Completed,6000,4200,6000,5400.0,4200,1200.0
ORD004632,2026-01-20,CUST1362,P007,1,0.0,Net Banking,Completed,28000,22000,28000,28000.0,22000,6000.0
ORD004633,2025-09-19,CUST0166,P006,2,0.0,UPI,Completed,35000,28500,70000,70000.0,57000,13000.0
ORD004634,2026-06-15,CUST0383,P013,2,0.05,UPI,Completed,6000,4200,12000,11400.0,8400,3000.0
ORD004635,2026-01-06,CUST1400,P002,1,0.1,Net Banking,Completed,18000,13500,18000,16200.0,13500,2700.0
ORD004636,2025-07-16,CUST1495,P003,5,0.0,Credit Card,Completed,3000,2100,15000,15000.0,10500,4500.0
ORD004637,2026-08-08,CUST0790,P001,1,0.1,UPI,Cancelled,65000,52000,65000,58500.0,52000,6500.0
ORD004638,2026-08-20,CUST1666,P015,1,0.1,UPI,Completed,2200,1400,2200,1980.0,1400,580.0
ORD004639,2025-10-11,CUST0031,P010,1,0.05,Credit Card,Completed,22000,16000,22000,20900.0,16000,4900.0
ORD004640,2025-10-29,CUST1399,P013,2,0.1,UPI,Completed,6000,4200,12000,10800.0,8400,2400.0
ORD004641,2025-05-12,CUST0011,P005,5,0.0,Credit Card,Completed,4500,3000,22500,22500.0,15000,7500.0
ORD004642,2025-04-30,CUST1326,P009,2,0.05,Debit Card,Completed,12000,8500,24000,22800.0,17000,5800.0
ORD004643,2025-05-16,CUST0096,P013,4,0.0,Credit Card,Completed,6000,4200,24000,24000.0,16800,7200.0
ORD004644,2026-09-20,CUST1214,P006,1,0.0,Net Banking,Returned,35000,28500,35000,35000.0,28500,6500.0
ORD004645,2026-07-27,CUST0453,P005,1,0.05,UPI,Completed,4500,3000,4500,4275.0,3000,1275.0
ORD004646,2026-06-13,CUST0192,P012,2,0.05,Credit Card,Completed,9000,6500,18000,17100.0,13000,4100.0
ORD004647,2025-02-03,CUST0486,P003,2,0.1,UPI,Completed,3000,2100,6000,5400.0,4200,1200.0
ORD004648,2026-06-16,CUST1290,P005,1,0.05,Net Banking,Completed,4500,3000,4500,4275.0,3000,1275.0
ORD004649,2025-07-27,CUST1448,P008,3,0.15,Net Banking,Completed,16000,12500,48000,40800.0,37500,3300.0
ORD004650,2025-10-26,CUST1152,P012,1,0.0,Credit Card,Completed,9000,6500,9000,9000.0,6500,2500.0
ORD004651,2026-06-06,CUST0238,P002,1,0.0,UPI,Completed,18000,13500,18000,18000.0,13500,4500.0
ORD004652,2025-04-04,CUST1379,P005,2,0.05,UPI,Completed,4500,3000,9000,8550.0,6000,2550.0
ORD004653,2026-02-18,CUST1136,P006,2,0.0,Net Banking,Completed,35000,28500,70000,70000.0,57000,13000.0
ORD004654,2026-01-06,CUST1470,P010,1,0.1,Debit Card,Completed,22000,16000,22000,19800.0,16000,3800.0
ORD004655,2026-02-13,CUST1367,P008,1,0.05,Net Banking,Completed,16000,12500,16000,15200.0,12500,2700.0
ORD004656,2026-01-18,CUST1169,P008,2,0.05,UPI,Completed,16000,12500,32000,30400.0,25000,5400.0
ORD004657,2026-03-17,CUST1089,P015,2,0.05,Credit Card,Completed,2200,1400,4400,4180.0,2800,1380.0
ORD004658,2026-03-23,CUST1271,P005,3,0.05,Debit Card,Completed,4500,3000,13500,12825.0,9000,3825.0
ORD004659,2026-09-11,CUST0735,P009,2,0.05,Net Banking,Completed,12000,8500,24000,22800.0,17000,5800.0
ORD004660,2026-09-09,CUST0991,P004,1,0.0,Credit Card,Completed,1500,950,1500,1500.0,950,550.0
ORD004661,2025-03-12,CUST1514,P012,5,0.0,UPI,Completed,9000,6500,45000,45000.0,32500,12500.0
ORD004662,2025-03-25,CUST0825,P009,3,0.05,Net Banking,Completed,12000,8500,36000,34200.0,25500,8700.0
ORD004663,2025-07-28,CUST1463,P011,1,0.0,UPI,Completed,4000,2600,4000,4000.0,2600,1400.0
ORD004664,2025-09-16,CUST0106,P007,1,0.1,Credit Card,Completed,28000,22000,28000,25200.0,22000,3200.0
ORD004665,2025-08-27,CUST0181,P006,1,,Credit Card,Completed,35000,28500,35000,35000.0,28500,6500.0
ORD004666,2025-10-29,CUST0184,P004,1,0.0,UPI,Completed,1500,950,1500,1500.0,950,550.0
ORD004667,2025-08-20,CUST0226,P002,3,0.0,Credit Card,Completed,18000,13500,54000,54000.0,40500,13500.0
ORD004668,2025-10-09,CUST0777,P008,3,0.05,Debit Card,Completed,16000,12500,48000,45600.0,37500,8100.0
ORD004669,2026-01-29,CUST0790,P006,3,0.0,Credit Card,Completed,35000,28500,105000,105000.0,85500,19500.0
ORD004670,2026-02-22,CUST1113,P012,1,0.0,UPI,Completed,9000,6500,9000,9000.0,6500,2500.0
ORD004671,2025-07-25,CUST0688,P015,2,0.0,Net Banking,Completed,2200,1400,4400,4400.0,2800,1600.0
ORD004672,2025-09-21,CUST0530,P003,1,0.0,Cash,Completed,3000,2100,3000,3000.0,2100,900.0
ORD004673,2025-11-07,CUST1395,P007,1,0.1,Debit Card,Completed,28000,22000,28000,25200.0,22000,3200.0
ORD004674,2026-09-18,CUST0972,P010,2,0.1,Net Banking,Completed,22000,16000,44000,39600.0,32000,7600.0
ORD004675,2025-03-20,CUST0936,P007,1,0.0,Net Banking,Completed,28000,22000,28000,28000.0,22000,6000.0
ORD004676,2025-12-08,CUST1423,P006,2,0.0,Net Banking,Completed,35000,28500,70000,70000.0,57000,13000.0
ORD004677,2026-07-16,CUST0106,P002,2,0.1,Cash,Completed,18000,13500,36000,32400.0,27000,5400.0
ORD004678,2025-04-05,CUST1295,P008,3,0.1,Debit Card,Completed,16000,12500,48000,43200.0,37500,5700.0
ORD004679,2025-12-17,CUST0831,P001,1,0.2,Debit Card,Completed,65000,52000,65000,52000.0,52000,0.0
ORD004680,2025-03-03,CUST1527,P013,3,0.0,Debit Card,Completed,6000,4200,18000,18000.0,12600,5400.0
ORD004681,2025-05-22,CUST0679,P001,5,0.05,Net Banking,Completed,65000,52000,325000,308750.0,260000,48750.0
ORD004682,2025-04-21,CUST1549,P006,3,0.1,Debit Card,Completed,35000,28500,105000,94500.0,85500,9000.0
ORD004683,2026-09-08,CUST0849,P005,2,0.1,Debit Card,Cancelled,4500,3000,9000,8100.0,6000,2100.0
ORD004684,2026-06-11,CUST1056,P009,2,0.0,UPI,Completed,12000,8500,24000,24000.0,17000,7000.0
ORD004685,2025-06-06,CUST0393,P013,1,0.1,Net Banking,Completed,6000,4200,6000,5400.0,4200,1200.0
ORD004686,2026-06-23,CUST0040,P012,2,0.0,Credit Card,Completed,9000,6500,18000,18000.0,13000,5000.0
ORD004687,2026-08-20,CUST0660,P007,2,0.0,UPI,Completed,28000,22000,56000,56000.0,44000,12000.0
ORD004688,2025-01-09,CUST1242,P002,2,0.05,Net Banking,Returned,18000,13500,36000,34200.0,27000,7200.0
ORD004689,2025-10-03,CUST1755,P013,3,0.0,Credit Card,Completed,6000,4200,18000,18000.0,12600,5400.0
ORD004690,2025-08-15,CUST0981,P012,1,0.1,UPI,Completed,9000,6500,9000,8100.0,6500,1600.0
ORD004691,2025-07-05,CUST1106,P007,1,0.1,UPI,Completed,28000,22000,28000,25200.0,22000,3200.0
ORD004692,2026-08-14,CUST0845,P015,2,0.1,UPI,Completed,2200,1400,4400,3960.0,2800,1160.0
ORD004693,2025-08-04,CUST1744,P003,1,0.05,UPI,Completed,3000,2100,3000,2850.0,2100,750.0
ORD004694,2026-03-09,CUST0201,P001,1,0.0,Credit Card,Completed,65000,52000,65000,65000.0,52000,13000.0
ORD004695,2026-07-23,CUST0447,P011,1,0.0,Net Banking,Completed,4000,2600,4000,4000.0,2600,1400.0
ORD004696,2025-12-22,CUST1452,P008,1,0.05,Credit Card,Completed,16000,12500,16000,15200.0,12500,2700.0
ORD004697,2026-01-27,CUST1062,P014,3,0.1,Debit Card,Completed,2500,1600,7500,6750.0,4800,1950.0
ORD004698,2026-08-02,CUST1235,P012,2,0.05,Net Banking,Cancelled,9000,6500,18000,17100.0,13000,4100.0
ORD004699,2025-10-02,CUST0444,P003,1,0.05,Credit Card,Completed,3000,2100,3000,2850.0,2100,750.0
ORD004700,2026-05-09,CUST1351,P011,1,0.05,Debit Card,Completed,4000,2600,4000,3800.0,2600,1200.0
ORD004701,2026-09-09,CUST0761,P008,1,0.0,Credit Card,Completed,16000,12500,16000,16000.0,12500,3500.0
ORD004702,2026-03-27,CUST0227,P007,1,0.1,Debit Card,Completed,28000,22000,28000,25200.0,22000,3200.0
ORD004703,2026-02-24,CUST0048,P012,1,0.05,UPI,Completed,9000,6500,9000,8550.0,6500,2050.0
ORD004704,2025-06-13,CUST1042,P015,4,0.1,Cash,Completed,2200,1400,8800,7920.0,5600,2320.0
ORD004705,2026-07-17,CUST0912,P002,1,0.1,UPI,Completed,18000,13500,18000,16200.0,13500,2700.0
ORD004706,2026-09-30,CUST1463,P013,2,0.0,Credit Card,Completed,6000,4200,12000,12000.0,8400,3600.0
ORD004707,2026-08-15,CUST1732,P014,3,0.05,UPI,Completed,2500,1600,7500,7125.0,4800,2325.0
ORD004708,2025-07-02,CUST0187,P014,4,0.1,Debit Card,Completed,2500,1600,10000,9000.0,6400,2600.0
ORD004709,2025-11-06,CUST0345,P001,1,0.0,Credit Card,Completed,65000,52000,65000,65000.0,52000,13000.0
ORD004710,2025-01-17,CUST0224,P007,2,0.1,UPI,Completed,28000,22000,56000,50400.0,44000,6400.0
ORD004711,2026-03-22,CUST0830,P013,1,0.0,UPI,Completed,6000,4200,6000,6000.0,4200,1800.0
ORD004712,2025-06-19,CUST0488,P001,2,0.05,UPI,Completed,65000,52000,130000,123500.0,104000,19500.0
ORD004713,2025-10-07,CUST0877,P006,1,0.15,Net Banking,Completed,35000,28500,35000,29750.0,28500,1250.0
ORD004714,2025-12-06,CUST0849,P013,3,0.05,UPI,Completed,6000,4200,18000,17100.0,12600,4500.0
ORD004715,2026-06-03,CUST1253,P011,1,0.05,Debit Card,Completed,4000,2600,4000,3800.0,2600,1200.0
ORD004716,2025-01-11,CUST1414,P010,2,0.0,Credit Card,Completed,22000,16000,44000,44000.0,32000,12000.0
ORD004717,2026-06-08,CUST0979,P011,2,0.0,UPI,Completed,4000,2600,8000,8000.0,5200,2800.0
ORD004718,2026-09-14,CUST1613,P010,5,0.05,UPI,Completed,22000,16000,110000,104500.0,80000,24500.0
ORD004719,2025-05-13,CUST1017,P008,2,0.05,Net Banking,Completed,16000,12500,32000,30400.0,25000,5400.0
ORD004720,2025-05-28,CUST0188,P007,1,0.05,Debit Card,Completed,28000,22000,28000,26600.0,22000,4600.0
ORD004721,2026-07-20,CUST0270,P004,1,0.15,UPI,Completed,1500,950,1500,1275.0,950,325.0
ORD004722,2025-03-20,CUST1631,P001,1,0.0,Debit Card,Completed,65000,52000,65000,65000.0,52000,13000.0
ORD004723,2025-12-12,CUST0310,P001,2,0.05,Net Banking,Completed,65000,52000,130000,123500.0,104000,19500.0
ORD004724,2026-09-01,CUST1156,P004,2,0.05,UPI,Completed,1500,950,3000,2850.0,1900,950.0
ORD004725,2025-09-06,CUST1575,P005,2,0.05,Credit Card,Completed,4500,3000,9000,8550.0,6000,2550.0
ORD004726,2026-06-26,CUST1096,P012,1,0.05,UPI,Completed,9000,6500,9000,8550.0,6500,2050.0
ORD004727,2025-01-24,CUST0845,P007,3,0.0,UPI,Completed,28000,22000,84000,84000.0,66000,18000.0
ORD004728,2026-04-16,CUST1696,P014,2,0.15,Credit Card,Completed,2500,1600,5000,4250.0,3200,1050.0
ORD004729,2025-07-20,CUST1211,P004,4,0.05,Debit Card,Completed,1500,950,6000,5700.0,3800,1900.0
ORD004730,2025-05-11,CUST0486,P010,2,0.05,Credit Card,Completed,22000,16000,44000,41800.0,32000,9800.0
ORD004731,2026-09-26,CUST1215,P014,1,0.1,Credit Card,Completed,2500,1600,2500,2250.0,1600,650.0
ORD004732,2025-12-22,CUST1446,P012,1,0.0,Credit Card,Cancelled,9000,6500,9000,9000.0,6500,2500.0
ORD004733,2025-05-30,CUST0120,P001,1,0.1,Credit Card,Completed,65000,52000,65000,58500.0,52000,6500.0
ORD004734,2026-06-10,CUST0220,P011,2,0.05,UPI,Completed,4000,2600,8000,7600.0,5200,2400.0
ORD004735,2025-10-31,CUST0053,P010,2,0.1,Debit Card,Completed,22000,16000,44000,39600.0,32000,7600.0
ORD004736,2026-06-25,CUST1758,P007,1,0.1,UPI,Completed,28000,22000,28000,25200.0,22000,3200.0
ORD004737,2025-02-19,CUST1475,P002,1,0.15,Net Banking,Completed,18000,13500,18000,15300.0,13500,1800.0
ORD004738,2026-04-09,CUST1436,P013,1,0.05,UPI,Completed,6000,4200,6000,5700.0,4200,1500.0
ORD004739,2025-08-28,CUST1667,P011,4,0.1,Debit Card,Completed,4000,2600,16000,14400.0,10400,4000.0
ORD004740,2026-04-27,CUST1261,P002,1,0.0,Credit Card,Completed,18000,13500,18000,18000.0,13500,4500.0
ORD004741,2026-03-31,CUST0758,P008,1,0.1,Debit Card,Completed,16000,12500,16000,14400.0,12500,1900.0
ORD004742,2025-10-10,CUST0738,P012,1,0.0,Net Banking,Completed,9000,6500,9000,9000.0,6500,2500.0
ORD004743,2025-12-01,CUST0720,P010,1,0.0,UPI,Completed,22000,16000,22000,22000.0,16000,6000.0
ORD004744,2025-12-18,CUST0406,P010,2,0.0,Debit Card,Completed,22000,16000,44000,44000.0,32000,12000.0
ORD004745,2025-11-23,CUST0608,P010,3,0.0,UPI,Completed,22000,16000,66000,66000.0,48000,18000.0
ORD004746,2025-12-02,CUST1021,P005,1,0.0,UPI,Completed,4500,3000,4500,4500.0,3000,1500.0
ORD004747,2025-03-22,CUST0422,P010,2,0.1,Net Banking,Completed,22000,16000,44000,39600.0,32000,7600.0
ORD004748,2025-03-28,CUST0712,P002,1,0.0,UPI,Completed,18000,13500,18000,18000.0,13500,4500.0
ORD004749,2025-09-15,CUST0247,P005,5,0.1,UPI,Completed,4500,3000,22500,20250.0,15000,5250.0
ORD004750,2025-07-04,CUST0072,P008,1,0.0,UPI,Completed,16000,12500,16000,16000.0,12500,3500.0
ORD004751,2025-05-03,CUST0185,P006,1,0.0,Credit Card,Completed,35000,28500,35000,35000.0,28500,6500.0
ORD004752,2025-04-06,CUST0006,P003,2,0.05,Net Banking,Completed,3000,2100,6000,5700.0,4200,1500.0
ORD004753,2026-08-28,CUST1230,P008,1,0.05,UPI,Completed,16000,12500,16000,15200.0,12500,2700.0
ORD004754,2026-05-30,CUST1568,P015,1,0.0,Credit Card,Completed,2200,1400,2200,2200.0,1400,800.0
ORD004755,2026-03-19,CUST1635,P014,2,0.2,Credit Card,Completed,2500,1600,5000,4000.0,3200,800.0
ORD004756,2026-05-29,CUST0906,P009,2,0.0,UPI,Cancelled,12000,8500,24000,24000.0,17000,7000.0
ORD004757,2026-01-06,CUST0387,P005,1,0.1,Credit Card,Completed,4500,3000,4500,4050.0,3000,1050.0
ORD004758,2025-11-01,CUST1792,P013,2,0.0,Credit Card,Completed,6000,4200,12000,12000.0,8400,3600.0
ORD004759,2025-12-23,CUST0699,P002,2,0.15,Credit Card,Completed,18000,13500,36000,30600.0,27000,3600.0
ORD004760,2025-05-28,CUST1100,P002,2,0.05,Net Banking,Completed,18000,13500,36000,34200.0,27000,7200.0
ORD004761,2025-10-12,CUST1201,P007,2,0.15,UPI,Completed,28000,22000,56000,47600.0,44000,3600.0
ORD004762,2025-09-19,CUST0827,P001,2,0.0,UPI,Completed,65000,52000,130000,130000.0,104000,26000.0
ORD004763,2026-07-28,CUST0349,P010,1,0.0,Cash,Completed,22000,16000,22000,22000.0,16000,6000.0
ORD004764,2026-05-06,CUST1279,P012,1,0.05,Debit Card,Completed,9000,6500,9000,8550.0,6500,2050.0
ORD004765,2025-01-31,CUST1726,P002,1,0.05,Net Banking,Completed,18000,13500,18000,17100.0,13500,3600.0
ORD004766,2025-09-25,CUST0308,P010,1,0.0,Debit Card,Completed,22000,16000,22000,22000.0,16000,6000.0
ORD004767,2025-01-12,CUST1369,P004,3,0.0,Credit Card,Completed,1500,950,4500,4500.0,2850,1650.0
ORD004768,2025-07-10,CUST1151,P001,1,0.1,Debit Card,Completed,65000,52000,65000,58500.0,52000,6500.0
ORD004769,2026-02-04,CUST0287,P004,1,0.0,UPI,Completed,1500,950,1500,1500.0,950,550.0
ORD004770,2026-06-21,CUST0766,P013,1,0.05,Debit Card,Completed,6000,4200,6000,5700.0,4200,1500.0
ORD004771,2025-04-01,CUST0725,P012,1,0.05,Credit Card,Completed,9000,6500,9000,8550.0,6500,2050.0
ORD004772,2026-08-23,CUST0762,P011,2,0.1,Cash,Completed,4000,2600,8000,7200.0,5200,2000.0
ORD004773,2026-05-16,CUST1620,P013,1,0.0,Debit Card,Cancelled,6000,4200,6000,6000.0,4200,1800.0
ORD004774,2025-10-28,CUST1511,P010,2,0.05,UPI,Completed,22000,16000,44000,41800.0,32000,9800.0
ORD004775,2025-04-21,CUST0383,P015,1,0.0,Credit Card,Completed,2200,1400,2200,2200.0,1400,800.0
ORD004776,2025-03-21,CUST1430,P005,3,0.0,UPI,Completed,4500,3000,13500,13500.0,9000,4500.0
ORD004777,2026-03-09,CUST0388,P009,5,0.05,Debit Card,Completed,12000,8500,60000,57000.0,42500,14500.0
ORD004778,2026-02-21,CUST0525,P001,2,0.15,Credit Card,Returned,65000,52000,130000,110500.0,104000,6500.0
ORD004779,2025-08-02,CUST1581,P012,3,0.0,Credit Card,Completed,9000,6500,27000,27000.0,19500,7500.0
ORD004780,2026-03-23,CUST0639,P005,2,0.0,Cash,Completed,4500,3000,9000,9000.0,6000,3000.0
ORD004781,2025-01-18,CUST0938,P002,4,0.1,Net Banking,Completed,18000,13500,72000,64800.0,54000,10800.0
ORD004782,2025-02-23,CUST1650,P009,3,0.05,Cash,Completed,12000,8500,36000,34200.0,25500,8700.0
ORD004783,2026-09-01,CUST0276,P006,5,0.1,UPI,Completed,35000,28500,175000,157500.0,142500,15000.0
ORD004784,2025-08-28,CUST0500,P002,2,0.2,Debit Card,Completed,18000,13500,36000,28800.0,27000,1800.0
ORD004785,2026-02-22,CUST0717,P014,3,0.2,Net Banking,Completed,2500,1600,7500,6000.0,4800,1200.0
ORD004786,2026-05-01,CUST0337,P003,2,0.05,Credit Card,Completed,3000,2100,6000,5700.0,4200,1500.0
ORD004787,2026-03-20,CUST0932,P014,1,0.05,UPI,Completed,2500,1600,2500,2375.0,1600,775.0
ORD004788,2026-07-20,CUST0481,P008,1,0.15,Net Banking,Completed,16000,12500,16000,13600.0,12500,1100.0
ORD004789,2026-08-22,CUST0911,P001,3,0.0,Net Banking,Completed,65000,52000,195000,195000.0,156000,39000.0
ORD004790,2025-05-03,CUST1297,P012,1,0.05,Debit Card,Completed,9000,6500,9000,8550.0,6500,2050.0
ORD004791,2026-02-24,CUST1082,P003,2,0.05,UPI,Completed,3000,2100,6000,5700.0,4200,1500.0
ORD004792,2026-07-20,CUST1352,P013,1,0.0,UPI,Completed,6000,4200,6000,6000.0,4200,1800.0
ORD004793,2025-08-04,CUST1755,P010,1,0.2,Debit Card,Completed,22000,16000,22000,17600.0,16000,1600.0
ORD004794,2026-02-24,CUST0109,P001,3,0.1,Credit Card,Completed,65000,52000,195000,175500.0,156000,19500.0
ORD004795,2026-07-05,CUST1303,P011,3,0.05,Debit Card,Completed,4000,2600,12000,11400.0,7800,3600.0
ORD004796,2025-08-16,CUST1710,P011,2,0.1,UPI,Completed,4000,2600,8000,7200.0,5200,2000.0
ORD004797,2025-08-25,CUST0328,P008,1,0.05,UPI,Completed,16000,12500,16000,15200.0,12500,2700.0
ORD004798,2025-11-26,CUST1800,P001,1,0.15,Credit Card,Completed,65000,52000,65000,55250.0,52000,3250.0
ORD004799,2026-04-14,CUST0315,P013,1,0.0,UPI,Completed,6000,4200,6000,6000.0,4200,1800.0
ORD004800,2026-05-02,CUST1498,P005,1,0.0,Debit Card,Completed,4500,3000,4500,4500.0,3000,1500.0
ORD004801,2026-07-03,CUST1135,P004,1,0.0,Credit Card,Completed,1500,950,1500,1500.0,950,550.0
ORD004802,2026-08-02,CUST0699,P007,2,0.05,Debit Card,Completed,28000,22000,56000,53200.0,44000,9200.0
ORD004803,2026-09-15,CUST0781,P014,1,0.0,Debit Card,Completed,2500,1600,2500,2500.0,1600,900.0
ORD004804,2026-02-19,CUST1253,P005,2,0.0,UPI,Completed,4500,3000,9000,9000.0,6000,3000.0
ORD004805,2025-08-07,CUST1521,P008,1,0.2,Net Banking,Completed,16000,12500,16000,12800.0,12500,300.0
ORD004806,2026-01-16,CUST0156,P012,1,0.15,Net Banking,Completed,9000,6500,9000,7650.0,6500,1150.0
ORD004807,2025-03-28,CUST1497,P014,1,0.1,Debit Card,Completed,2500,1600,2500,2250.0,1600,650.0
ORD004808,2026-04-06,CUST1725,P011,5,0.15,Net Banking,Completed,4000,2600,20000,17000.0,13000,4000.0
ORD004809,2026-02-15,CUST1296,P001,2,0.15,UPI,Completed,65000,52000,130000,110500.0,104000,6500.0
ORD004810,2026-06-09,CUST0887,P005,1,0.1,Credit Card,Completed,4500,3000,4500,4050.0,3000,1050.0
ORD004811,2026-03-23,CUST1026,P004,2,0.05,UPI,Completed,1500,950,3000,2850.0,1900,950.0
ORD004812,2025-10-27,CUST0758,P003,3,0.15,Credit Card,Completed,3000,2100,9000,7650.0,6300,1350.0
ORD004813,2026-02-12,CUST0722,P005,3,0.05,Credit Card,Completed,4500,3000,13500,12825.0,9000,3825.0
ORD004814,2026-09-29,CUST1535,P010,2,0.0,Debit Card,Completed,22000,16000,44000,44000.0,32000,12000.0
ORD004815,2026-01-10,CUST0913,P015,1,0.05,UPI,Completed,2200,1400,2200,2090.0,1400,690.0
ORD004816,2025-08-21,CUST1310,P003,2,0.05,UPI,Completed,3000,2100,6000,5700.0,4200,1500.0
ORD004817,2026-09-30,CUST0871,P008,3,0.15,Credit Card,Completed,16000,12500,48000,40800.0,37500,3300.0
ORD004818,2025-02-18,CUST0013,P013,2,0.1,UPI,Completed,6000,4200,12000,10800.0,8400,2400.0
ORD004819,2025-07-05,CUST0608,P003,3,0.15,Debit Card,Completed,3000,2100,9000,7650.0,6300,1350.0
ORD004820,2025-07-24,CUST0498,P001,1,0.1,Debit Card,Completed,65000,52000,65000,58500.0,52000,6500.0
ORD004821,2025-03-19,CUST1757,P009,1,0.0,UPI,Completed,12000,8500,12000,12000.0,8500,3500.0
ORD004822,2026-04-26,CUST0238,P015,3,0.1,UPI,Completed,2200,1400,6600,5940.0,4200,1740.0
ORD004823,2026-01-21,CUST1118,P009,2,0.0,UPI,Completed,12000,8500,24000,24000.0,17000,7000.0
ORD004824,2025-07-13,CUST1362,P006,1,0.05,Debit Card,Completed,35000,28500,35000,33250.0,28500,4750.0
ORD004825,2025-04-13,CUST0781,P010,1,0.1,Cash,Completed,22000,16000,22000,19800.0,16000,3800.0
ORD004826,2026-09-09,CUST1195,P001,3,0.1,UPI,Completed,65000,52000,195000,175500.0,156000,19500.0
ORD004827,2026-01-11,CUST0606,P008,1,0.1,Net Banking,Completed,16000,12500,16000,14400.0,12500,1900.0
ORD004828,2025-10-14,CUST0661,P002,1,0.0,Net Banking,Completed,18000,13500,18000,18000.0,13500,4500.0
ORD004829,2026-04-27,CUST1648,P009,1,0.1,UPI,Cancelled,12000,8500,12000,10800.0,8500,2300.0
ORD004830,2025-09-07,CUST1591,P014,4,0.0,Net Banking,Completed,2500,1600,10000,10000.0,6400,3600.0
ORD004831,2025-07-20,CUST0849,P008,4,0.05,Credit Card,Completed,16000,12500,64000,60800.0,50000,10800.0
ORD004832,2026-06-20,CUST0936,P003,2,0.05,Cash,Completed,3000,2100,6000,5700.0,4200,1500.0
ORD004833,2026-04-06,CUST1491,P013,2,0.05,Credit Card,Completed,6000,4200,12000,11400.0,8400,3000.0
ORD004834,2025-10-27,CUST0628,P005,1,0.0,UPI,Completed,4500,3000,4500,4500.0,3000,1500.0
ORD004835,2026-04-23,CUST0143,P009,1,0.05,Cash,Returned,12000,8500,12000,11400.0,8500,2900.0
ORD004836,2025-03-24,CUST1225,P013,3,0.1,UPI,Completed,6000,4200,18000,16200.0,12600,3600.0
ORD004837,2026-04-03,CUST1204,P001,1,0.05,Net Banking,Completed,65000,52000,65000,61750.0,52000,9750.0
ORD004838,2025-10-25,CUST0714,P009,2,0.05,UPI,Completed,12000,8500,24000,22800.0,17000,5800.0
ORD004839,2025-12-30,CUST1388,P015,2,0.05,Debit Card,Completed,2200,1400,4400,4180.0,2800,1380.0
ORD004840,2025-02-09,CUST0479,P004,1,0.15,Credit Card,Completed,1500,950,1500,1275.0,950,325.0
ORD004841,2026-09-17,CUST0565,P004,2,0.15,Cash,Completed,1500,950,3000,2550.0,1900,650.0
ORD004842,2025-12-06,CUST0471,P015,2,0.05,UPI,Completed,2200,1400,4400,4180.0,2800,1380.0
ORD004843,2026-05-31,CUST0384,P004,2,0.05,Credit Card,Completed,1500,950,3000,2850.0,1900,950.0
ORD004844,2025-04-18,CUST1716,P010,1,0.05,Debit Card,Completed,22000,16000,22000,20900.0,16000,4900.0
ORD004845,2025-11-12,CUST0926,P012,1,0.0,Cash,Completed,9000,6500,9000,9000.0,6500,2500.0
ORD004846,2025-04-24,CUST0417,P009,2,0.0,UPI,Cancelled,12000,8500,24000,24000.0,17000,7000.0
ORD004847,2025-06-16,CUST0308,P014,5,0.0,Credit Card,Completed,2500,1600,12500,12500.0,8000,4500.0
ORD004848,2025-09-18,CUST0649,P006,1,0.0,Credit Card,Completed,35000,28500,35000,35000.0,28500,6500.0
ORD004849,2026-09-10,CUST1718,P011,5,0.1,UPI,Completed,4000,2600,20000,18000.0,13000,5000.0
ORD004850,2025-08-12,CUST1391,P008,2,0.05,Net Banking,Completed,16000,12500,32000,30400.0,25000,5400.0
ORD004851,2025-09-19,CUST1025,P012,3,0.0,UPI,Cancelled,9000,6500,27000,27000.0,19500,7500.0
ORD004852,2025-09-08,CUST1068,P014,1,0.15,Debit Card,Completed,2500,1600,2500,2125.0,1600,525.0
ORD004853,2026-06-10,CUST0739,P004,1,0.15,Credit Card,Completed,1500,950,1500,1275.0,950,325.0
ORD004854,2025-05-06,CUST1122,P003,1,0.15,UPI,Completed,3000,2100,3000,2550.0,2100,450.0
ORD004855,2025-07-25,CUST1744,P014,1,0.05,Credit Card,Completed,2500,1600,2500,2375.0,1600,775.0
ORD004856,2025-05-20,CUST1289,P001,5,0.0,Net Banking,Completed,65000,52000,325000,325000.0,260000,65000.0
ORD004857,2025-03-03,CUST0140,P010,1,0.0,Credit Card,Completed,22000,16000,22000,22000.0,16000,6000.0
ORD004858,2025-10-10,CUST1505,P015,2,0.0,UPI,Completed,2200,1400,4400,4400.0,2800,1600.0
ORD004859,2025-02-23,CUST1261,P015,1,0.0,UPI,Completed,2200,1400,2200,2200.0,1400,800.0
ORD004860,2025-12-12,CUST0974,P007,2,0.15,Debit Card,Completed,28000,22000,56000,47600.0,44000,3600.0
ORD004861,2026-06-08,CUST1017,P004,1,0.2,UPI,Completed,1500,950,1500,1200.0,950,250.0
ORD004862,2025-05-16,CUST0953,P014,1,0.1,Net Banking,Completed,2500,1600,2500,2250.0,1600,650.0
ORD004863,2025-11-26,CUST0904,P008,1,0.1,Debit Card,Completed,16000,12500,16000,14400.0,12500,1900.0
ORD004864,2025-05-24,CUST0072,P014,3,0.05,Credit Card,Completed,2500,1600,7500,7125.0,4800,2325.0
ORD004865,2026-03-12,CUST1691,P003,1,0.1,Credit Card,Completed,3000,2100,3000,2700.0,2100,600.0
ORD004866,2025-10-09,CUST1214,P001,1,0.15,Credit Card,Completed,65000,52000,65000,55250.0,52000,3250.0
ORD004867,2025-05-16,CUST1292,P005,1,0.1,Net Banking,Completed,4500,3000,4500,4050.0,3000,1050.0
ORD004868,2026-05-04,CUST1345,P014,4,0.0,Credit Card,Completed,2500,1600,10000,10000.0,6400,3600.0
ORD004869,2026-02-05,CUST0107,P002,2,0.0,UPI,Completed,18000,13500,36000,36000.0,27000,9000.0
ORD004870,2026-03-25,CUST1256,P003,2,0.05,Credit Card,Completed,3000,2100,6000,5700.0,4200,1500.0
ORD004871,2026-09-27,CUST1066,P014,2,0.0,Debit Card,Completed,2500,1600,5000,5000.0,3200,1800.0
ORD004872,2026-09-20,CUST1726,P006,1,0.15,Debit Card,Completed,35000,28500,35000,29750.0,28500,1250.0
ORD004873,2025-09-27,CUST0883,P003,2,0.1,Net Banking,Completed,3000,2100,6000,5400.0,4200,1200.0
ORD004874,2025-01-17,CUST0139,P003,1,0.1,Credit Card,Completed,3000,2100,3000,2700.0,2100,600.0
ORD004875,2025-09-26,CUST0615,P012,1,0.0,Credit Card,Completed,9000,6500,9000,9000.0,6500,2500.0
ORD004876,2026-04-27,CUST1707,P006,2,0.05,Credit Card,Completed,35000,28500,70000,66500.0,57000,9500.0
ORD004877,2025-08-07,CUST0863,P005,2,0.05,Net Banking,Completed,4500,3000,9000,8550.0,6000,2550.0
ORD004878,2025-11-15,CUST0273,P010,1,0.1,Cash,Completed,22000,16000,22000,19800.0,16000,3800.0
ORD004879,2025-08-26,CUST1505,P009,1,0.05,Cash,Completed,12000,8500,12000,11400.0,8500,2900.0
ORD004880,2026-06-29,CUST0416,P001,3,0.2,UPI,Completed,65000,52000,195000,156000.0,156000,0.0
ORD004881,2025-10-12,CUST0506,P013,2,0.1,Credit Card,Completed,6000,4200,12000,10800.0,8400,2400.0
ORD004882,2025-02-06,CUST0733,P003,1,0.1,UPI,Returned,3000,2100,3000,2700.0,2100,600.0
ORD004883,2025-04-13,CUST1749,P003,1,0.15,Credit Card,Completed,3000,2100,3000,2550.0,2100,450.0
ORD004884,2026-03-06,CUST0424,P011,3,0.2,UPI,Completed,4000,2600,12000,9600.0,7800,1800.0
ORD004885,2025-08-27,CUST1431,P006,3,0.0,UPI,Completed,35000,28500,105000,105000.0,85500,19500.0
ORD004886,2025-05-05,CUST1592,P008,5,0.1,Credit Card,Completed,16000,12500,80000,72000.0,62500,9500.0
ORD004887,2026-07-19,CUST0390,P003,1,0.0,Credit Card,Completed,3000,2100,3000,3000.0,2100,900.0
ORD004888,2026-08-23,CUST0342,P003,2,0.05,UPI,Completed,3000,2100,6000,5700.0,4200,1500.0
ORD004889,2026-09-02,CUST0946,P006,1,0.0,UPI,Completed,35000,28500,35000,35000.0,28500,6500.0
ORD004890,2026-08-30,CUST0614,P008,2,0.1,Debit Card,Completed,16000,12500,32000,28800.0,25000,3800.0
ORD004891,2025-07-07,CUST0493,P006,1,0.05,UPI,Completed,35000,28500,35000,33250.0,28500,4750.0
ORD004892,2025-09-13,CUST0192,P013,1,0.1,Debit Card,Completed,6000,4200,6000,5400.0,4200,1200.0
ORD004893,2026-08-08,CUST0499,P012,1,0.1,Credit Card,Completed,9000,6500,9000,8100.0,6500,1600.0
ORD004894,2026-06-14,CUST0822,P014,2,0.1,Net Banking,Completed,2500,1600,5000,4500.0,3200,1300.0
ORD004895,2026-01-27,CUST1736,P010,2,0.0,UPI,Completed,22000,16000,44000,44000.0,32000,12000.0
ORD004896,2026-04-13,CUST1257,P003,2,0.1,UPI,Completed,3000,2100,6000,5400.0,4200,1200.0
ORD004897,2025-09-10,CUST0227,P004,3,0.05,Debit Card,Completed,1500,950,4500,4275.0,2850,1425.0
ORD004898,2026-07-15,CUST1395,P001,2,0.05,Net Banking,Completed,65000,52000,130000,123500.0,104000,19500.0
ORD004899,2025-06-25,CUST0139,P013,1,0.2,UPI,Completed,6000,4200,6000,4800.0,4200,600.0
ORD004900,2026-04-11,CUST0856,P008,5,0.0,UPI,Completed,16000,12500,80000,80000.0,62500,17500.0
ORD004901,2026-07-31,CUST0817,P004,1,0.05,Net Banking,Completed,1500,950,1500,1425.0,950,475.0
ORD004902,2025-10-16,CUST1173,P006,1,0.1,UPI,Completed,35000,28500,35000,31500.0,28500,3000.0
ORD004903,2025-02-19,CUST1139,P011,5,0.0,UPI,Completed,4000,2600,20000,20000.0,13000,7000.0
ORD004904,2025-01-04,CUST1474,P003,1,0.05,Net Banking,Completed,3000,2100,3000,2850.0,2100,750.0
ORD004905,2026-09-23,CUST1087,P011,2,0.1,Net Banking,Completed,4000,2600,8000,7200.0,5200,2000.0
ORD004906,2026-05-15,CUST0104,P012,1,0.0,UPI,Completed,9000,6500,9000,9000.0,6500,2500.0
ORD004907,2025-08-11,CUST0871,P011,2,0.05,Cash,Completed,4000,2600,8000,7600.0,5200,2400.0
ORD004908,2025-09-19,CUST0668,P006,2,0.1,Credit Card,Completed,35000,28500,70000,63000.0,57000,6000.0
ORD004909,2026-06-19,CUST0273,P012,1,0.1,UPI,Completed,9000,6500,9000,8100.0,6500,1600.0
ORD004910,2026-01-11,CUST1030,P011,2,0.1,Debit Card,Completed,4000,2600,8000,7200.0,5200,2000.0
ORD004911,2025-03-02,CUST1171,P009,2,0.15,Credit Card,Completed,12000,8500,24000,20400.0,17000,3400.0
ORD004912,2025-12-22,CUST0184,P009,1,0.05,Credit Card,Completed,12000,8500,12000,11400.0,8500,2900.0
ORD004913,2025-01-24,CUST1052,P010,1,0.1,Cash,Completed,22000,16000,22000,19800.0,16000,3800.0
ORD004914,2025-10-20,CUST1574,P003,1,0.1,UPI,Completed,3000,2100,3000,2700.0,2100,600.0
ORD004915,2026-07-11,CUST1143,P003,3,0.0,Debit Card,Completed,3000,2100,9000,9000.0,6300,2700.0
ORD004916,2025-12-22,CUST0293,P004,2,0.2,Credit Card,Completed,1500,950,3000,2400.0,1900,500.0
ORD004917,2026-07-29,CUST1395,P012,3,0.15,UPI,Cancelled,9000,6500,27000,22950.0,19500,3450.0
ORD004918,2025-01-29,CUST1268,P007,1,0.0,Debit Card,Completed,28000,22000,28000,28000.0,22000,6000.0
ORD004919,2025-12-23,CUST1604,P003,1,0.1,Debit Card,Completed,3000,2100,3000,2700.0,2100,600.0
ORD004920,2025-12-31,CUST1750,P010,1,0.1,Net Banking,Completed,22000,16000,22000,19800.0,16000,3800.0
ORD004921,2026-08-31,CUST1242,P008,1,0.05,Net Banking,Completed,16000,12500,16000,15200.0,12500,2700.0
ORD004922,2026-02-13,CUST0177,P011,2,0.15,Credit Card,Completed,4000,2600,8000,6800.0,5200,1600.0
ORD004923,2025-09-23,CUST1323,P008,5,0.1,UPI,Completed,16000,12500,80000,72000.0,62500,9500.0
ORD004924,2025-10-18,CUST1700,P006,1,0.1,Credit Card,Completed,35000,28500,35000,31500.0,28500,3000.0
ORD004925,2026-07-21,CUST0058,P004,4,0.0,Credit Card,Completed,1500,950,6000,6000.0,3800,2200.0
ORD004926,2025-06-02,CUST1293,P011,1,0.05,UPI,Completed,4000,2600,4000,3800.0,2600,1200.0
ORD004927,2025-08-07,CUST0308,P012,4,0.05,Credit Card,Completed,9000,6500,36000,34200.0,26000,8200.0
ORD004928,2025-06-22,CUST1594,P011,1,0.1,Debit Card,Completed,4000,2600,4000,3600.0,2600,1000.0
ORD004929,2026-08-31,CUST1312,P005,4,0.1,Credit Card,Completed,4500,3000,18000,16200.0,12000,4200.0
ORD004930,2026-09-27,CUST0977,P012,1,0.0,Cash,Returned,9000,6500,9000,9000.0,6500,2500.0
ORD004931,2025-01-12,CUST1129,P002,4,0.0,UPI,Completed,18000,13500,72000,72000.0,54000,18000.0
ORD004932,2026-05-31,CUST1252,P013,1,0.05,Credit Card,Completed,6000,4200,6000,5700.0,4200,1500.0
ORD004933,2025-12-28,CUST1271,P006,1,0.1,Debit Card,Completed,35000,28500,35000,31500.0,28500,3000.0
ORD004934,2026-08-02,CUST0700,P003,2,0.1,Debit Card,Completed,3000,2100,6000,5400.0,4200,1200.0
ORD004935,2026-04-22,CUST1518,P015,1,0.05,UPI,Completed,2200,1400,2200,2090.0,1400,690.0
ORD004936,2026-07-31,CUST0083,P006,2,0.0,UPI,Cancelled,35000,28500,70000,70000.0,57000,13000.0
ORD004937,2025-03-23,CUST1210,P012,5,0.0,UPI,Returned,9000,6500,45000,45000.0,32500,12500.0
ORD004938,2026-09-09,CUST0252,P005,2,0.0,Net Banking,Completed,4500,3000,9000,9000.0,6000,3000.0
ORD004939,2025-12-06,CUST1379,P014,2,0.1,Net Banking,Completed,2500,1600,5000,4500.0,3200,1300.0
ORD004940,2026-03-17,CUST1774,P002,1,0.0,UPI,Completed,18000,13500,18000,18000.0,13500,4500.0
ORD004941,2026-09-09,CUST1720,P015,2,0.05,UPI,Completed,2200,1400,4400,4180.0,2800,1380.0
ORD004942,2025-08-14,CUST0796,P012,1,0.1,UPI,Completed,9000,6500,9000,8100.0,6500,1600.0
ORD004943,2026-01-06,CUST0897,P013,3,0.2,UPI,Completed,6000,4200,18000,14400.0,12600,1800.0
ORD004944,2025-01-28,CUST0210,P014,1,0.2,UPI,Returned,2500,1600,2500,2000.0,1600,400.0
ORD004945,2025-01-16,CUST0816,P005,2,0.2,UPI,Completed,4500,3000,9000,7200.0,6000,1200.0
ORD004946,2025-10-04,CUST0609,P005,1,0.1,Credit Card,Completed,4500,3000,4500,4050.0,3000,1050.0
ORD004947,2025-11-29,CUST0447,P014,1,0.1,UPI,Returned,2500,1600,2500,2250.0,1600,650.0
ORD004948,2026-04-28,CUST0460,P009,1,0.1,Credit Card,Completed,12000,8500,12000,10800.0,8500,2300.0
ORD004949,2026-07-20,CUST0968,P011,1,0.15,UPI,Completed,4000,2600,4000,3400.0,2600,800.0
ORD004950,2025-10-15,CUST0472,P008,1,0.2,Net Banking,Completed,16000,12500,16000,12800.0,12500,300.0
ORD004951,2025-04-24,CUST1744,P012,1,0.05,Cash,Completed,9000,6500,9000,8550.0,6500,2050.0
ORD004952,2025-02-07,CUST0370,P012,3,0.05,Credit Card,Completed,9000,6500,27000,25650.0,19500,6150.0
ORD004953,2026-03-30,CUST0900,P007,1,0.05,UPI,Completed,28000,22000,28000,26600.0,22000,4600.0
ORD004954,2025-06-15,CUST1516,P015,3,0.1,UPI,Completed,2200,1400,6600,5940.0,4200,1740.0
ORD004955,2025-07-24,CUST0923,P015,1,0.1,UPI,Completed,2200,1400,2200,1980.0,1400,580.0
ORD004956,2025-09-02,CUST0137,P012,1,0.15,UPI,Cancelled,9000,6500,9000,7650.0,6500,1150.0
ORD004957,2025-11-29,CUST0367,P013,2,0.05,Debit Card,Completed,6000,4200,12000,11400.0,8400,3000.0
ORD004958,2026-01-31,CUST0912,P015,2,0.05,Credit Card,Completed,2200,1400,4400,4180.0,2800,1380.0
ORD004959,2026-05-22,CUST0184,P014,2,0.2,UPI,Completed,2500,1600,5000,4000.0,3200,800.0
ORD004960,2025-05-01,CUST1612,P003,2,0.0,Debit Card,Completed,3000,2100,6000,6000.0,4200,1800.0
ORD004961,2025-09-16,CUST1311,P010,1,0.0,UPI,Completed,22000,16000,22000,22000.0,16000,6000.0
ORD004962,2026-02-14,CUST0472,P004,2,0.1,UPI,Completed,1500,950,3000,2700.0,1900,800.0
ORD004963,2025-11-06,CUST1399,P006,2,0.0,Debit Card,Completed,35000,28500,70000,70000.0,57000,13000.0
ORD004964,2025-03-09,CUST0654,P003,1,0.05,UPI,Completed,3000,2100,3000,2850.0,2100,750.0
ORD004965,2025-04-24,CUST0749,P011,3,0.0,Debit Card,Completed,4000,2600,12000,12000.0,7800,4200.0
ORD004966,2025-08-08,CUST0537,P009,2,0.0,Cash,Completed,12000,8500,24000,24000.0,17000,7000.0
ORD004967,2025-08-08,CUST1535,P008,1,0.05,Net Banking,Completed,16000,12500,16000,15200.0,12500,2700.0
ORD004968,2026-04-18,CUST0802,P006,3,0.05,UPI,Completed,35000,28500,105000,99750.0,85500,14250.0
ORD004969,2026-01-21,CUST1603,P004,4,0.05,Credit Card,Completed,1500,950,6000,5700.0,3800,1900.0
ORD004970,2025-10-25,CUST1274,P007,2,0.0,Credit Card,Completed,28000,22000,56000,56000.0,44000,12000.0
ORD004971,2026-08-29,CUST0920,P013,1,0.1,Cash,Cancelled,6000,4200,6000,5400.0,4200,1200.0
ORD004972,2025-09-10,CUST0510,P015,4,0.0,Cash,Completed,2200,1400,8800,8800.0,5600,3200.0
ORD004973,2026-02-09,CUST0630,P011,1,0.0,UPI,Completed,4000,2600,4000,4000.0,2600,1400.0
ORD004974,2026-05-07,CUST1002,P003,1,0.0,Net Banking,Completed,3000,2100,3000,3000.0,2100,900.0
ORD004975,2025-12-23,CUST1097,P010,1,0.05,UPI,Completed,22000,16000,22000,20900.0,16000,4900.0
ORD004976,2026-03-04,CUST1306,P015,2,0.05,UPI,Completed,2200,1400,4400,4180.0,2800,1380.0
ORD004977,2025-08-03,CUST0916,P008,4,0.05,Credit Card,Completed,16000,12500,64000,60800.0,50000,10800.0
ORD004978,2026-01-15,CUST1384,P001,2,0.2,UPI,Completed,65000,52000,130000,104000.0,104000,0.0
ORD004979,2025-08-02,CUST1034,P003,4,0.15,Net Banking,Completed,3000,2100,12000,10200.0,8400,1800.0
ORD004980,2025-04-08,CUST1235,P011,1,0.1,UPI,Completed,4000,2600,4000,3600.0,2600,1000.0
ORD004981,2026-06-12,CUST0152,P005,1,0.0,Net Banking,Completed,4500,3000,4500,4500.0,3000,1500.0
ORD004982,2026-06-12,CUST1029,P005,2,0.1,Cash,Completed,4500,3000,9000,8100.0,6000,2100.0
ORD004983,2026-09-12,CUST1219,P010,4,0.0,Net Banking,Completed,22000,16000,88000,88000.0,64000,24000.0
ORD004984,2026-06-19,CUST1307,P014,2,0.1,UPI,Completed,2500,1600,5000,4500.0,3200,1300.0
ORD004985,2026-07-08,CUST0464,P002,1,0.05,Debit Card,Completed,18000,13500,18000,17100.0,13500,3600.0
ORD004986,2026-07-03,CUST1137,P010,1,0.1,Credit Card,Completed,22000,16000,22000,19800.0,16000,3800.0
ORD004987,2025-11-24,CUST0271,P008,1,0.15,Net Banking,Completed,16000,12500,16000,13600.0,12500,1100.0
ORD004988,2025-06-14,CUST1187,P005,1,0.05,UPI,Completed,4500,3000,4500,4275.0,3000,1275.0
ORD004989,2025-04-26,CUST0460,P007,1,0.05,Debit Card,Completed,28000,22000,28000,26600.0,22000,4600.0
ORD004990,2025-05-30,CUST0105,P015,4,0.05,Debit Card,Completed,2200,1400,8800,8360.0,5600,2760.0
ORD004991,2026-06-02,CUST1717,P007,2,0.0,Debit Card,Completed,28000,22000,56000,56000.0,44000,12000.0
ORD004992,2025-02-01,CUST1580,P014,2,0.15,Cash,Completed,2500,1600,5000,4250.0,3200,1050.0
ORD004993,2025-10-20,CUST1306,P005,1,0.05,UPI,Completed,4500,3000,4500,4275.0,3000,1275.0
ORD004994,2025-06-26,CUST1711,P008,1,0.0,UPI,Completed,16000,12500,16000,16000.0,12500,3500.0
ORD004995,2025-03-02,CUST0162,P009,2,0.1,Credit Card,Completed,12000,8500,24000,21600.0,17000,4600.0
ORD004996,2026-08-12,CUST0351,P004,3,0.0,UPI,Completed,1500,950,4500,4500.0,2850,1650.0
ORD004997,2026-02-20,CUST0434,P004,2,0.0,UPI,Completed,1500,950,3000,3000.0,1900,1100.0
ORD004998,2026-01-18,CUST0852,P008,3,0.05,UPI,Completed,16000,12500,48000,45600.0,37500,8100.0
ORD004999,2026-08-21,CUST0140,P001,3,0.1,Net Banking,Completed,65000,52000,195000,175500.0,156000,19500.0
ORD005000,2025-01-07,CUST1495,P015,1,0.05,Net Banking,Completed,2200,1400,2200,2090.0,1400,690.0
ORD005001,2025-03-26,CUST1156,P004,1,0.1,UPI,Completed,1500,950,1500,1350.0,950,400.0
ORD005002,2026-02-02,CUST0087,P006,2,0.0,UPI,Completed,35000,28500,70000,70000.0,57000,13000.0
ORD005003,2026-01-28,CUST1712,P013,1,0.05,UPI,Completed,6000,4200,6000,5700.0,4200,1500.0
ORD005004,2025-02-16,CUST0183,P004,1,0.05,Credit Card,Completed,1500,950,1500,1425.0,950,475.0
ORD005005,2025-12-07,CUST0368,P006,1,0.2,Net Banking,Completed,35000,28500,35000,28000.0,28500,-500.0
ORD005006,2026-05-13,CUST0129,P005,1,0.0,UPI,Completed,4500,3000,4500,4500.0,3000,1500.0
ORD005007,2026-08-29,CUST1270,P014,4,0.0,Debit Card,Completed,2500,1600,10000,10000.0,6400,3600.0
ORD005008,2026-04-23,CUST1625,P009,1,0.15,UPI,Completed,12000,8500,12000,10200.0,8500,1700.0
ORD005009,2026-03-02,CUST1602,P010,1,0.2,Cash,Completed,22000,16000,22000,17600.0,16000,1600.0
ORD005010,2026-03-02,CUST0670,P009,2,0.1,Net Banking,Completed,12000,8500,24000,21600.0,17000,4600.0
ORD005011,2026-05-30,CUST1402,P004,2,0.0,Net Banking,Completed,1500,950,3000,3000.0,1900,1100.0
ORD005012,2025-05-09,CUST0149,P013,2,0.05,UPI,Cancelled,6000,4200,12000,11400.0,8400,3000.0
ORD005013,2025-09-06,CUST0985,P014,4,0.05,Credit Card,Completed,2500,1600,10000,9500.0,6400,3100.0
ORD005014,2025-05-11,CUST0852,P004,3,0.1,UPI,Completed,1500,950,4500,4050.0,2850,1200.0
ORD005015,2025-11-19,CUST1457,P012,2,0.0,Debit Card,Completed,9000,6500,18000,18000.0,13000,5000.0
ORD005016,2026-06-27,CUST0628,P008,1,0.0,UPI,Completed,16000,12500,16000,16000.0,12500,3500.0
ORD005017,2025-03-07,CUST1750,P010,1,0.05,Debit Card,Completed,22000,16000,22000,20900.0,16000,4900.0
ORD005018,2025-04-11,CUST1493,P015,2,0.0,Debit Card,Completed,2200,1400,4400,4400.0,2800,1600.0
ORD005019,2025-01-31,CUST0446,P004,3,0.1,Credit Card,Completed,1500,950,4500,4050.0,2850,1200.0
ORD005020,2025-07-10,CUST1505,P002,4,0.1,Net Banking,Completed,18000,13500,72000,64800.0,54000,10800.0
ORD005021,2026-08-01,CUST0884,P013,2,0.1,Credit Card,Completed,6000,4200,12000,10800.0,8400,2400.0
ORD005022,2026-02-19,CUST0294,P013,2,0.05,UPI,Completed,6000,4200,12000,11400.0,8400,3000.0
ORD005023,2026-05-15,CUST1789,P014,1,0.15,Debit Card,Completed,2500,1600,2500,2125.0,1600,525.0
ORD005024,2026-08-18,CUST1167,P015,1,0.0,Cash,Completed,2200,1400,2200,2200.0,1400,800.0
ORD005025,2025-02-15,CUST0250,P002,1,0.0,Debit Card,Returned,18000,13500,18000,18000.0,13500,4500.0
ORD005026,2025-03-30,CUST0878,P001,1,0.05,Debit Card,Completed,65000,52000,65000,61750.0,52000,9750.0
ORD005027,2026-01-10,CUST0948,P005,1,0.0,Net Banking,Completed,4500,3000,4500,4500.0,3000,1500.0
ORD005028,2025-09-03,CUST0975,P015,1,0.0,Credit Card,Completed,2200,1400,2200,2200.0,1400,800.0
ORD005029,2026-07-12,CUST1326,P006,2,0.05,Cash,Completed,35000,28500,70000,66500.0,57000,9500.0
ORD005030,2025-09-14,CUST1049,P009,2,0.15,UPI,Cancelled,12000,8500,24000,20400.0,17000,3400.0
ORD005031,2025-12-18,CUST0789,P005,2,0.15,Credit Card,Completed,4500,3000,9000,7650.0,6000,1650.0
ORD005032,2026-07-27,CUST0984,P013,1,0.05,UPI,Completed,6000,4200,6000,5700.0,4200,1500.0
ORD005033,2025-04-15,CUST0889,P006,1,0.0,Credit Card,Completed,35000,28500,35000,35000.0,28500,6500.0
ORD005034,2025-12-03,CUST0890,P006,4,0.0,UPI,Completed,35000,28500,140000,140000.0,114000,26000.0
ORD005035,2026-06-10,CUST0070,P003,1,0.05,UPI,Completed,3000,2100,3000,2850.0,2100,750.0
ORD005036,2025-10-28,CUST0625,P012,4,0.0,UPI,Completed,9000,6500,36000,36000.0,26000,10000.0
ORD005037,2025-03-18,CUST0875,P004,1,0.0,UPI,Completed,1500,950,1500,1500.0,950,550.0
ORD005038,2026-05-26,CUST1136,P001,2,0.1,UPI,Completed,65000,52000,130000,117000.0,104000,13000.0
ORD005039,2025-08-18,CUST1388,P004,1,0.05,Net Banking,Completed,1500,950,1500,1425.0,950,475.0
ORD005040,2026-08-01,CUST1327,P001,1,0.0,UPI,Completed,65000,52000,65000,65000.0,52000,13000.0
ORD005041,2025-02-01,CUST0471,P015,1,0.1,Credit Card,Completed,2200,1400,2200,1980.0,1400,580.0
ORD005042,2026-08-31,CUST0091,P005,2,0.1,UPI,Completed,4500,3000,9000,8100.0,6000,2100.0
ORD005043,2025-02-27,CUST0530,P011,1,0.05,UPI,Completed,4000,2600,4000,3800.0,2600,1200.0
ORD005044,2025-04-14,CUST0661,P011,2,0.0,Net Banking,Completed,4000,2600,8000,8000.0,5200,2800.0
ORD005045,2025-11-08,CUST0739,P008,1,0.15,Net Banking,Completed,16000,12500,16000,13600.0,12500,1100.0
ORD005046,2025-03-08,CUST0726,P008,1,0.1,Net Banking,Completed,16000,12500,16000,14400.0,12500,1900.0
ORD005047,2026-01-09,CUST0872,P005,4,0.0,Credit Card,Completed,4500,3000,18000,18000.0,12000,6000.0
ORD005048,2025-08-23,CUST1687,P014,3,0.1,UPI,Returned,2500,1600,7500,6750.0,4800,1950.0
ORD005049,2025-04-22,CUST0192,P010,2,0.05,UPI,Completed,22000,16000,44000,41800.0,32000,9800.0
ORD005050,2026-01-24,CUST1576,P002,1,0.1,Debit Card,Cancelled,18000,13500,18000,16200.0,13500,2700.0
ORD005051,2026-02-12,CUST1266,P012,1,0.05,Net Banking,Completed,9000,6500,9000,8550.0,6500,2050.0
ORD005052,2025-02-23,CUST0138,P006,4,0.05,Net Banking,Completed,35000,28500,140000,133000.0,114000,19000.0
ORD005053,2025-08-27,CUST0345,P001,1,0.1,UPI,Completed,65000,52000,65000,58500.0,52000,6500.0
ORD005054,2025-10-22,CUST1204,P007,3,0.1,UPI,Completed,28000,22000,84000,75600.0,66000,9600.0
ORD005055,2025-04-22,CUST1009,P011,1,0.0,UPI,Completed,4000,2600,4000,4000.0,2600,1400.0
ORD005056,2025-03-29,CUST1736,P004,5,0.0,Debit Card,Completed,1500,950,7500,7500.0,4750,2750.0
ORD005057,2026-04-21,CUST0503,P005,1,0.0,UPI,Cancelled,4500,3000,4500,4500.0,3000,1500.0
ORD005058,2025-10-31,CUST0203,P006,1,0.05,Credit Card,Completed,35000,28500,35000,33250.0,28500,4750.0
ORD005059,2025-11-01,CUST0573,P011,2,0.0,Net Banking,Completed,4000,2600,8000,8000.0,5200,2800.0
ORD005060,2025-10-17,CUST0192,P001,4,0.1,Debit Card,Completed,65000,52000,260000,234000.0,208000,26000.0
ORD005061,2025-07-27,CUST0005,P009,5,0.0,UPI,Completed,12000,8500,60000,60000.0,42500,17500.0
ORD005062,2026-08-05,CUST1261,P010,2,0.1,UPI,Completed,22000,16000,44000,39600.0,32000,7600.0
ORD005063,2026-01-05,CUST1717,P004,2,0.1,Net Banking,Completed,1500,950,3000,2700.0,1900,800.0
ORD005064,2025-08-08,CUST0311,P008,2,0.0,Credit Card,Completed,16000,12500,32000,32000.0,25000,7000.0
ORD005065,2025-08-19,CUST0549,P005,2,0.1,Debit Card,Completed,4500,3000,9000,8100.0,6000,2100.0
ORD005066,2025-12-15,CUST0056,P011,3,0.2,UPI,Completed,4000,2600,12000,9600.0,7800,1800.0
ORD005067,2025-09-12,CUST0443,P008,2,0.0,Net Banking,Completed,16000,12500,32000,32000.0,25000,7000.0
ORD005068,2026-03-28,CUST1261,P015,2,0.15,Debit Card,Completed,2200,1400,4400,3740.0,2800,940.0
ORD005069,2025-05-22,CUST0870,P001,2,0.1,Net Banking,Completed,65000,52000,130000,117000.0,104000,13000.0
ORD005070,2025-03-10,CUST1221,P008,2,0.05,UPI,Completed,16000,12500,32000,30400.0,25000,5400.0
ORD005071,2025-03-30,CUST0585,P011,3,0.0,UPI,Completed,4000,2600,12000,12000.0,7800,4200.0
ORD005072,2025-05-16,CUST1595,P013,1,0.1,UPI,Completed,6000,4200,6000,5400.0,4200,1200.0
ORD005073,2026-06-07,CUST0752,P011,1,0.05,Net Banking,Completed,4000,2600,4000,3800.0,2600,1200.0
ORD005074,2026-03-18,CUST1538,P004,1,0.1,UPI,Completed,1500,950,1500,1350.0,950,400.0
ORD005075,2025-02-07,CUST1473,P002,1,0.1,UPI,Returned,18000,13500,18000,16200.0,13500,2700.0
ORD005076,2025-07-27,CUST0360,P011,2,0.05,UPI,Completed,4000,2600,8000,7600.0,5200,2400.0
ORD005077,2025-07-29,CUST1724,P006,4,0.0,Debit Card,Completed,35000,28500,140000,140000.0,114000,26000.0
ORD005078,2026-05-28,CUST0819,P002,2,0.0,Net Banking,Completed,18000,13500,36000,36000.0,27000,9000.0
ORD005079,2025-12-26,CUST0030,P005,3,0.0,Net Banking,Completed,4500,3000,13500,13500.0,9000,4500.0
ORD005080,2026-07-31,CUST0108,P002,1,0.15,Credit Card,Completed,18000,13500,18000,15300.0,13500,1800.0
ORD005081,2025-01-01,CUST0844,P003,4,0.0,Cash,Completed,3000,2100,12000,12000.0,8400,3600.0
ORD005082,2026-01-16,CUST1626,P011,2,0.05,UPI,Completed,4000,2600,8000,7600.0,5200,2400.0
ORD005083,2026-06-21,CUST0717,P006,1,0.0,Net Banking,Completed,35000,28500,35000,35000.0,28500,6500.0
ORD005084,2026-01-29,CUST0891,P001,2,0.15,Credit Card,Completed,65000,52000,130000,110500.0,104000,6500.0
ORD005085,2025-02-19,CUST0960,P006,4,0.05,Credit Card,Completed,35000,28500,140000,133000.0,114000,19000.0
ORD005086,2026-01-31,CUST1469,P003,1,0.2,UPI,Completed,3000,2100,3000,2400.0,2100,300.0
ORD005087,2025-02-01,CUST0893,P007,2,0.1,UPI,Completed,28000,22000,56000,50400.0,44000,6400.0
ORD005088,2026-06-29,CUST1462,P002,4,0.15,UPI,Completed,18000,13500,72000,61200.0,54000,7200.0
ORD005089,2025-08-22,CUST0732,P014,1,0.0,UPI,Completed,2500,1600,2500,2500.0,1600,900.0
ORD005090,2025-01-26,CUST0606,P006,2,0.0,Credit Card,Completed,35000,28500,70000,70000.0,57000,13000.0
ORD005091,2026-07-08,CUST0457,P008,1,0.0,UPI,Completed,16000,12500,16000,16000.0,12500,3500.0
ORD005092,2026-03-10,CUST0615,P015,1,0.05,UPI,Completed,2200,1400,2200,2090.0,1400,690.0
ORD005093,2025-03-02,CUST1759,P015,2,0.1,Net Banking,Completed,2200,1400,4400,3960.0,2800,1160.0
ORD005094,2026-07-07,CUST0698,P015,1,0.0,Net Banking,Completed,2200,1400,2200,2200.0,1400,800.0
ORD005095,2026-03-17,CUST1720,P001,2,0.0,Cash,Completed,65000,52000,130000,130000.0,104000,26000.0
ORD005096,2025-05-10,CUST1519,P011,1,0.1,Debit Card,Completed,4000,2600,4000,3600.0,2600,1000.0
ORD005097,2025-12-20,CUST0674,P011,1,0.0,Debit Card,Completed,4000,2600,4000,4000.0,2600,1400.0
ORD005098,2025-07-17,CUST1271,P013,2,0.05,Net Banking,Completed,6000,4200,12000,11400.0,8400,3000.0
ORD005099,2026-01-06,CUST0543,P009,1,0.0,Debit Card,Completed,12000,8500,12000,12000.0,8500,3500.0
ORD005100,2025-05-27,CUST1588,P005,1,0.1,UPI,Completed,4500,3000,4500,4050.0,3000,1050.0
ORD005101,2026-05-13,CUST0857,P005,3,0.05,UPI,Completed,4500,3000,13500,12825.0,9000,3825.0
ORD005102,2025-02-17,CUST1612,P013,4,0.1,UPI,Completed,6000,4200,24000,21600.0,16800,4800.0
ORD005103,2025-06-21,CUST0897,P012,3,0.0,Net Banking,Completed,9000,6500,27000,27000.0,19500,7500.0
ORD005104,2026-09-05,CUST1463,P005,2,0.0,Debit Card,Completed,4500,3000,9000,9000.0,6000,3000.0
ORD005105,2025-11-11,CUST0278,P006,3,0.1,Credit Card,Completed,35000,28500,105000,94500.0,85500,9000.0
ORD005106,2026-01-11,CUST0552,P002,4,0.1,UPI,Completed,18000,13500,72000,64800.0,54000,10800.0
ORD005107,2026-06-17,CUST1637,P006,1,0.05,UPI,Completed,35000,28500,35000,33250.0,28500,4750.0
ORD005108,2026-02-24,CUST0111,P014,1,0.1,Debit Card,Completed,2500,1600,2500,2250.0,1600,650.0
ORD005109,2026-01-31,CUST0385,P011,1,0.0,Credit Card,Completed,4000,2600,4000,4000.0,2600,1400.0
ORD005110,2026-06-06,CUST0761,P004,1,0.15,Credit Card,Completed,1500,950,1500,1275.0,950,325.0
ORD005111,2025-07-06,CUST1215,P008,4,0.1,UPI,Completed,16000,12500,64000,57600.0,50000,7600.0
ORD005112,2025-02-02,CUST1514,P013,2,0.05,Debit Card,Returned,6000,4200,12000,11400.0,8400,3000.0
ORD005113,2025-03-10,CUST0694,P011,2,0.15,Cash,Completed,4000,2600,8000,6800.0,5200,1600.0
ORD005114,2026-08-15,CUST1450,P009,1,0.0,Net Banking,Completed,12000,8500,12000,12000.0,8500,3500.0
ORD005115,2025-07-10,CUST0405,P009,1,0.1,UPI,Returned,12000,8500,12000,10800.0,8500,2300.0
ORD005116,2025-04-11,CUST1359,P008,1,0.2,Credit Card,Completed,16000,12500,16000,12800.0,12500,300.0
ORD005117,2026-04-30,CUST1233,P003,4,0.0,UPI,Completed,3000,2100,12000,12000.0,8400,3600.0
ORD005118,2025-10-12,CUST0022,P010,1,0.0,Credit Card,Completed,22000,16000,22000,22000.0,16000,6000.0
ORD005119,2026-01-25,CUST0678,P011,3,0.1,Debit Card,Completed,4000,2600,12000,10800.0,7800,3000.0
ORD005120,2026-07-19,CUST0611,P011,1,0.0,UPI,Completed,4000,2600,4000,4000.0,2600,1400.0
ORD005121,2025-06-09,CUST1232,P004,2,0.15,Net Banking,Completed,1500,950,3000,2550.0,1900,650.0
ORD005122,2026-07-08,CUST0008,P001,2,0.0,Credit Card,Completed,65000,52000,130000,130000.0,104000,26000.0
ORD005123,2025-02-16,CUST0702,P009,3,0.1,Cash,Completed,12000,8500,36000,32400.0,25500,6900.0
ORD005124,2025-06-08,CUST1711,P005,1,0.05,UPI,Cancelled,4500,3000,4500,4275.0,3000,1275.0
ORD005125,2026-03-22,CUST0529,P006,1,0.0,UPI,Completed,35000,28500,35000,35000.0,28500,6500.0
ORD005126,2026-06-07,CUST0602,P003,1,0.15,Debit Card,Returned,3000,2100,3000,2550.0,2100,450.0
ORD005127,2025-06-04,CUST1677,P011,4,0.1,Debit Card,Completed,4000,2600,16000,14400.0,10400,4000.0
ORD005128,2025-12-05,CUST0657,P010,1,0.0,Credit Card,Completed,22000,16000,22000,22000.0,16000,6000.0
ORD005129,2025-12-31,CUST0166,P008,1,0.0,Cash,Completed,16000,12500,16000,16000.0,12500,3500.0
ORD005130,2026-07-28,CUST0849,P015,2,0.1,Credit Card,Completed,2200,1400,4400,3960.0,2800,1160.0
ORD005131,2025-05-28,CUST0496,P007,2,0.1,Credit Card,Completed,28000,22000,56000,50400.0,44000,6400.0
ORD005132,2025-05-24,CUST0590,P001,3,0.1,Net Banking,Completed,65000,52000,195000,175500.0,156000,19500.0
ORD005133,2025-04-13,CUST0429,P010,4,0.1,Credit Card,Completed,22000,16000,88000,79200.0,64000,15200.0
ORD005134,2025-04-03,CUST0774,P012,2,0.0,Credit Card,Completed,9000,6500,18000,18000.0,13000,5000.0
ORD005135,2025-10-13,CUST0163,P005,4,0.15,Debit Card,Completed,4500,3000,18000,15300.0,12000,3300.0
ORD005136,2026-02-28,CUST0366,P010,2,0.1,Debit Card,Completed,22000,16000,44000,39600.0,32000,7600.0
ORD005137,2025-04-29,CUST1550,P009,1,0.05,UPI,Completed,12000,8500,12000,11400.0,8500,2900.0
ORD005138,2025-01-29,CUST1263,P012,4,0.05,UPI,Returned,9000,6500,36000,34200.0,26000,8200.0
ORD005139,2026-05-26,CUST0072,P011,2,0.05,Credit Card,Completed,4000,2600,8000,7600.0,5200,2400.0
ORD005140,2025-01-30,CUST1469,P012,1,0.1,UPI,Completed,9000,6500,9000,8100.0,6500,1600.0
ORD005141,2026-01-01,CUST0655,P006,2,0.1,Net Banking,Completed,35000,28500,70000,63000.0,57000,6000.0
ORD005142,2025-05-18,CUST1533,P008,1,0.15,UPI,Completed,16000,12500,16000,13600.0,12500,1100.0
ORD005143,2026-04-20,CUST0269,P010,1,0.05,UPI,Completed,22000,16000,22000,20900.0,16000,4900.0
ORD005144,2026-07-17,CUST1777,P001,2,0.1,Debit Card,Completed,65000,52000,130000,117000.0,104000,13000.0
ORD005145,2026-01-27,CUST0415,P010,3,0.15,Debit Card,Completed,22000,16000,66000,56100.0,48000,8100.0
ORD005146,2026-03-11,CUST1269,P011,2,0.0,Debit Card,Completed,4000,2600,8000,8000.0,5200,2800.0
ORD005147,2025-08-22,CUST1016,P007,1,0.05,Credit Card,Cancelled,28000,22000,28000,26600.0,22000,4600.0
ORD005148,2025-02-24,CUST0675,P003,4,0.1,Net Banking,Completed,3000,2100,12000,10800.0,8400,2400.0
ORD005149,2025-10-19,CUST1084,P009,1,0.15,Credit Card,Completed,12000,8500,12000,10200.0,8500,1700.0
ORD005150,2025-11-08,CUST0006,P006,1,0.0,Credit Card,Completed,35000,28500,35000,35000.0,28500,6500.0
ORD005151,2026-07-02,CUST1733,P005,1,0.0,Net Banking,Completed,4500,3000,4500,4500.0,3000,1500.0
ORD005152,2025-03-30,CUST0982,P008,1,0.0,UPI,Completed,16000,12500,16000,16000.0,12500,3500.0
ORD005153,2025-07-31,CUST0570,P008,1,0.0,Net Banking,Completed,16000,12500,16000,16000.0,12500,3500.0
ORD005154,2025-11-14,CUST0407,P012,2,0.0,Credit Card,Completed,9000,6500,18000,18000.0,13000,5000.0
ORD005155,2026-04-10,CUST1241,P012,3,0.05,Net Banking,Completed,9000,6500,27000,25650.0,19500,6150.0
ORD005156,2025-03-28,CUST0026,P003,5,0.15,UPI,Cancelled,3000,2100,15000,12750.0,10500,2250.0
ORD005157,2026-02-13,CUST1029,P002,3,0.1,Net Banking,Completed,18000,13500,54000,48600.0,40500,8100.0
ORD005158,2025-08-28,CUST0986,P015,1,0.0,Debit Card,Completed,2200,1400,2200,2200.0,1400,800.0
ORD005159,2025-02-26,CUST1556,P002,2,0.15,Debit Card,Completed,18000,13500,36000,30600.0,27000,3600.0
ORD005160,2025-04-23,CUST0390,P014,3,0.1,Credit Card,Completed,2500,1600,7500,6750.0,4800,1950.0
ORD005161,2025-03-11,CUST0710,P005,1,0.0,Cash,Completed,4500,3000,4500,4500.0,3000,1500.0
ORD005162,2025-07-03,CUST0571,P010,3,0.05,Credit Card,Completed,22000,16000,66000,62700.0,48000,14700.0
ORD005163,2025-10-03,CUST1472,P012,2,0.1,Credit Card,Completed,9000,6500,18000,16200.0,13000,3200.0
ORD005164,2025-08-21,CUST0754,P007,1,0.1,Net Banking,Completed,28000,22000,28000,25200.0,22000,3200.0
ORD005165,2025-02-23,CUST0146,P008,2,0.05,UPI,Completed,16000,12500,32000,30400.0,25000,5400.0
ORD005166,2025-09-14,CUST1412,P010,2,0.0,UPI,Completed,22000,16000,44000,44000.0,32000,12000.0
ORD005167,2025-03-31,CUST0785,P015,2,0.1,Debit Card,Completed,2200,1400,4400,3960.0,2800,1160.0
ORD005168,2026-03-11,CUST1273,P008,1,0.0,UPI,Completed,16000,12500,16000,16000.0,12500,3500.0
ORD005169,2026-09-17,CUST0526,P013,2,0.1,Net Banking,Cancelled,6000,4200,12000,10800.0,8400,2400.0
ORD005170,2026-02-12,CUST1486,P012,4,0.1,Debit Card,Cancelled,9000,6500,36000,32400.0,26000,6400.0
ORD005171,2025-09-26,CUST0013,P008,5,0.0,Credit Card,Completed,16000,12500,80000,80000.0,62500,17500.0
ORD005172,2026-01-01,CUST0903,P015,1,0.0,UPI,Completed,2200,1400,2200,2200.0,1400,800.0
ORD005173,2025-12-17,CUST0384,P010,1,0.0,Net Banking,Completed,22000,16000,22000,22000.0,16000,6000.0
ORD005174,2025-10-26,CUST0556,P012,2,0.0,Net Banking,Completed,9000,6500,18000,18000.0,13000,5000.0
ORD005175,2025-06-08,CUST0887,P011,1,0.0,Credit Card,Completed,4000,2600,4000,4000.0,2600,1400.0
ORD005176,2026-05-02,CUST1423,P003,1,0.1,Credit Card,Completed,3000,2100,3000,2700.0,2100,600.0
ORD005177,2026-06-10,CUST0019,P014,1,0.05,UPI,Completed,2500,1600,2500,2375.0,1600,775.0
ORD005178,2025-12-21,CUST0575,P011,3,0.05,Debit Card,Completed,4000,2600,12000,11400.0,7800,3600.0
ORD005179,2026-09-13,CUST1515,P002,3,0.1,Debit Card,Completed,18000,13500,54000,48600.0,40500,8100.0
ORD005180,2026-02-05,CUST0751,P013,2,0.1,UPI,Completed,6000,4200,12000,10800.0,8400,2400.0
ORD005181,2026-02-09,CUST1004,P004,1,0.15,Net Banking,Completed,1500,950,1500,1275.0,950,325.0
ORD005182,2025-04-06,CUST0419,P015,2,0.0,Net Banking,Completed,2200,1400,4400,4400.0,2800,1600.0
ORD005183,2026-07-24,CUST1361,P001,1,0.05,UPI,Completed,65000,52000,65000,61750.0,52000,9750.0
ORD005184,2026-01-27,CUST0419,P003,2,0.0,Debit Card,Completed,3000,2100,6000,6000.0,4200,1800.0
ORD005185,2025-12-18,CUST1636,P011,1,0.0,Net Banking,Completed,4000,2600,4000,4000.0,2600,1400.0
ORD005186,2026-07-30,CUST1699,P009,1,0.1,Cash,Completed,12000,8500,12000,10800.0,8500,2300.0
ORD005187,2026-09-25,CUST0122,P007,1,0.05,UPI,Completed,28000,22000,28000,26600.0,22000,4600.0
ORD005188,2025-10-15,CUST0432,P007,2,0.1,Credit Card,Completed,28000,22000,56000,50400.0,44000,6400.0
ORD005189,2026-06-07,CUST0044,P001,2,0.05,Cash,Completed,65000,52000,130000,123500.0,104000,19500.0
ORD005190,2025-06-11,CUST1341,P007,1,0.0,UPI,Completed,28000,22000,28000,28000.0,22000,6000.0
ORD005191,2026-09-09,CUST0381,P010,1,0.15,Credit Card,Completed,22000,16000,22000,18700.0,16000,2700.0
ORD005192,2025-07-01,CUST0145,P007,1,0.0,Credit Card,Completed,28000,22000,28000,28000.0,22000,6000.0
ORD005193,2026-07-03,CUST1351,P004,2,0.0,Debit Card,Cancelled,1500,950,3000,3000.0,1900,1100.0
ORD005194,2025-03-23,CUST0363,P007,1,0.0,UPI,Completed,28000,22000,28000,28000.0,22000,6000.0
ORD005195,2026-06-08,CUST1074,P008,1,0.2,Net Banking,Completed,16000,12500,16000,12800.0,12500,300.0
ORD005196,2025-01-04,CUST1089,P003,2,0.05,UPI,Completed,3000,2100,6000,5700.0,4200,1500.0
ORD005197,2026-05-10,CUST0355,P013,2,0.05,Debit Card,Completed,6000,4200,12000,11400.0,8400,3000.0
ORD005198,2026-07-09,CUST0800,P010,1,0.1,Credit Card,Completed,22000,16000,22000,19800.0,16000,3800.0
ORD005199,2025-02-20,CUST1188,P002,2,0.1,UPI,Completed,18000,13500,36000,32400.0,27000,5400.0
ORD005200,2025-09-18,CUST1165,P007,4,0.1,UPI,Completed,28000,22000,112000,100800.0,88000,12800.0
ORD005201,2025-05-14,CUST0826,P005,4,0.05,Cash,Completed,4500,3000,18000,17100.0,12000,5100.0
ORD005202,2026-08-22,CUST1152,P005,1,0.2,Credit Card,Completed,4500,3000,4500,3600.0,3000,600.0
ORD005203,2025-12-28,CUST0398,P014,3,0.1,Debit Card,Completed,2500,1600,7500,6750.0,4800,1950.0
ORD005204,2026-07-22,CUST0880,P005,2,0.05,Net Banking,Completed,4500,3000,9000,8550.0,6000,2550.0
ORD005205,2025-08-05,CUST0463,P015,5,0.05,UPI,Returned,2200,1400,11000,10450.0,7000,3450.0
ORD005206,2025-03-09,CUST1775,P007,1,0.15,Debit Card,Completed,28000,22000,28000,23800.0,22000,1800.0
ORD005207,2026-07-10,CUST0808,P009,3,0.1,UPI,Completed,12000,8500,36000,32400.0,25500,6900.0
ORD005208,2025-05-23,CUST0187,P011,3,0.1,Debit Card,Completed,4000,2600,12000,10800.0,7800,3000.0
ORD005209,2025-12-12,CUST1744,P008,2,0.1,UPI,Completed,16000,12500,32000,28800.0,25000,3800.0
ORD005210,2026-07-08,CUST0732,P006,3,0.05,Net Banking,Completed,35000,28500,105000,99750.0,85500,14250.0
ORD005211,2026-08-08,CUST1214,P007,1,0.0,Debit Card,Completed,28000,22000,28000,28000.0,22000,6000.0
ORD005212,2025-07-13,CUST1412,P009,1,0.0,Credit Card,Completed,12000,8500,12000,12000.0,8500,3500.0
ORD005213,2025-09-03,CUST0429,P014,1,0.05,Credit Card,Completed,2500,1600,2500,2375.0,1600,775.0
ORD005214,2025-11-10,CUST0858,P011,4,0.0,UPI,Completed,4000,2600,16000,16000.0,10400,5600.0
ORD005215,2026-01-19,CUST1308,P006,2,0.05,Net Banking,Completed,35000,28500,70000,66500.0,57000,9500.0
ORD005216,2025-10-04,CUST0237,P001,2,0.1,UPI,Completed,65000,52000,130000,117000.0,104000,13000.0
ORD005217,2025-03-13,CUST1218,P004,2,0.0,Credit Card,Cancelled,1500,950,3000,3000.0,1900,1100.0
ORD005218,2025-05-09,CUST1311,P008,1,0.0,UPI,Completed,16000,12500,16000,16000.0,12500,3500.0
ORD005219,2025-12-24,CUST0771,P007,1,0.1,Cash,Completed,28000,22000,28000,25200.0,22000,3200.0
ORD005220,2026-06-09,CUST0758,P003,2,0.1,Credit Card,Completed,3000,2100,6000,5400.0,4200,1200.0
ORD005221,2025-08-08,CUST0136,P010,5,0.0,UPI,Completed,22000,16000,110000,110000.0,80000,30000.0
ORD005222,2025-01-06,CUST0792,P003,1,0.1,Debit Card,Completed,3000,2100,3000,2700.0,2100,600.0
ORD005223,2026-09-16,CUST0171,P011,1,0.1,Cash,Completed,4000,2600,4000,3600.0,2600,1000.0
ORD005224,2025-08-16,CUST0159,P003,1,0.0,Debit Card,Completed,3000,2100,3000,3000.0,2100,900.0
ORD005225,2025-01-17,CUST0201,P012,1,0.05,Credit Card,Completed,9000,6500,9000,8550.0,6500,2050.0
ORD005226,2026-08-08,CUST1511,P015,1,0.0,UPI,Completed,2200,1400,2200,2200.0,1400,800.0
ORD005227,2025-01-12,CUST1581,P001,2,0.1,UPI,Completed,65000,52000,130000,117000.0,104000,13000.0
ORD005228,2026-08-21,CUST0962,P015,1,0.05,UPI,Completed,2200,1400,2200,2090.0,1400,690.0
ORD005229,2026-05-14,CUST1800,P010,1,0.05,Credit Card,Completed,22000,16000,22000,20900.0,16000,4900.0
ORD005230,2026-09-26,CUST0583,P001,3,0.15,Debit Card,Completed,65000,52000,195000,165750.0,156000,9750.0
ORD005231,2026-05-17,CUST1528,P006,4,0.0,Net Banking,Completed,35000,28500,140000,140000.0,114000,26000.0
ORD005232,2025-03-11,CUST0876,P014,1,0.0,Net Banking,Returned,2500,1600,2500,2500.0,1600,900.0
ORD005233,2025-04-18,CUST0371,P014,2,0.0,UPI,Completed,2500,1600,5000,5000.0,3200,1800.0
ORD005234,2025-07-20,CUST0103,P001,1,0.0,Debit Card,Completed,65000,52000,65000,65000.0,52000,13000.0
ORD005235,2025-02-21,CUST1002,P005,4,0.1,Credit Card,Completed,4500,3000,18000,16200.0,12000,4200.0
ORD005236,2026-07-03,CUST1149,P004,2,0.1,Credit Card,Completed,1500,950,3000,2700.0,1900,800.0
ORD005237,2026-09-21,CUST1337,P005,3,0.0,Credit Card,Cancelled,4500,3000,13500,13500.0,9000,4500.0
ORD005238,2025-09-16,CUST0976,P007,1,0.0,UPI,Returned,28000,22000,28000,28000.0,22000,6000.0
ORD005239,2026-04-27,CUST0798,P006,2,0.0,UPI,Completed,35000,28500,70000,70000.0,57000,13000.0
ORD005240,2025-09-21,CUST1482,P012,2,0.2,Credit Card,Completed,9000,6500,18000,14400.0,13000,1400.0
ORD005241,2025-10-30,CUST1254,P009,1,0.1,UPI,Completed,12000,8500,12000,10800.0,8500,2300.0
ORD005242,2026-07-30,CUST0658,P006,1,0.05,Credit Card,Completed,35000,28500,35000,33250.0,28500,4750.0
ORD005243,2026-07-08,CUST0882,P009,2,0.0,Credit Card,Completed,12000,8500,24000,24000.0,17000,7000.0
ORD005244,2026-07-09,CUST1221,P004,2,0.05,Net Banking,Completed,1500,950,3000,2850.0,1900,950.0
ORD005245,2025-05-05,CUST0733,P001,1,0.0,Net Banking,Completed,65000,52000,65000,65000.0,52000,13000.0
ORD005246,2025-09-27,CUST0423,P001,2,0.2,Cash,Completed,65000,52000,130000,104000.0,104000,0.0
ORD005247,2026-04-25,CUST0572,P010,1,0.1,Net Banking,Completed,22000,16000,22000,19800.0,16000,3800.0
ORD005248,2025-05-12,CUST1634,P007,1,0.1,Cash,Completed,28000,22000,28000,25200.0,22000,3200.0
ORD005249,2025-01-02,CUST0171,P013,2,0.05,Debit Card,Completed,6000,4200,12000,11400.0,8400,3000.0
ORD005250,2025-04-25,CUST1406,P013,1,0.05,Cash,Completed,6000,4200,6000,5700.0,4200,1500.0
ORD005251,2026-04-26,CUST0173,P013,1,0.0,Debit Card,Completed,6000,4200,6000,6000.0,4200,1800.0
ORD005252,2025-01-01,CUST0663,P003,1,0.0,Net Banking,Completed,3000,2100,3000,3000.0,2100,900.0
ORD005253,2025-11-27,CUST0453,P002,2,0.05,UPI,Completed,18000,13500,36000,34200.0,27000,7200.0
ORD005254,2026-07-31,CUST0350,P014,1,0.0,Debit Card,Completed,2500,1600,2500,2500.0,1600,900.0
ORD005255,2026-09-29,CUST1658,P006,4,0.0,Net Banking,Completed,35000,28500,140000,140000.0,114000,26000.0
ORD005256,2026-01-26,CUST0494,P006,1,0.05,Credit Card,Completed,35000,28500,35000,33250.0,28500,4750.0
ORD005257,2025-05-23,CUST0620,P013,2,0.15,UPI,Completed,6000,4200,12000,10200.0,8400,1800.0
ORD005258,2025-11-24,CUST1028,P007,1,0.15,Credit Card,Completed,28000,22000,28000,23800.0,22000,1800.0
ORD005259,2026-09-20,CUST1117,P005,2,0.0,Debit Card,Completed,4500,3000,9000,9000.0,6000,3000.0
ORD005260,2026-01-12,CUST0919,P008,2,0.0,Debit Card,Completed,16000,12500,32000,32000.0,25000,7000.0
ORD005261,2025-03-31,CUST0006,P007,1,0.05,Credit Card,Completed,28000,22000,28000,26600.0,22000,4600.0
ORD005262,2025-02-11,CUST0288,P002,1,0.1,UPI,Completed,18000,13500,18000,16200.0,13500,2700.0
ORD005263,2025-02-04,CUST1642,P015,1,0.2,Net Banking,Completed,2200,1400,2200,1760.0,1400,360.0
ORD005264,2026-05-09,CUST1170,P001,1,0.15,Debit Card,Completed,65000,52000,65000,55250.0,52000,3250.0
ORD005265,2026-07-07,CUST1448,P013,1,0.1,UPI,Completed,6000,4200,6000,5400.0,4200,1200.0
ORD005266,2025-05-04,CUST0608,P014,2,0.0,Net Banking,Completed,2500,1600,5000,5000.0,3200,1800.0
ORD005267,2025-02-26,CUST0457,P009,3,0.0,UPI,Completed,12000,8500,36000,36000.0,25500,10500.0
ORD005268,2026-04-01,CUST1765,P005,1,0.0,UPI,Completed,4500,3000,4500,4500.0,3000,1500.0
ORD005269,2025-08-23,CUST1226,P012,1,0.1,Net Banking,Completed,9000,6500,9000,8100.0,6500,1600.0
ORD005270,2026-08-31,CUST1236,P011,1,0.0,Net Banking,Completed,4000,2600,4000,4000.0,2600,1400.0
ORD005271,2026-01-27,CUST1030,P005,1,0.1,Credit Card,Cancelled,4500,3000,4500,4050.0,3000,1050.0
ORD005272,2026-05-07,CUST0624,P012,3,0.1,UPI,Completed,9000,6500,27000,24300.0,19500,4800.0
ORD005273,2025-12-09,CUST0376,P010,2,0.0,UPI,Completed,22000,16000,44000,44000.0,32000,12000.0
ORD005274,2025-06-25,CUST0447,P004,1,0.15,Net Banking,Completed,1500,950,1500,1275.0,950,325.0
ORD005275,2025-02-21,CUST0835,P002,1,0.05,Net Banking,Completed,18000,13500,18000,17100.0,13500,3600.0
ORD005276,2026-07-04,CUST1130,P005,3,0.15,Credit Card,Completed,4500,3000,13500,11475.0,9000,2475.0
ORD005277,2026-04-23,CUST1675,P002,1,0.15,UPI,Completed,18000,13500,18000,15300.0,13500,1800.0
ORD005278,2026-05-04,CUST0811,P012,1,0.0,UPI,Cancelled,9000,6500,9000,9000.0,6500,2500.0
ORD005279,2025-01-05,CUST1425,P007,2,0.05,Net Banking,Completed,28000,22000,56000,53200.0,44000,9200.0
ORD005280,2026-09-24,CUST1120,P011,2,0.0,UPI,Completed,4000,2600,8000,8000.0,5200,2800.0
ORD005281,2025-07-28,CUST1412,P009,1,0.1,Credit Card,Completed,12000,8500,12000,10800.0,8500,2300.0
ORD005282,2025-08-05,CUST0959,P009,3,0.05,Debit Card,Completed,12000,8500,36000,34200.0,25500,8700.0
ORD005283,2026-06-20,CUST1476,P011,1,0.15,UPI,Completed,4000,2600,4000,3400.0,2600,800.0
ORD005284,2025-12-08,CUST0849,P006,2,0.0,UPI,Completed,35000,28500,70000,70000.0,57000,13000.0
ORD005285,2026-02-05,CUST0809,P001,1,0.1,Credit Card,Completed,65000,52000,65000,58500.0,52000,6500.0
ORD005286,2026-04-07,CUST0979,P013,2,0.2,Debit Card,Completed,6000,4200,12000,9600.0,8400,1200.0
ORD005287,2025-07-30,CUST0416,P006,3,0.1,Net Banking,Completed,35000,28500,105000,94500.0,85500,9000.0
ORD005288,2025-01-26,CUST0726,P005,1,0.0,Credit Card,Completed,4500,3000,4500,4500.0,3000,1500.0
ORD005289,2025-09-09,CUST1528,P004,2,0.05,UPI,Cancelled,1500,950,3000,2850.0,1900,950.0
ORD005290,2025-01-03,CUST0454,P012,3,0.0,Credit Card,Completed,9000,6500,27000,27000.0,19500,7500.0
ORD005291,2025-01-02,CUST1315,P006,1,0.0,UPI,Completed,35000,28500,35000,35000.0,28500,6500.0
ORD005292,2026-08-27,CUST1558,P006,2,0.0,UPI,Completed,35000,28500,70000,70000.0,57000,13000.0
ORD005293,2025-01-02,CUST1217,P014,4,0.0,Credit Card,Completed,2500,1600,10000,10000.0,6400,3600.0
ORD005294,2025-05-30,CUST0150,P006,2,0.1,Cash,Completed,35000,28500,70000,63000.0,57000,6000.0
ORD005295,2026-08-06,CUST0759,P002,1,0.05,Net Banking,Completed,18000,13500,18000,17100.0,13500,3600.0
ORD005296,2025-01-04,CUST0779,P015,1,0.1,Debit Card,Completed,2200,1400,2200,1980.0,1400,580.0
ORD005297,2026-05-12,CUST0973,P014,1,0.0,Debit Card,Completed,2500,1600,2500,2500.0,1600,900.0
ORD005298,2026-07-04,CUST0763,P007,1,0.0,Net Banking,Completed,28000,22000,28000,28000.0,22000,6000.0
ORD005299,2026-04-13,CUST1002,P014,2,0.0,Debit Card,Completed,2500,1600,5000,5000.0,3200,1800.0
ORD005300,2025-03-11,CUST1539,P004,1,0.0,Debit Card,Completed,1500,950,1500,1500.0,950,550.0
ORD005301,2025-07-20,CUST1417,P013,1,0.05,Credit Card,Completed,6000,4200,6000,5700.0,4200,1500.0
ORD005302,2025-11-04,CUST1340,P015,1,0.1,UPI,Completed,2200,1400,2200,1980.0,1400,580.0
ORD005303,2025-09-09,CUST0076,P012,1,0.2,Credit Card,Completed,9000,6500,9000,7200.0,6500,700.0
ORD005304,2025-10-14,CUST0599,P009,2,0.05,Net Banking,Completed,12000,8500,24000,22800.0,17000,5800.0
ORD005305,2025-10-19,CUST1294,P010,2,0.0,Credit Card,Completed,22000,16000,44000,44000.0,32000,12000.0
ORD005306,2025-06-03,CUST0225,P002,1,0.0,UPI,Completed,18000,13500,18000,18000.0,13500,4500.0
ORD005307,2025-05-13,CUST1554,P005,1,0.15,Debit Card,Completed,4500,3000,4500,3825.0,3000,825.0
ORD005308,2026-08-09,CUST0113,P014,1,0.1,Credit Card,Completed,2500,1600,2500,2250.0,1600,650.0
ORD005309,2025-10-01,CUST0251,P004,1,0.1,Net Banking,Completed,1500,950,1500,1350.0,950,400.0
ORD005310,2026-05-24,CUST1257,P009,1,0.0,UPI,Cancelled,12000,8500,12000,12000.0,8500,3500.0
ORD005311,2025-12-19,CUST0841,P004,2,0.0,Debit Card,Completed,1500,950,3000,3000.0,1900,1100.0
ORD005312,2025-01-05,CUST0714,P008,1,0.0,Debit Card,Completed,16000,12500,16000,16000.0,12500,3500.0
ORD005313,2025-10-20,CUST1107,P008,4,0.15,Cash,Completed,16000,12500,64000,54400.0,50000,4400.0
ORD005314,2025-12-26,CUST0125,P006,2,0.0,Credit Card,Cancelled,35000,28500,70000,70000.0,57000,13000.0
ORD005315,2026-08-21,CUST1199,P006,1,0.1,Net Banking,Completed,35000,28500,35000,31500.0,28500,3000.0
ORD005316,2025-08-02,CUST1093,P011,3,0.05,UPI,Completed,4000,2600,12000,11400.0,7800,3600.0
ORD005317,2026-02-10,CUST1071,P008,2,0.05,UPI,Completed,16000,12500,32000,30400.0,25000,5400.0
ORD005318,2026-03-12,CUST0884,P012,2,0.0,UPI,Completed,9000,6500,18000,18000.0,13000,5000.0
ORD005319,2025-01-15,CUST1280,P013,4,0.1,Debit Card,Completed,6000,4200,24000,21600.0,16800,4800.0
ORD005320,2025-09-30,CUST1751,P012,1,0.0,Credit Card,Completed,9000,6500,9000,9000.0,6500,2500.0
ORD005321,2026-07-17,CUST0030,P010,3,0.2,UPI,Completed,22000,16000,66000,52800.0,48000,4800.0
ORD005322,2025-02-14,CUST0281,P009,1,0.0,Credit Card,Completed,12000,8500,12000,12000.0,8500,3500.0
ORD005323,2026-09-26,CUST0924,P015,3,0.0,Credit Card,Completed,2200,1400,6600,6600.0,4200,2400.0
ORD005324,2026-02-16,CUST1261,P005,1,0.0,Credit Card,Completed,4500,3000,4500,4500.0,3000,1500.0
ORD005325,2025-07-06,CUST1272,P011,1,0.1,UPI,Completed,4000,2600,4000,3600.0,2600,1000.0
ORD005326,2025-06-19,CUST0368,P001,2,0.0,Net Banking,Completed,65000,52000,130000,130000.0,104000,26000.0
ORD005327,2026-08-17,CUST0495,P001,1,0.05,Credit Card,Completed,65000,52000,65000,61750.0,52000,9750.0
ORD005328,2026-02-05,CUST1049,P015,1,0.0,UPI,Completed,2200,1400,2200,2200.0,1400,800.0
ORD005329,2025-09-03,CUST1610,P002,1,0.0,Debit Card,Completed,18000,13500,18000,18000.0,13500,4500.0
ORD005330,2026-07-06,CUST0718,P010,2,0.1,UPI,Completed,22000,16000,44000,39600.0,32000,7600.0
ORD005331,2025-02-12,CUST1514,P010,3,0.0,Credit Card,Completed,22000,16000,66000,66000.0,48000,18000.0
ORD005332,2025-06-28,CUST1017,P005,2,0.1,UPI,Completed,4500,3000,9000,8100.0,6000,2100.0
ORD005333,2026-04-02,CUST1518,P004,3,0.1,Net Banking,Completed,1500,950,4500,4050.0,2850,1200.0
ORD005334,2026-06-19,CUST1338,P001,2,0.15,Cash,Completed,65000,52000,130000,110500.0,104000,6500.0
ORD005335,2026-08-30,CUST0606,P004,1,0.0,UPI,Completed,1500,950,1500,1500.0,950,550.0
ORD005336,2025-09-01,CUST0375,P004,1,0.05,UPI,Completed,1500,950,1500,1425.0,950,475.0
ORD005337,2025-01-17,CUST0639,P010,2,0.15,UPI,Completed,22000,16000,44000,37400.0,32000,5400.0
ORD005338,2025-04-22,CUST1049,P004,1,0.1,Credit Card,Completed,1500,950,1500,1350.0,950,400.0
ORD005339,2026-09-07,CUST1358,P001,1,0.0,UPI,Completed,65000,52000,65000,65000.0,52000,13000.0
ORD005340,2026-08-21,CUST1379,P009,1,0.05,Net Banking,Completed,12000,8500,12000,11400.0,8500,2900.0
ORD005341,2026-07-01,CUST0116,P014,2,0.15,Credit Card,Returned,2500,1600,5000,4250.0,3200,1050.0
ORD005342,2025-01-30,CUST0048,P003,1,0.05,Debit Card,Completed,3000,2100,3000,2850.0,2100,750.0
ORD005343,2025-07-11,CUST1762,P013,3,0.1,Credit Card,Completed,6000,4200,18000,16200.0,12600,3600.0
ORD005344,2026-03-13,CUST0099,P004,2,0.05,Net Banking,Completed,1500,950,3000,2850.0,1900,950.0
ORD005345,2025-06-28,CUST1483,P005,2,0.0,UPI,Completed,4500,3000,9000,9000.0,6000,3000.0
ORD005346,2026-09-08,CUST1547,P013,5,0.0,Debit Card,Completed,6000,4200,30000,30000.0,21000,9000.0
ORD005347,2026-04-19,CUST1621,P013,1,0.0,Debit Card,Completed,6000,4200,6000,6000.0,4200,1800.0
ORD005348,2026-09-26,CUST0405,P007,2,0.0,Debit Card,Completed,28000,22000,56000,56000.0,44000,12000.0
ORD005349,2025-05-14,CUST1238,P006,3,0.15,,Completed,35000,28500,105000,89250.0,85500,3750.0
ORD005350,2025-11-08,CUST0685,P005,2,0.1,UPI,Completed,4500,3000,9000,8100.0,6000,2100.0
ORD005351,2025-01-25,CUST0903,P008,3,0.1,Debit Card,Completed,16000,12500,48000,43200.0,37500,5700.0
ORD005352,2026-01-06,CUST0503,P014,1,0.1,Net Banking,Completed,2500,1600,2500,2250.0,1600,650.0
ORD005353,2026-06-09,CUST1745,P001,2,0.05,UPI,Completed,65000,52000,130000,123500.0,104000,19500.0
ORD005354,2025-11-15,CUST1472,P007,1,0.0,Credit Card,Completed,28000,22000,28000,28000.0,22000,6000.0
ORD005355,2025-08-18,CUST0894,P012,5,0.15,UPI,Completed,9000,6500,45000,38250.0,32500,5750.0
ORD005356,2025-04-12,CUST1600,P006,3,0.05,Debit Card,Returned,35000,28500,105000,99750.0,85500,14250.0
ORD005357,2026-03-26,CUST0258,P011,3,0.05,Net Banking,Completed,4000,2600,12000,11400.0,7800,3600.0
ORD005358,2026-01-13,CUST0844,P005,2,0.2,Debit Card,Returned,4500,3000,9000,7200.0,6000,1200.0
ORD005359,2025-07-22,CUST0121,P007,1,0.05,UPI,Completed,28000,22000,28000,26600.0,22000,4600.0
ORD005360,2025-09-24,CUST0810,P003,1,0.15,UPI,Completed,3000,2100,3000,2550.0,2100,450.0
ORD005361,2026-04-07,CUST0978,P001,3,0.15,Net Banking,Completed,65000,52000,195000,165750.0,156000,9750.0
ORD005362,2025-12-31,CUST0054,P009,1,0.0,UPI,Completed,12000,8500,12000,12000.0,8500,3500.0
ORD005363,2025-04-14,CUST1019,P002,1,0.0,UPI,Completed,18000,13500,18000,18000.0,13500,4500.0
ORD005364,2025-04-21,CUST1355,P013,2,0.2,Credit Card,Completed,6000,4200,12000,9600.0,8400,1200.0
ORD005365,2026-03-04,CUST0784,P010,1,0.05,UPI,Completed,22000,16000,22000,20900.0,16000,4900.0
ORD005366,2026-04-14,CUST0241,P015,2,0.0,Net Banking,Completed,2200,1400,4400,4400.0,2800,1600.0
ORD005367,2026-08-04,CUST1779,P003,2,0.05,UPI,Completed,3000,2100,6000,5700.0,4200,1500.0
ORD005368,2026-07-15,CUST1554,P008,2,0.1,Credit Card,Completed,16000,12500,32000,28800.0,25000,3800.0
ORD005369,2025-09-07,CUST0483,P012,3,0.1,UPI,Completed,9000,6500,27000,24300.0,19500,4800.0
ORD005370,2026-04-27,CUST1013,P010,1,0.15,Debit Card,Completed,22000,16000,22000,18700.0,16000,2700.0
ORD005371,2025-11-27,CUST0187,P009,1,0.15,Credit Card,Completed,12000,8500,12000,10200.0,8500,1700.0
ORD005372,2026-08-10,CUST0656,P013,1,0.15,Net Banking,Completed,6000,4200,6000,5100.0,4200,900.0
ORD005373,2025-07-20,CUST0262,P003,4,0.0,Credit Card,Cancelled,3000,2100,12000,12000.0,8400,3600.0
ORD005374,2026-03-30,CUST0953,P006,1,0.1,UPI,Completed,35000,28500,35000,31500.0,28500,3000.0
ORD005375,2026-05-19,CUST1388,P007,1,0.0,UPI,Completed,28000,22000,28000,28000.0,22000,6000.0
ORD005376,2026-06-30,CUST0491,P015,2,0.0,Cash,Completed,2200,1400,4400,4400.0,2800,1600.0
ORD005377,2025-04-21,CUST0431,P001,1,0.1,Credit Card,Cancelled,65000,52000,65000,58500.0,52000,6500.0
ORD005378,2026-06-28,CUST0239,P014,4,0.05,Debit Card,Completed,2500,1600,10000,9500.0,6400,3100.0
ORD005379,2025-07-28,CUST0304,P007,3,0.15,Net Banking,Completed,28000,22000,84000,71400.0,66000,5400.0
ORD005380,2026-09-10,CUST0298,P004,2,0.0,UPI,Completed,1500,950,3000,3000.0,1900,1100.0
ORD005381,2025-02-02,CUST0076,P005,2,0.1,Debit Card,Completed,4500,3000,9000,8100.0,6000,2100.0
ORD005382,2026-07-09,CUST1724,P008,1,0.0,UPI,Completed,16000,12500,16000,16000.0,12500,3500.0
ORD005383,2025-04-17,CUST1357,P004,2,0.0,UPI,Completed,1500,950,3000,3000.0,1900,1100.0
ORD005384,2025-09-22,CUST0999,P015,2,0.05,UPI,Completed,2200,1400,4400,4180.0,2800,1380.0
ORD005385,2025-08-14,CUST1782,P004,1,0.05,Net Banking,Completed,1500,950,1500,1425.0,950,475.0
ORD005386,2026-05-02,CUST0642,P008,1,0.05,Credit Card,Completed,16000,12500,16000,15200.0,12500,2700.0
ORD005387,2025-06-28,CUST1498,P015,4,0.15,UPI,Completed,2200,1400,8800,7480.0,5600,1880.0
ORD005388,2025-08-10,CUST0827,P005,1,0.1,UPI,Completed,4500,3000,4500,4050.0,3000,1050.0
ORD005389,2026-01-05,CUST0283,P013,2,0.0,UPI,Completed,6000,4200,12000,12000.0,8400,3600.0
ORD005390,2026-09-29,CUST0591,P006,1,0.0,Net Banking,Completed,35000,28500,35000,35000.0,28500,6500.0
ORD005391,2025-06-16,CUST0072,P012,1,0.05,Credit Card,Completed,9000,6500,9000,8550.0,6500,2050.0
ORD005392,2026-07-07,CUST1287,P011,3,0.05,Net Banking,Completed,4000,2600,12000,11400.0,7800,3600.0
ORD005393,2025-10-27,CUST0703,P014,1,0.1,Net Banking,Completed,2500,1600,2500,2250.0,1600,650.0
ORD005394,2026-01-16,CUST0575,P005,2,0.0,Net Banking,Completed,4500,3000,9000,9000.0,6000,3000.0
ORD005395,2025-02-04,CUST1000,P001,1,0.1,UPI,Completed,65000,52000,65000,58500.0,52000,6500.0
ORD005396,2026-02-11,CUST0892,P007,1,0.0,UPI,Completed,28000,22000,28000,28000.0,22000,6000.0
ORD005397,2026-05-17,CUST0012,P006,4,0.05,Credit Card,Completed,35000,28500,140000,133000.0,114000,19000.0
ORD005398,2025-11-10,CUST0141,P002,2,0.1,Credit Card,Completed,18000,13500,36000,32400.0,27000,5400.0
ORD005399,2025-04-11,CUST1790,P011,4,0.0,Credit Card,Completed,4000,2600,16000,16000.0,10400,5600.0
ORD005400,2026-07-23,CUST1579,P007,4,0.1,UPI,Returned,28000,22000,112000,100800.0,88000,12800.0
ORD005401,2025-08-03,CUST0017,P006,4,0.1,Cash,Completed,35000,28500,140000,126000.0,114000,12000.0
ORD005402,2026-07-30,CUST1087,P005,3,0.1,UPI,Completed,4500,3000,13500,12150.0,9000,3150.0
ORD005403,2025-03-03,CUST0253,P008,1,0.05,UPI,Completed,16000,12500,16000,15200.0,12500,2700.0
ORD005404,2026-01-04,CUST0465,P005,4,0.15,Debit Card,Completed,4500,3000,18000,15300.0,12000,3300.0
ORD005405,2026-01-03,CUST0376,P011,1,0.1,UPI,Completed,4000,2600,4000,3600.0,2600,1000.0
ORD005406,2026-07-28,CUST0981,P002,1,0.05,UPI,Completed,18000,13500,18000,17100.0,13500,3600.0
ORD005407,2025-04-04,CUST0520,P006,1,0.0,UPI,Completed,35000,28500,35000,35000.0,28500,6500.0
ORD005408,2026-04-14,CUST0090,P014,1,0.0,UPI,Returned,2500,1600,2500,2500.0,1600,900.0
ORD005409,2025-01-26,CUST0720,P012,2,0.0,UPI,Completed,9000,6500,18000,18000.0,13000,5000.0
ORD005410,2026-03-11,CUST0804,P001,1,0.2,UPI,Completed,65000,52000,65000,52000.0,52000,0.0
ORD005411,2025-05-01,CUST0796,P005,1,0.05,Credit Card,Completed,4500,3000,4500,4275.0,3000,1275.0
ORD005412,2025-02-19,CUST0630,P014,1,0.15,Credit Card,Completed,2500,1600,2500,2125.0,1600,525.0
ORD005413,2025-02-05,CUST1199,P006,1,0.0,Credit Card,Completed,35000,28500,35000,35000.0,28500,6500.0
ORD005414,2026-02-14,CUST0076,P015,2,0.05,Debit Card,Completed,2200,1400,4400,4180.0,2800,1380.0
ORD005415,2025-10-16,CUST1637,P007,1,0.2,UPI,Completed,28000,22000,28000,22400.0,22000,400.0
ORD005416,2026-01-14,CUST0926,P014,1,0.0,UPI,Completed,2500,1600,2500,2500.0,1600,900.0
ORD005417,2025-04-10,CUST1687,P002,1,0.05,Net Banking,Completed,18000,13500,18000,17100.0,13500,3600.0
ORD005418,2025-11-20,CUST0400,P001,1,0.15,Debit Card,Completed,65000,52000,65000,55250.0,52000,3250.0
ORD005419,2025-11-25,CUST0970,P006,2,0.15,UPI,Completed,35000,28500,70000,59500.0,57000,2500.0
ORD005420,2025-08-09,CUST1095,P003,1,0.1,Cash,Completed,3000,2100,3000,2700.0,2100,600.0
ORD005421,2026-07-21,CUST1204,P005,1,0.15,Debit Card,Completed,4500,3000,4500,3825.0,3000,825.0
ORD005422,2025-04-20,CUST1148,P012,1,0.1,UPI,Completed,9000,6500,9000,8100.0,6500,1600.0
ORD005423,2025-05-29,CUST1405,P015,1,0.0,Cash,Completed,2200,1400,2200,2200.0,1400,800.0
ORD005424,2026-02-10,CUST1317,P011,5,0.1,Credit Card,Completed,4000,2600,20000,18000.0,13000,5000.0
ORD005425,2026-02-14,CUST0797,P013,1,0.2,Cash,Completed,6000,4200,6000,4800.0,4200,600.0
ORD005426,2025-05-09,CUST0195,P015,3,0.05,UPI,Completed,2200,1400,6600,6270.0,4200,2070.0
ORD005427,2026-04-29,CUST0228,P002,2,0.0,UPI,Completed,18000,13500,36000,36000.0,27000,9000.0
ORD005428,2025-04-18,CUST1455,P015,1,0.05,Debit Card,Completed,2200,1400,2200,2090.0,1400,690.0
ORD005429,2026-01-24,CUST1460,P001,5,0.1,UPI,Completed,65000,52000,325000,292500.0,260000,32500.0
ORD005430,2026-03-01,CUST0461,P001,2,0.0,UPI,Completed,65000,52000,130000,130000.0,104000,26000.0
ORD005431,2026-03-23,CUST0618,P013,2,0.1,Net Banking,Completed,6000,4200,12000,10800.0,8400,2400.0
ORD005432,2025-03-09,CUST1045,P011,1,0.05,UPI,Cancelled,4000,2600,4000,3800.0,2600,1200.0
ORD005433,2025-03-07,CUST0064,P004,2,0.1,Net Banking,Completed,1500,950,3000,2700.0,1900,800.0
ORD005434,2026-07-19,CUST0165,P010,1,0.0,Credit Card,Completed,22000,16000,22000,22000.0,16000,6000.0
ORD005435,2026-05-19,CUST0027,P013,1,0.0,Net Banking,Completed,6000,4200,6000,6000.0,4200,1800.0
ORD005436,2026-05-19,CUST1335,P002,3,0.1,Credit Card,Completed,18000,13500,54000,48600.0,40500,8100.0
ORD005437,2025-11-17,CUST1012,P001,3,0.05,Credit Card,Completed,65000,52000,195000,185250.0,156000,29250.0
ORD005438,2026-08-03,CUST0285,P006,1,0.0,UPI,Completed,35000,28500,35000,35000.0,28500,6500.0
ORD005439,2026-03-23,CUST1684,P014,3,0.0,Debit Card,Completed,2500,1600,7500,7500.0,4800,2700.0
ORD005440,2026-07-28,CUST0281,P004,2,0.0,UPI,Completed,1500,950,3000,3000.0,1900,1100.0
ORD005441,2025-07-29,CUST0838,P010,1,0.05,UPI,Completed,22000,16000,22000,20900.0,16000,4900.0
ORD005442,2026-01-05,CUST0831,P013,1,0.2,UPI,Completed,6000,4200,6000,4800.0,4200,600.0
ORD005443,2026-07-18,CUST1188,P012,1,0.1,UPI,Completed,9000,6500,9000,8100.0,6500,1600.0
ORD005444,2026-09-20,CUST0918,P015,2,0.15,UPI,Completed,2200,1400,4400,3740.0,2800,940.0
ORD005445,2026-04-03,CUST0224,P007,3,0.05,Debit Card,Completed,28000,22000,84000,79800.0,66000,13800.0
ORD005446,2026-07-31,CUST0784,P011,1,0.05,UPI,Completed,4000,2600,4000,3800.0,2600,1200.0
ORD005447,2025-06-12,CUST1170,P006,2,0.0,UPI,Completed,35000,28500,70000,70000.0,57000,13000.0
ORD005448,2025-11-28,CUST0965,P005,3,0.1,Net Banking,Completed,4500,3000,13500,12150.0,9000,3150.0
ORD005449,2025-12-16,CUST0950,P010,3,0.05,Debit Card,Completed,22000,16000,66000,62700.0,48000,14700.0
ORD005450,2026-04-13,CUST1054,P012,1,0.1,Net Banking,Completed,9000,6500,9000,8100.0,6500,1600.0
ORD005451,2026-03-02,CUST0045,P013,2,0.05,Net Banking,Completed,6000,4200,12000,11400.0,8400,3000.0
ORD005452,2025-11-23,CUST0471,P012,3,0.0,UPI,Completed,9000,6500,27000,27000.0,19500,7500.0
ORD005453,2025-04-16,CUST0034,P012,1,0.0,Cash,Completed,9000,6500,9000,9000.0,6500,2500.0
ORD005454,2025-09-12,CUST0653,P012,1,0.1,UPI,Returned,9000,6500,9000,8100.0,6500,1600.0
ORD005455,2025-12-24,CUST1451,P002,3,0.0,Net Banking,Completed,18000,13500,54000,54000.0,40500,13500.0
ORD005456,2026-03-20,CUST0830,P005,1,0.0,Credit Card,Completed,4500,3000,4500,4500.0,3000,1500.0
ORD005457,2025-04-23,CUST0221,P009,3,0.15,Credit Card,Returned,12000,8500,36000,30600.0,25500,5100.0
ORD005458,2025-01-30,CUST0534,P009,1,0.1,Debit Card,Completed,12000,8500,12000,10800.0,8500,2300.0
ORD005459,2026-06-08,CUST0692,P002,1,0.0,Net Banking,Completed,18000,13500,18000,18000.0,13500,4500.0
ORD005460,2025-02-15,CUST1391,P007,1,0.0,Debit Card,Completed,28000,22000,28000,28000.0,22000,6000.0
ORD005461,2025-06-20,CUST0932,P010,1,0.0,Credit Card,Completed,22000,16000,22000,22000.0,16000,6000.0
ORD005462,2025-05-10,CUST0841,P014,1,0.05,UPI,Completed,2500,1600,2500,2375.0,1600,775.0
ORD005463,2025-12-19,CUST1767,P004,2,0.1,Net Banking,Completed,1500,950,3000,2700.0,1900,800.0
ORD005464,2025-07-22,CUST1011,P013,1,0.0,UPI,Completed,6000,4200,6000,6000.0,4200,1800.0
ORD005465,2025-08-14,CUST1574,P013,4,0.15,Debit Card,Completed,6000,4200,24000,20400.0,16800,3600.0
ORD005466,2025-03-21,CUST0582,P003,2,0.0,Credit Card,Completed,3000,2100,6000,6000.0,4200,1800.0
ORD005467,2025-11-06,CUST1140,P011,1,0.0,Credit Card,Completed,4000,2600,4000,4000.0,2600,1400.0
ORD005468,2025-02-04,CUST0239,P001,1,0.2,Debit Card,Completed,65000,52000,65000,52000.0,52000,0.0
ORD005469,2026-07-18,CUST1359,P003,2,0.0,Debit Card,Completed,3000,2100,6000,6000.0,4200,1800.0
ORD005470,2025-06-10,CUST0441,P011,1,0.15,Net Banking,Completed,4000,2600,4000,3400.0,2600,800.0
ORD005471,2026-08-19,CUST0148,P009,1,0.1,UPI,Completed,12000,8500,12000,10800.0,8500,2300.0
ORD005472,2026-03-11,CUST1033,P014,3,0.0,Net Banking,Completed,2500,1600,7500,7500.0,4800,2700.0
ORD005473,2026-06-22,CUST1312,P015,1,0.05,Cash,Completed,2200,1400,2200,2090.0,1400,690.0
ORD005474,2025-08-13,CUST0388,P009,1,0.05,Net Banking,Cancelled,12000,8500,12000,11400.0,8500,2900.0
ORD005475,2026-03-22,CUST1074,P007,2,0.15,Net Banking,Completed,28000,22000,56000,47600.0,44000,3600.0
ORD005476,2025-11-13,CUST1541,P003,2,0.05,Debit Card,Completed,3000,2100,6000,5700.0,4200,1500.0
ORD005477,2026-02-18,CUST0916,P013,1,0.05,UPI,Completed,6000,4200,6000,5700.0,4200,1500.0
ORD005478,2025-04-05,CUST0638,P003,3,0.0,Credit Card,Completed,3000,2100,9000,9000.0,6300,2700.0
ORD005479,2025-08-13,CUST1611,P004,2,0.1,Debit Card,Completed,1500,950,3000,2700.0,1900,800.0
ORD005480,2026-07-07,CUST1701,P007,2,0.0,Net Banking,Returned,28000,22000,56000,56000.0,44000,12000.0
ORD005481,2025-03-07,CUST0278,P007,1,0.0,Credit Card,Completed,28000,22000,28000,28000.0,22000,6000.0
ORD005482,2026-02-01,CUST0989,P012,4,0.2,Net Banking,Completed,9000,6500,36000,28800.0,26000,2800.0
ORD005483,2025-07-29,CUST1324,P012,1,0.0,Debit Card,Completed,9000,6500,9000,9000.0,6500,2500.0
ORD005484,2026-04-19,CUST0589,P014,2,0.0,UPI,Completed,2500,1600,5000,5000.0,3200,1800.0
ORD005485,2026-07-25,CUST0649,P002,1,0.1,UPI,Completed,18000,13500,18000,16200.0,13500,2700.0
ORD005486,2026-05-05,CUST0618,P012,2,0.1,Debit Card,Completed,9000,6500,18000,16200.0,13000,3200.0
ORD005487,2025-06-29,CUST1631,P015,1,0.0,UPI,Completed,2200,1400,2200,2200.0,1400,800.0
ORD005488,2026-06-08,CUST0135,P005,1,0.0,UPI,Completed,4500,3000,4500,4500.0,3000,1500.0
ORD005489,2026-04-04,CUST0580,P007,3,0.0,Debit Card,Completed,28000,22000,84000,84000.0,66000,18000.0
ORD005490,2025-03-09,CUST1171,P007,1,0.0,Net Banking,Completed,28000,22000,28000,28000.0,22000,6000.0
ORD005491,2025-11-25,CUST0490,P006,1,0.1,Credit Card,Completed,35000,28500,35000,31500.0,28500,3000.0
ORD005492,2025-07-21,CUST0478,P010,2,0.05,Net Banking,Completed,22000,16000,44000,41800.0,32000,9800.0
ORD005493,2026-04-20,CUST1183,P010,2,0.1,UPI,Completed,22000,16000,44000,39600.0,32000,7600.0
ORD005494,2026-06-02,CUST0384,P012,1,0.05,UPI,Completed,9000,6500,9000,8550.0,6500,2050.0
ORD005495,2025-01-15,CUST0163,P008,1,0.1,Debit Card,Completed,16000,12500,16000,14400.0,12500,1900.0
ORD005496,2025-02-11,CUST0441,P003,4,0.05,Net Banking,Completed,3000,2100,12000,11400.0,8400,3000.0
ORD005497,2026-06-27,CUST1213,P015,2,0.15,Credit Card,Completed,2200,1400,4400,3740.0,2800,940.0
ORD005498,2025-10-16,CUST0415,P001,1,0.05,UPI,Completed,65000,52000,65000,61750.0,52000,9750.0
ORD005499,2026-06-17,CUST1363,P003,3,0.1,Debit Card,Completed,3000,2100,9000,8100.0,6300,1800.0
ORD005500,2025-09-01,CUST1631,P011,2,0.05,Net Banking,Completed,4000,2600,8000,7600.0,5200,2400.0
ORD005501,2026-09-04,CUST1205,P002,1,0.05,UPI,Completed,18000,13500,18000,17100.0,13500,3600.0
ORD005502,2026-07-21,CUST0288,P002,1,0.1,UPI,Completed,18000,13500,18000,16200.0,13500,2700.0
ORD005503,2026-08-21,CUST0187,P014,1,0.0,Credit Card,Completed,2500,1600,2500,2500.0,1600,900.0
ORD005504,2025-06-23,CUST1162,P014,3,0.05,UPI,Completed,2500,1600,7500,7125.0,4800,2325.0
ORD005505,2026-06-18,CUST0130,P002,1,0.1,Credit Card,Completed,18000,13500,18000,16200.0,13500,2700.0
ORD005506,2026-05-24,CUST0194,P005,1,0.1,UPI,Completed,4500,3000,4500,4050.0,3000,1050.0
ORD005507,2025-09-01,CUST0316,P013,3,0.05,UPI,Completed,6000,4200,18000,17100.0,12600,4500.0
ORD005508,2025-03-01,CUST0144,P001,1,0.05,Credit Card,Completed,65000,52000,65000,61750.0,52000,9750.0
ORD005509,2025-04-14,CUST0016,P010,2,0.0,UPI,Completed,22000,16000,44000,44000.0,32000,12000.0
ORD005510,2025-10-30,CUST1326,P004,1,0.15,UPI,Completed,1500,950,1500,1275.0,950,325.0
ORD005511,2025-03-18,CUST0423,P014,2,0.05,Net Banking,Cancelled,2500,1600,5000,4750.0,3200,1550.0
ORD005512,2025-01-18,CUST0245,P010,1,0.1,UPI,Completed,22000,16000,22000,19800.0,16000,3800.0
ORD005513,2026-06-18,CUST0927,P005,1,0.0,Debit Card,Completed,4500,3000,4500,4500.0,3000,1500.0
ORD005514,2025-07-03,CUST1131,P002,2,0.0,Net Banking,Completed,18000,13500,36000,36000.0,27000,9000.0
ORD005515,2026-07-04,CUST1112,P005,2,0.0,UPI,Completed,4500,3000,9000,9000.0,6000,3000.0
ORD005516,2025-10-08,CUST0129,P010,2,0.1,UPI,Completed,22000,16000,44000,39600.0,32000,7600.0
ORD005517,2025-10-15,CUST0907,P015,2,0.0,Debit Card,Completed,2200,1400,4400,4400.0,2800,1600.0
ORD005518,2026-06-09,CUST0887,P004,2,0.0,UPI,Completed,1500,950,3000,3000.0,1900,1100.0
ORD005519,2026-04-19,CUST0341,P008,2,0.0,Credit Card,Completed,16000,12500,32000,32000.0,25000,7000.0
ORD005520,2025-09-24,CUST0004,P001,2,0.0,Net Banking,Completed,65000,52000,130000,130000.0,104000,26000.0
ORD005521,2026-09-01,CUST1351,P015,2,0.0,UPI,Completed,2200,1400,4400,4400.0,2800,1600.0
ORD005522,2025-12-23,CUST1434,P012,2,0.0,Debit Card,Completed,9000,6500,18000,18000.0,13000,5000.0
ORD005523,2025-01-01,CUST0306,P005,2,0.1,Net Banking,Completed,4500,3000,9000,8100.0,6000,2100.0
ORD005524,2025-01-27,CUST0908,P014,1,0.05,UPI,Completed,2500,1600,2500,2375.0,1600,775.0
ORD005525,2026-07-02,CUST0607,P014,1,0.05,UPI,Completed,2500,1600,2500,2375.0,1600,775.0
ORD005526,2025-06-09,CUST1745,P011,1,0.2,Credit Card,Completed,4000,2600,4000,3200.0,2600,600.0
ORD005527,2026-02-03,CUST1249,P012,4,0.05,Cash,Completed,9000,6500,36000,34200.0,26000,8200.0
ORD005528,2026-06-27,CUST1372,P010,2,0.15,UPI,Completed,22000,16000,44000,37400.0,32000,5400.0
ORD005529,2025-05-07,CUST0992,P001,2,0.0,UPI,Completed,65000,52000,130000,130000.0,104000,26000.0
ORD005530,2025-07-29,CUST0321,P010,1,0.05,UPI,Completed,22000,16000,22000,20900.0,16000,4900.0
ORD005531,2025-05-30,CUST0559,P010,1,0.05,Credit Card,Cancelled,22000,16000,22000,20900.0,16000,4900.0
ORD005532,2025-01-31,CUST1205,P004,3,0.05,UPI,Completed,1500,950,4500,4275.0,2850,1425.0
ORD005533,2026-09-04,CUST0618,P008,3,0.05,Credit Card,Completed,16000,12500,48000,45600.0,37500,8100.0
ORD005534,2025-10-29,CUST0711,P001,1,0.0,Credit Card,Completed,65000,52000,65000,65000.0,52000,13000.0
ORD005535,2025-09-14,CUST1410,P011,3,0.1,Cash,Completed,4000,2600,12000,10800.0,7800,3000.0
ORD005536,2025-02-26,CUST1642,P015,1,0.05,Net Banking,Completed,2200,1400,2200,2090.0,1400,690.0
ORD005537,2025-01-09,CUST1796,P002,1,0.0,Net Banking,Cancelled,18000,13500,18000,18000.0,13500,4500.0
ORD005538,2025-01-05,CUST1132,P001,2,0.05,UPI,Completed,65000,52000,130000,123500.0,104000,19500.0
ORD005539,2025-04-24,CUST0531,P011,2,0.1,UPI,Completed,4000,2600,8000,7200.0,5200,2000.0
ORD005540,2025-07-24,CUST0410,P007,3,0.0,Debit Card,Completed,28000,22000,84000,84000.0,66000,18000.0
ORD005541,2025-01-24,CUST1320,P002,1,0.0,Credit Card,Completed,18000,13500,18000,18000.0,13500,4500.0
ORD005542,2026-05-08,CUST0818,P001,1,0.1,Credit Card,Completed,65000,52000,65000,58500.0,52000,6500.0
ORD005543,2026-02-10,CUST1195,P015,1,0.2,UPI,Completed,2200,1400,2200,1760.0,1400,360.0
ORD005544,2025-04-13,CUST1355,P012,1,0.0,Credit Card,Returned,9000,6500,9000,9000.0,6500,2500.0
ORD005545,2025-03-01,CUST0493,P006,2,0.15,UPI,Completed,35000,28500,70000,59500.0,57000,2500.0
ORD005546,2025-03-27,CUST1219,P006,1,0.05,Credit Card,Completed,35000,28500,35000,33250.0,28500,4750.0
ORD005547,2026-01-07,CUST0012,P010,1,0.15,UPI,Returned,22000,16000,22000,18700.0,16000,2700.0
ORD005548,2026-08-19,CUST0195,P002,1,0.1,Net Banking,Completed,18000,13500,18000,16200.0,13500,2700.0
ORD005549,2025-07-21,CUST0490,P015,2,0.15,UPI,Completed,2200,1400,4400,3740.0,2800,940.0
ORD005550,2026-08-25,CUST0795,P001,2,0.1,Net Banking,Completed,65000,52000,130000,117000.0,104000,13000.0
ORD005551,2025-03-30,CUST0881,P014,2,0.0,Net Banking,Completed,2500,1600,5000,5000.0,3200,1800.0
ORD005552,2026-03-13,CUST0182,P010,1,0.0,Debit Card,Completed,22000,16000,22000,22000.0,16000,6000.0
ORD005553,2025-04-30,CUST0962,P003,1,0.05,Cash,Completed,3000,2100,3000,2850.0,2100,750.0
ORD005554,2025-06-05,CUST0656,P010,1,0.0,UPI,Returned,22000,16000,22000,22000.0,16000,6000.0
ORD005555,2026-02-03,CUST1340,P014,1,0.05,Debit Card,Completed,2500,1600,2500,2375.0,1600,775.0
ORD005556,2025-07-07,CUST0694,P005,1,0.2,Net Banking,Completed,4500,3000,4500,3600.0,3000,600.0
ORD005557,2025-02-21,CUST0030,P006,1,0.0,UPI,Completed,35000,28500,35000,35000.0,28500,6500.0
ORD005558,2026-06-15,CUST1620,P003,2,0.05,Credit Card,Completed,3000,2100,6000,5700.0,4200,1500.0
ORD005559,2026-04-25,CUST1702,P009,5,0.05,Credit Card,Completed,12000,8500,60000,57000.0,42500,14500.0
ORD005560,2026-08-10,CUST1120,P011,1,0.1,Credit Card,Completed,4000,2600,4000,3600.0,2600,1000.0
ORD005561,2025-08-18,CUST1405,P005,3,0.0,Net Banking,Completed,4500,3000,13500,13500.0,9000,4500.0
ORD005562,2026-04-26,CUST0778,P013,1,0.0,Credit Card,Completed,6000,4200,6000,6000.0,4200,1800.0
ORD005563,2025-05-10,CUST0444,P002,2,0.15,UPI,Cancelled,18000,13500,36000,30600.0,27000,3600.0
ORD005564,2025-02-24,CUST0298,P010,2,0.1,Net Banking,Completed,22000,16000,44000,39600.0,32000,7600.0
ORD005565,2025-09-28,CUST0808,P006,4,0.1,UPI,Completed,35000,28500,140000,126000.0,114000,12000.0
ORD005566,2025-04-10,CUST1761,P012,1,0.1,Net Banking,Completed,9000,6500,9000,8100.0,6500,1600.0
ORD005567,2025-03-10,CUST0845,P008,1,0.05,Cash,Completed,16000,12500,16000,15200.0,12500,2700.0
ORD005568,2025-10-26,CUST1016,P011,1,0.1,Net Banking,Completed,4000,2600,4000,3600.0,2600,1000.0
ORD005569,2026-06-13,CUST1385,P006,1,0.05,Debit Card,Completed,35000,28500,35000,33250.0,28500,4750.0
ORD005570,2025-12-20,CUST1398,P004,4,0.0,Debit Card,Completed,1500,950,6000,6000.0,3800,2200.0
ORD005571,2026-09-20,CUST0554,P006,3,0.05,Debit Card,Completed,35000,28500,105000,99750.0,85500,14250.0
ORD005572,2025-06-01,CUST0303,P008,2,0.0,Credit Card,Returned,16000,12500,32000,32000.0,25000,7000.0
ORD005573,2025-11-26,CUST0421,P008,2,0.05,UPI,Completed,16000,12500,32000,30400.0,25000,5400.0
ORD005574,2025-04-26,CUST1270,P013,3,0.0,UPI,Completed,6000,4200,18000,18000.0,12600,5400.0
ORD005575,2026-06-26,CUST1744,P010,1,0.05,Debit Card,Completed,22000,16000,22000,20900.0,16000,4900.0
ORD005576,2025-11-19,CUST1261,P002,1,0.05,Debit Card,Completed,18000,13500,18000,17100.0,13500,3600.0
ORD005577,2026-07-17,CUST1558,P008,3,0.1,Credit Card,Completed,16000,12500,48000,43200.0,37500,5700.0
ORD005578,2026-07-26,CUST0185,P006,1,0.05,Debit Card,Completed,35000,28500,35000,33250.0,28500,4750.0
ORD005579,2025-08-17,CUST0468,P002,1,0.15,Debit Card,Completed,18000,13500,18000,15300.0,13500,1800.0
ORD005580,2025-12-26,CUST0754,P001,1,0.0,Debit Card,Cancelled,65000,52000,65000,65000.0,52000,13000.0
ORD005581,2025-01-05,CUST0363,P006,2,0.1,UPI,Completed,35000,28500,70000,63000.0,57000,6000.0
ORD005582,2025-01-28,CUST1307,P013,2,0.1,Credit Card,Completed,6000,4200,12000,10800.0,8400,2400.0
ORD005583,2025-12-30,CUST1577,P007,1,0.2,UPI,Completed,28000,22000,28000,22400.0,22000,400.0
ORD005584,2026-04-07,CUST0336,P014,2,0.05,Credit Card,Completed,2500,1600,5000,4750.0,3200,1550.0
ORD005585,2025-08-19,CUST0162,P014,3,0.0,UPI,Completed,2500,1600,7500,7500.0,4800,2700.0
ORD005586,2026-01-30,CUST1184,P010,4,0.0,Debit Card,Completed,22000,16000,88000,88000.0,64000,24000.0
ORD005587,2025-09-28,CUST1498,P005,2,0.0,UPI,Completed,4500,3000,9000,9000.0,6000,3000.0
ORD005588,2025-10-31,CUST1625,P014,3,0.05,UPI,Completed,2500,1600,7500,7125.0,4800,2325.0
ORD005589,2026-01-18,CUST1346,P010,2,0.1,Net Banking,Completed,22000,16000,44000,39600.0,32000,7600.0
ORD005590,2026-07-12,CUST0012,P008,1,0.0,UPI,Completed,16000,12500,16000,16000.0,12500,3500.0
ORD005591,2025-01-28,CUST1448,P011,1,0.0,Debit Card,Completed,4000,2600,4000,4000.0,2600,1400.0
ORD005592,2026-06-03,CUST1097,P013,1,0.0,Net Banking,Completed,6000,4200,6000,6000.0,4200,1800.0
ORD005593,2025-07-18,CUST0588,P012,1,0.0,Debit Card,Completed,9000,6500,9000,9000.0,6500,2500.0
ORD005594,2026-08-29,CUST0201,P009,1,0.15,Debit Card,Completed,12000,8500,12000,10200.0,8500,1700.0
ORD005595,2025-03-23,CUST0522,P004,1,0.15,Net Banking,Completed,1500,950,1500,1275.0,950,325.0
ORD005596,2025-03-29,CUST0505,P007,1,0.0,UPI,Completed,28000,22000,28000,28000.0,22000,6000.0
ORD005597,2026-01-25,CUST1762,P008,1,0.0,Credit Card,Completed,16000,12500,16000,16000.0,12500,3500.0
ORD005598,2026-08-03,CUST1712,P013,1,0.15,UPI,Cancelled,6000,4200,6000,5100.0,4200,900.0
ORD005599,2026-03-27,CUST0788,P006,2,0.0,UPI,Completed,35000,28500,70000,70000.0,57000,13000.0
ORD005600,2026-03-09,CUST1063,P002,3,0.1,UPI,Completed,18000,13500,54000,48600.0,40500,8100.0
ORD005601,2026-01-09,CUST0060,P007,2,0.15,Credit Card,Completed,28000,22000,56000,47600.0,44000,3600.0
ORD005602,2026-03-11,CUST0578,P013,1,0.05,Net Banking,Completed,6000,4200,6000,5700.0,4200,1500.0
ORD005603,2025-07-06,CUST0321,P009,1,0.0,Net Banking,Completed,12000,8500,12000,12000.0,8500,3500.0
ORD005604,2026-01-25,CUST1459,P005,1,0.0,Credit Card,Completed,4500,3000,4500,4500.0,3000,1500.0
ORD005605,2025-08-06,CUST1660,P015,1,0.15,Credit Card,Completed,2200,1400,2200,1870.0,1400,470.0
ORD005606,2025-04-18,CUST1700,P002,3,0.0,Debit Card,Completed,18000,13500,54000,54000.0,40500,13500.0
ORD005607,2026-07-04,CUST1432,P004,1,0.05,Net Banking,Completed,1500,950,1500,1425.0,950,475.0
ORD005608,2025-12-15,CUST0923,P003,3,0.1,UPI,Completed,3000,2100,9000,8100.0,6300,1800.0
ORD005609,2026-06-06,CUST1410,P004,2,0.1,UPI,Completed,1500,950,3000,2700.0,1900,800.0
ORD005610,2025-01-26,CUST1695,P010,1,0.05,Credit Card,Completed,22000,16000,22000,20900.0,16000,4900.0
ORD005611,2025-02-17,CUST0569,P007,2,0.0,Credit Card,Returned,28000,22000,56000,56000.0,44000,12000.0
ORD005612,2026-01-05,CUST1102,P010,1,0.05,Debit Card,Completed,22000,16000,22000,20900.0,16000,4900.0
ORD005613,2025-01-14,CUST1218,P008,1,0.0,Credit Card,Completed,16000,12500,16000,16000.0,12500,3500.0
ORD005614,2026-09-04,CUST1309,P001,2,0.0,UPI,Completed,65000,52000,130000,130000.0,104000,26000.0
ORD005615,2025-07-06,CUST0527,P013,5,0.1,UPI,Completed,6000,4200,30000,27000.0,21000,6000.0
ORD005616,2026-06-08,CUST0524,P008,3,0.0,Net Banking,Completed,16000,12500,48000,48000.0,37500,10500.0
ORD005617,2025-10-06,CUST0613,P005,4,0.0,UPI,Completed,4500,3000,18000,18000.0,12000,6000.0
ORD005618,2025-12-07,CUST1180,P012,1,0.0,UPI,Completed,9000,6500,9000,9000.0,6500,2500.0
ORD005619,2025-11-24,CUST1364,P007,1,0.05,Debit Card,Completed,28000,22000,28000,26600.0,22000,4600.0
ORD005620,2026-09-26,CUST0125,P011,1,0.1,Debit Card,Completed,4000,2600,4000,3600.0,2600,1000.0
ORD005621,2026-08-30,CUST0871,P011,1,0.1,Debit Card,Completed,4000,2600,4000,3600.0,2600,1000.0
ORD005622,2025-01-25,CUST0280,P001,1,0.1,Credit Card,Completed,65000,52000,65000,58500.0,52000,6500.0
ORD005623,2026-06-13,CUST0917,P002,2,0.1,Cash,Completed,18000,13500,36000,32400.0,27000,5400.0
ORD005624,2026-03-02,CUST0622,P001,2,0.1,UPI,Completed,65000,52000,130000,117000.0,104000,13000.0
ORD005625,2025-01-29,CUST0846,P005,4,0.0,Credit Card,Completed,4500,3000,18000,18000.0,12000,6000.0
ORD005626,2025-11-19,CUST1682,P014,4,0.05,Credit Card,Completed,2500,1600,10000,9500.0,6400,3100.0
ORD005627,2025-11-09,CUST1752,P014,1,0.1,UPI,Completed,2500,1600,2500,2250.0,1600,650.0
ORD005628,2026-08-07,CUST0674,P006,3,0.0,Credit Card,Completed,35000,28500,105000,105000.0,85500,19500.0
ORD005629,2025-09-27,CUST1152,P010,2,0.0,Net Banking,Completed,22000,16000,44000,44000.0,32000,12000.0
ORD005630,2025-10-22,CUST0314,P009,1,0.05,Credit Card,Completed,12000,8500,12000,11400.0,8500,2900.0
ORD005631,2025-08-11,CUST0332,P008,3,0.05,Net Banking,Completed,16000,12500,48000,45600.0,37500,8100.0
ORD005632,2025-03-16,CUST1174,P007,1,0.05,Debit Card,Completed,28000,22000,28000,26600.0,22000,4600.0
ORD005633,2025-04-12,CUST1478,P012,3,0.1,Debit Card,Completed,9000,6500,27000,24300.0,19500,4800.0
ORD005634,2026-06-16,CUST0036,P005,2,0.05,Net Banking,Completed,4500,3000,9000,8550.0,6000,2550.0
ORD005635,2026-09-21,CUST1709,P014,3,0.15,Debit Card,Completed,2500,1600,7500,6375.0,4800,1575.0
ORD005636,2025-06-22,CUST1444,P015,5,0.05,Debit Card,Completed,2200,1400,11000,10450.0,7000,3450.0
ORD005637,2025-01-04,CUST1046,P003,2,0.05,Debit Card,Completed,3000,2100,6000,5700.0,4200,1500.0
ORD005638,2026-04-24,CUST0206,P009,1,0.0,Credit Card,Cancelled,12000,8500,12000,12000.0,8500,3500.0
ORD005639,2026-01-30,CUST0639,P013,1,0.0,Credit Card,Completed,6000,4200,6000,6000.0,4200,1800.0
ORD005640,2026-09-18,CUST0848,P005,1,0.15,UPI,Completed,4500,3000,4500,3825.0,3000,825.0
ORD005641,2025-06-16,CUST1380,P003,1,0.0,Net Banking,Completed,3000,2100,3000,3000.0,2100,900.0
ORD005642,2025-10-27,CUST0440,P003,3,0.0,UPI,Completed,3000,2100,9000,9000.0,6300,2700.0
ORD005643,2025-04-28,CUST0729,P003,1,0.05,Credit Card,Completed,3000,2100,3000,2850.0,2100,750.0
ORD005644,2026-05-27,CUST1120,P014,5,0.0,UPI,Completed,2500,1600,12500,12500.0,8000,4500.0
ORD005645,2026-09-04,CUST0941,P006,2,0.05,Debit Card,Completed,35000,28500,70000,66500.0,57000,9500.0
ORD005646,2025-06-24,CUST0164,P001,1,0.0,Cash,Completed,65000,52000,65000,65000.0,52000,13000.0
ORD005647,2025-06-08,CUST0148,P011,1,0.05,Net Banking,Completed,4000,2600,4000,3800.0,2600,1200.0
ORD005648,2026-01-19,CUST1554,P004,1,0.1,Debit Card,Completed,1500,950,1500,1350.0,950,400.0
ORD005649,2025-08-15,CUST0294,P013,2,0.1,Credit Card,Completed,6000,4200,12000,10800.0,8400,2400.0
ORD005650,2025-02-07,CUST0195,P008,2,0.05,Credit Card,Completed,16000,12500,32000,30400.0,25000,5400.0
ORD005651,2026-04-08,CUST0663,P003,1,0.05,UPI,Completed,3000,2100,3000,2850.0,2100,750.0
ORD005652,2026-03-07,CUST0480,P005,2,0.1,UPI,Cancelled,4500,3000,9000,8100.0,6000,2100.0
ORD005653,2025-04-14,CUST0123,P002,2,0.1,Credit Card,Completed,18000,13500,36000,32400.0,27000,5400.0
ORD005654,2025-07-12,CUST1424,P015,3,0.0,Net Banking,Completed,2200,1400,6600,6600.0,4200,2400.0
ORD005655,2025-09-07,CUST0699,P002,3,0.0,Credit Card,Completed,18000,13500,54000,54000.0,40500,13500.0
ORD005656,2025-01-13,CUST0965,P011,1,0.0,Credit Card,Completed,4000,2600,4000,4000.0,2600,1400.0
ORD005657,2026-07-21,CUST1476,P013,1,0.0,Net Banking,Completed,6000,4200,6000,6000.0,4200,1800.0
ORD005658,2026-08-20,CUST0661,P007,2,0.0,Credit Card,Completed,28000,22000,56000,56000.0,44000,12000.0
ORD005659,2026-09-13,CUST1128,P010,5,0.0,UPI,Completed,22000,16000,110000,110000.0,80000,30000.0
ORD005660,2026-07-09,CUST1779,P003,1,0.1,Credit Card,Completed,3000,2100,3000,2700.0,2100,600.0
ORD005661,2026-01-23,CUST1486,P005,1,0.05,Credit Card,Completed,4500,3000,4500,4275.0,3000,1275.0
ORD005662,2025-03-12,CUST1767,P003,1,0.0,Debit Card,Completed,3000,2100,3000,3000.0,2100,900.0
ORD005663,2026-07-25,CUST1742,P006,1,0.1,UPI,Returned,35000,28500,35000,31500.0,28500,3000.0
ORD005664,2026-03-14,CUST0710,P013,1,0.1,Debit Card,Completed,6000,4200,6000,5400.0,4200,1200.0
ORD005665,2025-02-13,CUST0396,P010,1,0.05,Net Banking,Completed,22000,16000,22000,20900.0,16000,4900.0
ORD005666,2025-09-29,CUST0912,P003,2,0.05,UPI,Completed,3000,2100,6000,5700.0,4200,1500.0
ORD005667,2025-01-14,CUST1361,P008,1,0.0,UPI,Completed,16000,12500,16000,16000.0,12500,3500.0
ORD005668,2026-01-06,CUST1005,P002,1,0.05,Debit Card,Completed,18000,13500,18000,17100.0,13500,3600.0
ORD005669,2025-04-22,CUST1623,P003,1,0.05,Credit Card,Completed,3000,2100,3000,2850.0,2100,750.0
ORD005670,2026-01-14,CUST1166,P008,3,0.05,Credit Card,Completed,16000,12500,48000,45600.0,37500,8100.0
ORD005671,2025-11-10,CUST0317,P008,2,0.05,Debit Card,Completed,16000,12500,32000,30400.0,25000,5400.0
ORD005672,2026-02-19,CUST1735,P001,4,0.1,Credit Card,Completed,65000,52000,260000,234000.0,208000,26000.0
ORD005673,2026-04-30,CUST1582,P008,2,0.05,Net Banking,Completed,16000,12500,32000,30400.0,25000,5400.0
ORD005674,2025-06-18,CUST1551,P010,1,0.05,Credit Card,Completed,22000,16000,22000,20900.0,16000,4900.0
ORD005675,2025-09-03,CUST1580,P002,1,0.0,UPI,Completed,18000,13500,18000,18000.0,13500,4500.0
ORD005676,2025-09-23,CUST1425,P012,2,0.1,Net Banking,Completed,9000,6500,18000,16200.0,13000,3200.0
ORD005677,2025-08-31,CUST0681,P007,2,0.15,UPI,Completed,28000,22000,56000,47600.0,44000,3600.0
ORD005678,2025-10-27,CUST1334,P006,2,0.1,UPI,Completed,35000,28500,70000,63000.0,57000,6000.0
ORD005679,2025-11-23,CUST0495,P002,2,0.2,Net Banking,Completed,18000,13500,36000,28800.0,27000,1800.0
ORD005680,2026-06-14,CUST0556,P005,2,0.0,UPI,Completed,4500,3000,9000,9000.0,6000,3000.0
ORD005681,2026-08-18,CUST0610,P007,1,0.0,UPI,Completed,28000,22000,28000,28000.0,22000,6000.0
ORD005682,2025-12-08,CUST1797,P008,3,0.05,Credit Card,Completed,16000,12500,48000,45600.0,37500,8100.0
ORD005683,2026-07-08,CUST0109,P003,2,0.0,UPI,Completed,3000,2100,6000,6000.0,4200,1800.0
ORD005684,2025-09-06,CUST0372,P001,1,0.0,Debit Card,Completed,65000,52000,65000,65000.0,52000,13000.0
ORD005685,2026-01-15,CUST0855,P013,2,0.05,Credit Card,Completed,6000,4200,12000,11400.0,8400,3000.0
ORD005686,2026-06-16,CUST0616,P007,2,0.0,Debit Card,Completed,28000,22000,56000,56000.0,44000,12000.0
ORD005687,2026-01-16,CUST0768,P013,1,0.0,UPI,Completed,6000,4200,6000,6000.0,4200,1800.0
ORD005688,2025-02-11,CUST0206,P005,1,0.2,Net Banking,Completed,4500,3000,4500,3600.0,3000,600.0
ORD005689,2025-12-11,CUST0847,P005,1,0.0,UPI,Completed,4500,3000,4500,4500.0,3000,1500.0
ORD005690,2026-08-22,CUST0043,P007,1,0.0,Debit Card,Completed,28000,22000,28000,28000.0,22000,6000.0
ORD005691,2025-09-18,CUST0865,P001,1,0.0,Net Banking,Completed,65000,52000,65000,65000.0,52000,13000.0
ORD005692,2025-11-02,CUST1269,P008,1,0.1,Credit Card,Completed,16000,12500,16000,14400.0,12500,1900.0
ORD005693,2025-08-28,CUST1311,P012,1,0.1,UPI,Completed,9000,6500,9000,8100.0,6500,1600.0
ORD005694,2025-11-09,CUST1379,P014,1,0.0,UPI,Completed,2500,1600,2500,2500.0,1600,900.0
ORD005695,2026-03-17,CUST0785,P010,3,0.0,Cash,Completed,22000,16000,66000,66000.0,48000,18000.0
ORD005696,2025-05-13,CUST0476,P015,1,0.1,Debit Card,Completed,2200,1400,2200,1980.0,1400,580.0
ORD005697,2025-02-20,CUST0083,P005,1,0.0,Net Banking,Completed,4500,3000,4500,4500.0,3000,1500.0
ORD005698,2026-09-10,CUST1134,P008,1,0.2,Debit Card,Completed,16000,12500,16000,12800.0,12500,300.0
ORD005699,2026-01-27,CUST0190,P010,3,0.05,UPI,Completed,22000,16000,66000,62700.0,48000,14700.0
ORD005700,2026-06-07,CUST0800,P015,1,0.0,UPI,Completed,2200,1400,2200,2200.0,1400,800.0
ORD005701,2026-05-23,CUST0936,P010,1,0.15,Net Banking,Returned,22000,16000,22000,18700.0,16000,2700.0
ORD005702,2025-12-20,CUST0251,P005,1,0.0,Credit Card,Completed,4500,3000,4500,4500.0,3000,1500.0
ORD005703,2026-01-30,CUST1748,P012,5,0.0,Credit Card,Completed,9000,6500,45000,45000.0,32500,12500.0
ORD005704,2025-04-06,CUST0291,P007,2,0.0,Credit Card,Completed,28000,22000,56000,56000.0,44000,12000.0
ORD005705,2025-04-16,CUST1669,P010,1,0.1,UPI,Completed,22000,16000,22000,19800.0,16000,3800.0
ORD005706,2026-05-28,CUST1225,P003,1,0.0,UPI,Completed,3000,2100,3000,3000.0,2100,900.0
ORD005707,2026-07-12,CUST0326,P002,1,0.05,Debit Card,Completed,18000,13500,18000,17100.0,13500,3600.0
ORD005708,2025-08-30,CUST1535,P006,1,0.0,UPI,Completed,35000,28500,35000,35000.0,28500,6500.0
ORD005709,2026-05-03,CUST1433,P005,3,0.1,UPI,Completed,4500,3000,13500,12150.0,9000,3150.0
ORD005710,2026-05-30,CUST1631,P009,2,0.0,Credit Card,Completed,12000,8500,24000,24000.0,17000,7000.0
ORD005711,2025-03-02,CUST0837,P010,2,0.0,Debit Card,Completed,22000,16000,44000,44000.0,32000,12000.0
ORD005712,2026-02-20,CUST0508,P004,1,0.05,UPI,Completed,1500,950,1500,1425.0,950,475.0
ORD005713,2025-10-21,CUST0731,P011,2,0.1,UPI,Completed,4000,2600,8000,7200.0,5200,2000.0
ORD005714,2025-10-29,CUST1625,P003,1,0.1,Cash,Completed,3000,2100,3000,2700.0,2100,600.0
ORD005715,2025-06-19,CUST0072,P009,1,0.0,UPI,Completed,12000,8500,12000,12000.0,8500,3500.0
ORD005716,2025-02-10,CUST1271,P008,2,0.1,UPI,Returned,16000,12500,32000,28800.0,25000,3800.0
ORD005717,2025-08-19,CUST0641,P006,1,0.05,UPI,Completed,35000,28500,35000,33250.0,28500,4750.0
ORD005718,2026-02-13,CUST1748,P001,2,0.0,UPI,Completed,65000,52000,130000,130000.0,104000,26000.0
ORD005719,2026-09-14,CUST0940,P014,3,0.1,Credit Card,Completed,2500,1600,7500,6750.0,4800,1950.0
ORD005720,2025-10-24,CUST0608,P010,1,0.05,Net Banking,Completed,22000,16000,22000,20900.0,16000,4900.0
ORD005721,2026-03-31,CUST1611,P013,3,0.1,Credit Card,Completed,6000,4200,18000,16200.0,12600,3600.0
ORD005722,2025-02-26,CUST0566,P012,1,0.15,Debit Card,Completed,9000,6500,9000,7650.0,6500,1150.0
ORD005723,2026-09-27,CUST1368,P011,1,0.05,Net Banking,Completed,4000,2600,4000,3800.0,2600,1200.0
ORD005724,2025-08-28,CUST0054,P001,2,0.0,UPI,Completed,65000,52000,130000,130000.0,104000,26000.0
ORD005725,2026-08-21,CUST1754,P012,2,0.15,Credit Card,Completed,9000,6500,18000,15300.0,13000,2300.0
ORD005726,2025-06-25,CUST0528,P006,1,0.0,Debit Card,Completed,35000,28500,35000,35000.0,28500,6500.0
ORD005727,2025-03-04,CUST0611,P013,3,0.05,UPI,Completed,6000,4200,18000,17100.0,12600,4500.0
ORD005728,2026-07-05,CUST1556,P003,5,0.0,Debit Card,Completed,3000,2100,15000,15000.0,10500,4500.0
ORD005729,2025-05-18,CUST1582,P003,1,0.0,Debit Card,Completed,3000,2100,3000,3000.0,2100,900.0
ORD005730,2026-03-30,CUST0193,P006,3,0.1,Credit Card,Completed,35000,28500,105000,94500.0,85500,9000.0
ORD005731,2026-03-25,CUST0058,P013,2,0.05,UPI,Completed,6000,4200,12000,11400.0,8400,3000.0
ORD005732,2025-08-14,CUST1461,P003,4,0.1,UPI,Completed,3000,2100,12000,10800.0,8400,2400.0
ORD005733,2026-03-19,CUST1135,P013,1,0.1,Credit Card,Completed,6000,4200,6000,5400.0,4200,1200.0
ORD005734,2025-07-25,CUST0129,P011,3,0.0,UPI,Completed,4000,2600,12000,12000.0,7800,4200.0
ORD005735,2025-01-27,CUST0706,P010,1,0.05,Net Banking,Completed,22000,16000,22000,20900.0,16000,4900.0
ORD005736,2026-04-02,CUST0852,P006,3,0.1,UPI,Completed,35000,28500,105000,94500.0,85500,9000.0
ORD005737,2025-04-17,CUST1350,P005,2,0.1,Debit Card,Completed,4500,3000,9000,8100.0,6000,2100.0
ORD005738,2026-03-20,CUST0008,P004,1,0.05,UPI,Completed,1500,950,1500,1425.0,950,475.0
ORD005739,2025-02-05,CUST0029,P008,1,0.05,Net Banking,Completed,16000,12500,16000,15200.0,12500,2700.0
ORD005740,2026-08-20,CUST1136,P002,3,0.05,Net Banking,Completed,18000,13500,54000,51300.0,40500,10800.0
ORD005741,2025-06-04,CUST0947,P015,2,0.05,Net Banking,Completed,2200,1400,4400,4180.0,2800,1380.0
ORD005742,2025-06-18,CUST1697,P012,1,0.0,Credit Card,Completed,9000,6500,9000,9000.0,6500,2500.0
ORD005743,2025-09-29,CUST0131,P014,1,0.1,UPI,Completed,2500,1600,2500,2250.0,1600,650.0
ORD005744,2026-07-01,CUST0188,P011,3,0.0,Credit Card,Completed,4000,2600,12000,12000.0,7800,4200.0
ORD005745,2026-02-24,CUST1699,P007,1,0.2,Credit Card,Completed,28000,22000,28000,22400.0,22000,400.0
ORD005746,2025-07-03,CUST0709,P004,1,0.1,Cash,Completed,1500,950,1500,1350.0,950,400.0
ORD005747,2026-09-03,CUST1499,P002,4,0.0,Credit Card,Completed,18000,13500,72000,72000.0,54000,18000.0
ORD005748,2025-08-25,CUST1388,P015,1,0.0,Debit Card,Completed,2200,1400,2200,2200.0,1400,800.0
ORD005749,2026-05-24,CUST1228,P007,1,0.1,Net Banking,Cancelled,28000,22000,28000,25200.0,22000,3200.0
ORD005750,2026-03-17,CUST0212,P013,1,0.1,Credit Card,Completed,6000,4200,6000,5400.0,4200,1200.0
ORD005751,2025-05-02,CUST1645,P001,3,0.2,Credit Card,Completed,65000,52000,195000,156000.0,156000,0.0
ORD005752,2026-02-21,CUST0276,P004,1,0.0,UPI,Completed,1500,950,1500,1500.0,950,550.0
ORD005753,2026-06-19,CUST1097,P009,2,0.0,UPI,Completed,12000,8500,24000,24000.0,17000,7000.0
ORD005754,2026-01-10,CUST1703,P014,3,0.15,Debit Card,Completed,2500,1600,7500,6375.0,4800,1575.0
ORD005755,2026-07-29,CUST1796,P004,1,0.0,Net Banking,Returned,1500,950,1500,1500.0,950,550.0
ORD005756,2025-11-22,CUST0243,P012,3,0.1,Credit Card,Completed,9000,6500,27000,24300.0,19500,4800.0
ORD005757,2026-04-25,CUST1126,P013,1,0.0,Credit Card,Completed,6000,4200,6000,6000.0,4200,1800.0
ORD005758,2025-05-30,CUST0987,P003,2,0.1,UPI,Completed,3000,2100,6000,5400.0,4200,1200.0
ORD005759,2026-08-15,CUST0685,P010,1,0.0,Credit Card,Completed,22000,16000,22000,22000.0,16000,6000.0
ORD005760,2026-05-05,CUST0171,P010,2,0.1,UPI,Completed,22000,16000,44000,39600.0,32000,7600.0
ORD005761,2025-06-02,CUST0653,P002,1,0.05,Debit Card,Completed,18000,13500,18000,17100.0,13500,3600.0
ORD005762,2025-01-17,CUST0188,P014,1,0.2,Credit Card,Completed,2500,1600,2500,2000.0,1600,400.0
ORD005763,2026-07-05,CUST1465,P015,4,0.0,Credit Card,Completed,2200,1400,8800,8800.0,5600,3200.0
ORD005764,2025-12-14,CUST1110,P003,1,0.0,UPI,Completed,3000,2100,3000,3000.0,2100,900.0
ORD005765,2026-04-04,CUST1500,P001,3,0.0,Debit Card,Completed,65000,52000,195000,195000.0,156000,39000.0
ORD005766,2025-07-21,CUST0052,P010,1,0.15,UPI,Completed,22000,16000,22000,18700.0,16000,2700.0
ORD005767,2026-02-27,CUST0111,P008,1,0.05,Credit Card,Completed,16000,12500,16000,15200.0,12500,2700.0
ORD005768,2025-10-07,CUST0877,P001,3,0.05,Credit Card,Completed,65000,52000,195000,185250.0,156000,29250.0
ORD005769,2026-02-26,CUST1067,P003,1,0.0,Credit Card,Completed,3000,2100,3000,3000.0,2100,900.0
ORD005770,2026-08-23,CUST0211,P014,3,0.05,UPI,Completed,2500,1600,7500,7125.0,4800,2325.0
ORD005771,2026-04-10,CUST1224,P003,2,0.05,Net Banking,Completed,3000,2100,6000,5700.0,4200,1500.0
ORD005772,2025-12-21,CUST0858,P013,1,0.0,Credit Card,Completed,6000,4200,6000,6000.0,4200,1800.0
ORD005773,2026-08-05,CUST1776,P015,2,0.1,Debit Card,Completed,2200,1400,4400,3960.0,2800,1160.0
ORD005774,2026-01-13,CUST0627,P002,1,0.0,Debit Card,Completed,18000,13500,18000,18000.0,13500,4500.0
ORD005775,2025-05-04,CUST1050,P014,1,0.1,Debit Card,Completed,2500,1600,2500,2250.0,1600,650.0
ORD005776,2025-03-21,CUST0299,P005,2,0.1,Credit Card,Completed,4500,3000,9000,8100.0,6000,2100.0
ORD005777,2026-07-11,CUST1101,P010,1,0.15,Net Banking,Completed,22000,16000,22000,18700.0,16000,2700.0
ORD005778,2025-08-21,CUST0924,P003,1,0.1,Net Banking,Completed,3000,2100,3000,2700.0,2100,600.0
ORD005779,2026-04-25,CUST0137,P003,3,0.0,Credit Card,Completed,3000,2100,9000,9000.0,6300,2700.0
ORD005780,2025-06-03,CUST1044,P008,3,0.1,Debit Card,Completed,16000,12500,48000,43200.0,37500,5700.0
ORD005781,2026-02-13,CUST0440,P004,2,0.0,UPI,Completed,1500,950,3000,3000.0,1900,1100.0
ORD005782,2025-01-31,CUST0211,P004,2,0.0,UPI,Completed,1500,950,3000,3000.0,1900,1100.0
ORD005783,2026-08-20,CUST0752,P003,2,0.1,Credit Card,Completed,3000,2100,6000,5400.0,4200,1200.0
ORD005784,2026-07-11,CUST1575,P011,2,0.15,Net Banking,Completed,4000,2600,8000,6800.0,5200,1600.0
ORD005785,2026-05-18,CUST0435,P001,1,0.0,Debit Card,Completed,65000,52000,65000,65000.0,52000,13000.0
ORD005786,2026-01-06,CUST0780,P008,5,0.0,Debit Card,Completed,16000,12500,80000,80000.0,62500,17500.0
ORD005787,2025-11-19,CUST1231,P015,1,0.05,UPI,Completed,2200,1400,2200,2090.0,1400,690.0
ORD005788,2025-11-28,CUST0439,P001,2,0.0,Credit Card,Completed,65000,52000,130000,130000.0,104000,26000.0
ORD005789,2025-08-31,CUST0666,P007,3,0.1,Credit Card,Completed,28000,22000,84000,75600.0,66000,9600.0
ORD005790,2026-07-06,CUST1066,P005,2,0.0,Net Banking,Completed,4500,3000,9000,9000.0,6000,3000.0
ORD005791,2026-03-06,CUST0411,P004,3,0.0,UPI,Completed,1500,950,4500,4500.0,2850,1650.0
ORD005792,2025-07-01,CUST1547,P004,1,0.05,Credit Card,Completed,1500,950,1500,1425.0,950,475.0
ORD005793,2026-04-18,CUST0806,P008,1,0.15,Net Banking,Completed,16000,12500,16000,13600.0,12500,1100.0
ORD005794,2026-01-11,CUST0610,P011,3,0.1,Net Banking,Completed,4000,2600,12000,10800.0,7800,3000.0
ORD005795,2025-03-22,CUST0427,P011,1,0.1,Net Banking,Completed,4000,2600,4000,3600.0,2600,1000.0
ORD005796,2026-07-04,CUST1299,P013,2,0.0,Credit Card,Completed,6000,4200,12000,12000.0,8400,3600.0
ORD005797,2026-02-24,CUST1472,P014,1,0.15,Net Banking,Completed,2500,1600,2500,2125.0,1600,525.0
ORD005798,2026-04-12,CUST0902,P006,2,0.05,Net Banking,Completed,35000,28500,70000,66500.0,57000,9500.0
ORD005799,2026-03-04,CUST0942,P014,2,0.15,Net Banking,Completed,2500,1600,5000,4250.0,3200,1050.0
ORD005800,2025-02-26,CUST0742,P012,1,0.05,Net Banking,Completed,9000,6500,9000,8550.0,6500,2050.0
ORD005801,2025-11-18,CUST1393,P001,2,0.0,Net Banking,Completed,65000,52000,130000,130000.0,104000,26000.0
ORD005802,2026-06-26,CUST1244,P014,2,0.0,UPI,Completed,2500,1600,5000,5000.0,3200,1800.0
ORD005803,2026-05-10,CUST1601,P010,1,0.05,UPI,Completed,22000,16000,22000,20900.0,16000,4900.0
ORD005804,2025-09-23,CUST1256,P008,2,0.0,Debit Card,Completed,16000,12500,32000,32000.0,25000,7000.0
ORD005805,2025-08-15,CUST0328,P013,2,0.15,Credit Card,Completed,6000,4200,12000,10200.0,8400,1800.0
ORD005806,2025-02-23,CUST1467,P014,1,0.0,UPI,Completed,2500,1600,2500,2500.0,1600,900.0
ORD005807,2026-09-01,CUST0052,P002,2,0.0,Debit Card,Completed,18000,13500,36000,36000.0,27000,9000.0
ORD005808,2025-01-04,CUST0376,P006,1,0.0,UPI,Completed,35000,28500,35000,35000.0,28500,6500.0
ORD005809,2026-03-15,CUST0263,P009,1,0.0,UPI,Completed,12000,8500,12000,12000.0,8500,3500.0
ORD005810,2025-11-06,CUST0267,P001,1,0.1,Credit Card,Completed,65000,52000,65000,58500.0,52000,6500.0
ORD005811,2026-08-26,CUST0359,P006,2,0.05,UPI,Completed,35000,28500,70000,66500.0,57000,9500.0
ORD005812,2025-03-30,CUST1341,P008,4,0.1,Debit Card,Completed,16000,12500,64000,57600.0,50000,7600.0
ORD005813,2025-11-16,CUST1348,P010,1,0.0,Net Banking,Completed,22000,16000,22000,22000.0,16000,6000.0
ORD005814,2026-01-10,CUST1690,P013,1,0.15,Debit Card,Completed,6000,4200,6000,5100.0,4200,900.0
ORD005815,2026-08-27,CUST0652,P002,1,0.0,Debit Card,Completed,18000,13500,18000,18000.0,13500,4500.0
ORD005816,2026-05-16,CUST1587,P005,2,0.15,UPI,Completed,4500,3000,9000,7650.0,6000,1650.0
ORD005817,2025-08-22,CUST1653,P006,1,0.0,Credit Card,Completed,35000,28500,35000,35000.0,28500,6500.0
ORD005818,2025-12-03,CUST1445,P005,2,0.1,Net Banking,Completed,4500,3000,9000,8100.0,6000,2100.0
ORD005819,2026-07-25,CUST0046,P003,1,0.05,Debit Card,Completed,3000,2100,3000,2850.0,2100,750.0
ORD005820,2025-07-04,CUST0600,P004,3,0.05,UPI,Completed,1500,950,4500,4275.0,2850,1425.0
ORD005821,2026-03-14,CUST0720,P007,2,0.0,Net Banking,Completed,28000,22000,56000,56000.0,44000,12000.0
ORD005822,2026-07-10,CUST1293,P004,4,0.1,Cash,Completed,1500,950,6000,5400.0,3800,1600.0
ORD005823,2025-06-29,CUST0601,P009,1,0.0,UPI,Completed,12000,8500,12000,12000.0,8500,3500.0
ORD005824,2025-03-17,CUST0381,P011,2,0.05,UPI,Completed,4000,2600,8000,7600.0,5200,2400.0
ORD005825,2026-09-05,CUST0118,P012,3,0.1,UPI,Completed,9000,6500,27000,24300.0,19500,4800.0
ORD005826,2025-09-29,CUST1590,P014,2,0.1,UPI,Completed,2500,1600,5000,4500.0,3200,1300.0
ORD005827,2025-02-24,CUST0116,P013,1,0.2,Net Banking,Completed,6000,4200,6000,4800.0,4200,600.0
ORD005828,2025-03-18,CUST1654,P013,5,0.0,Net Banking,Completed,6000,4200,30000,30000.0,21000,9000.0
ORD005829,2025-10-23,CUST0260,P010,1,0.0,Debit Card,Completed,22000,16000,22000,22000.0,16000,6000.0
ORD005830,2025-08-07,CUST1099,P002,1,0.0,Debit Card,Cancelled,18000,13500,18000,18000.0,13500,4500.0
ORD005831,2025-10-04,CUST1504,P005,2,0.1,Debit Card,Completed,4500,3000,9000,8100.0,6000,2100.0
ORD005832,2026-08-01,CUST0305,P008,2,0.15,Credit Card,Completed,16000,12500,32000,27200.0,25000,2200.0
ORD005833,2025-09-23,CUST0007,P014,3,0.2,Debit Card,Completed,2500,1600,7500,6000.0,4800,1200.0
ORD005834,2025-02-12,CUST0366,P005,1,0.15,Net Banking,Completed,4500,3000,4500,3825.0,3000,825.0
ORD005835,2025-12-27,CUST1658,P010,1,0.15,Net Banking,Completed,22000,16000,22000,18700.0,16000,2700.0
ORD005836,2025-08-16,CUST0523,P012,2,0.2,UPI,Completed,9000,6500,18000,14400.0,13000,1400.0
ORD005837,2025-08-15,CUST1372,P008,1,0.05,Credit Card,Completed,16000,12500,16000,15200.0,12500,2700.0
ORD005838,2025-03-04,CUST1462,P008,4,0.15,Credit Card,Completed,16000,12500,64000,54400.0,50000,4400.0
ORD005839,2025-06-20,CUST1239,P009,3,0.1,Debit Card,Completed,12000,8500,36000,32400.0,25500,6900.0
ORD005840,2025-11-03,CUST0429,P010,1,0.0,Credit Card,Completed,22000,16000,22000,22000.0,16000,6000.0
ORD005841,2026-07-22,CUST0791,P006,1,0.0,UPI,Completed,35000,28500,35000,35000.0,28500,6500.0
ORD005842,2025-02-03,CUST1522,P012,4,0.0,Debit Card,Completed,9000,6500,36000,36000.0,26000,10000.0
ORD005843,2025-05-10,CUST1564,P004,1,0.1,Credit Card,Completed,1500,950,1500,1350.0,950,400.0
ORD005844,2026-01-29,CUST0747,P012,1,0.1,UPI,Completed,9000,6500,9000,8100.0,6500,1600.0
ORD005845,2025-05-31,CUST0367,P011,1,0.0,Net Banking,Completed,4000,2600,4000,4000.0,2600,1400.0
ORD005846,2026-09-22,CUST0313,P003,1,0.1,UPI,Completed,3000,2100,3000,2700.0,2100,600.0
ORD005847,2026-01-19,CUST0538,P015,3,0.0,UPI,Completed,2200,1400,6600,6600.0,4200,2400.0
ORD005848,2025-01-17,CUST0921,P012,2,0.1,UPI,Returned,9000,6500,18000,16200.0,13000,3200.0
ORD005849,2026-08-17,CUST1078,P014,4,0.1,UPI,Completed,2500,1600,10000,9000.0,6400,2600.0
ORD005850,2025-01-14,CUST1565,P005,1,0.2,Credit Card,Completed,4500,3000,4500,3600.0,3000,600.0
ORD005851,2025-03-22,CUST1491,P006,2,0.0,Debit Card,Completed,35000,28500,70000,70000.0,57000,13000.0
ORD005852,2025-07-26,CUST0865,P003,5,0.15,Credit Card,Cancelled,3000,2100,15000,12750.0,10500,2250.0
ORD005853,2025-07-23,CUST1188,P002,3,0.0,UPI,Completed,18000,13500,54000,54000.0,40500,13500.0
ORD005854,2026-01-14,CUST0782,P007,2,0.05,UPI,Completed,28000,22000,56000,53200.0,44000,9200.0
ORD005855,2026-06-28,CUST0334,P011,1,0.05,Credit Card,Completed,4000,2600,4000,3800.0,2600,1200.0
ORD005856,2025-01-23,CUST1571,P005,3,0.1,Credit Card,Completed,4500,3000,13500,12150.0,9000,3150.0
ORD005857,2026-09-06,CUST0798,P009,1,0.2,UPI,Completed,12000,8500,12000,9600.0,8500,1100.0
ORD005858,2025-06-11,CUST0348,P015,2,0.05,UPI,Completed,2200,1400,4400,4180.0,2800,1380.0
ORD005859,2026-09-02,CUST0273,P003,2,0.15,UPI,Completed,3000,2100,6000,5100.0,4200,900.0
ORD005860,2025-05-24,CUST0963,P014,2,0.0,UPI,Completed,2500,1600,5000,5000.0,3200,1800.0
ORD005861,2025-04-14,CUST0720,P015,2,0.05,UPI,Completed,2200,1400,4400,4180.0,2800,1380.0
ORD005862,2026-01-17,CUST1774,P008,2,0.05,Debit Card,Completed,16000,12500,32000,30400.0,25000,5400.0
ORD005863,2026-03-31,CUST1438,P006,1,0.0,UPI,Completed,35000,28500,35000,35000.0,28500,6500.0
ORD005864,2026-02-21,CUST0500,P004,1,0.2,UPI,Cancelled,1500,950,1500,1200.0,950,250.0
ORD005865,2025-11-20,CUST1117,P012,2,0.1,Credit Card,Completed,9000,6500,18000,16200.0,13000,3200.0
ORD005866,2025-06-20,CUST0685,P012,1,0.05,Credit Card,Completed,9000,6500,9000,8550.0,6500,2050.0
ORD005867,2026-07-30,CUST0079,P015,1,0.1,Credit Card,Completed,2200,1400,2200,1980.0,1400,580.0
ORD005868,2026-08-06,CUST0622,P009,1,0.05,UPI,Completed,12000,8500,12000,11400.0,8500,2900.0
ORD005869,2025-10-01,CUST1241,P005,1,0.0,Debit Card,Completed,4500,3000,4500,4500.0,3000,1500.0
ORD005870,2026-03-28,CUST0947,P015,5,0.05,Debit Card,Completed,2200,1400,11000,10450.0,7000,3450.0
ORD005871,2025-05-05,CUST0358,P010,1,0.1,Credit Card,Returned,22000,16000,22000,19800.0,16000,3800.0
ORD005872,2026-01-18,CUST0618,P006,2,0.2,Credit Card,Completed,35000,28500,70000,56000.0,57000,-1000.0
ORD005873,2025-11-13,CUST0507,P014,2,0.0,UPI,Completed,2500,1600,5000,5000.0,3200,1800.0
ORD005874,2025-04-17,CUST1583,P015,1,0.05,Debit Card,Completed,2200,1400,2200,2090.0,1400,690.0
ORD005875,2026-04-08,CUST1205,P015,4,0.0,Credit Card,Completed,2200,1400,8800,8800.0,5600,3200.0
ORD005876,2026-03-06,CUST0576,P013,1,0.0,UPI,Completed,6000,4200,6000,6000.0,4200,1800.0
ORD005877,2025-12-03,CUST1270,P009,3,0.1,Credit Card,Completed,12000,8500,36000,32400.0,25500,6900.0
ORD005878,2026-05-11,CUST0244,P007,1,0.0,Net Banking,Completed,28000,22000,28000,28000.0,22000,6000.0
ORD005879,2025-12-28,CUST0506,P012,1,0.1,Credit Card,Completed,9000,6500,9000,8100.0,6500,1600.0
ORD005880,2026-03-08,CUST0422,P005,1,0.05,UPI,Completed,4500,3000,4500,4275.0,3000,1275.0
ORD005881,2026-06-04,CUST1344,P002,1,0.0,Debit Card,Cancelled,18000,13500,18000,18000.0,13500,4500.0
ORD005882,2026-02-10,CUST1111,P004,3,0.05,UPI,Completed,1500,950,4500,4275.0,2850,1425.0
ORD005883,2026-01-12,CUST0217,P002,1,0.0,Credit Card,Returned,18000,13500,18000,18000.0,13500,4500.0
ORD005884,2025-06-01,CUST1514,P003,2,0.15,Debit Card,Completed,3000,2100,6000,5100.0,4200,900.0
ORD005885,2025-11-18,CUST1543,P010,1,0.0,Net Banking,Completed,22000,16000,22000,22000.0,16000,6000.0
ORD005886,2026-08-30,CUST1302,P012,3,0.0,Debit Card,Completed,9000,6500,27000,27000.0,19500,7500.0
ORD005887,2025-08-02,CUST1746,P003,3,0.1,Credit Card,Completed,3000,2100,9000,8100.0,6300,1800.0
ORD005888,2026-07-30,CUST1009,P004,2,0.2,Debit Card,Completed,1500,950,3000,2400.0,1900,500.0
ORD005889,2025-03-06,CUST1193,P006,1,0.15,Net Banking,Completed,35000,28500,35000,29750.0,28500,1250.0
ORD005890,2025-09-27,CUST0330,P012,2,0.0,Credit Card,Cancelled,9000,6500,18000,18000.0,13000,5000.0
ORD005891,2026-06-21,CUST0650,P003,1,0.0,UPI,Completed,3000,2100,3000,3000.0,2100,900.0
ORD005892,2025-04-10,CUST1465,P010,1,0.1,Net Banking,Completed,22000,16000,22000,19800.0,16000,3800.0
ORD005893,2025-04-15,CUST0391,P014,2,0.1,UPI,Completed,2500,1600,5000,4500.0,3200,1300.0
ORD005894,2025-05-11,CUST1520,P001,5,0.05,UPI,Completed,65000,52000,325000,308750.0,260000,48750.0
ORD005895,2026-01-24,CUST0381,P001,3,0.05,UPI,Completed,65000,52000,195000,185250.0,156000,29250.0
ORD005896,2025-11-17,CUST1330,P009,2,0.0,Credit Card,Completed,12000,8500,24000,24000.0,17000,7000.0
ORD005897,2026-03-14,CUST0742,P009,2,0.0,Net Banking,Completed,12000,8500,24000,24000.0,17000,7000.0
ORD005898,2025-01-19,CUST0820,P005,5,0.05,Credit Card,Completed,4500,3000,22500,21375.0,15000,6375.0
ORD005899,2025-08-13,CUST0673,P009,2,0.0,UPI,Returned,12000,8500,24000,24000.0,17000,7000.0
ORD005900,2026-09-10,CUST0513,P011,1,0.0,Debit Card,Completed,4000,2600,4000,4000.0,2600,1400.0
ORD005901,2026-07-20,CUST1772,P007,4,0.0,Debit Card,Completed,28000,22000,112000,112000.0,88000,24000.0
ORD005902,2026-04-05,CUST0949,P009,1,0.05,Net Banking,Completed,12000,8500,12000,11400.0,8500,2900.0
ORD005903,2026-01-29,CUST1212,P012,1,0.0,Credit Card,Completed,9000,6500,9000,9000.0,6500,2500.0
ORD005904,2025-08-14,CUST0930,P007,2,0.05,UPI,Completed,28000,22000,56000,53200.0,44000,9200.0
ORD005905,2025-12-26,CUST1540,P009,1,0.15,Credit Card,Completed,12000,8500,12000,10200.0,8500,1700.0
ORD005906,2026-03-06,CUST0913,P015,1,0.0,UPI,Completed,2200,1400,2200,2200.0,1400,800.0
ORD005907,2025-01-15,CUST0644,P002,1,0.1,UPI,Completed,18000,13500,18000,16200.0,13500,2700.0
ORD005908,2026-07-14,CUST0427,P011,2,0.1,Debit Card,Completed,4000,2600,8000,7200.0,5200,2000.0
ORD005909,2026-06-30,CUST0502,P011,5,0.0,Credit Card,Completed,4000,2600,20000,20000.0,13000,7000.0
ORD005910,2026-02-18,CUST0730,P008,1,0.0,Credit Card,Completed,16000,12500,16000,16000.0,12500,3500.0
ORD005911,2025-12-21,CUST1284,P007,1,0.0,Debit Card,Completed,28000,22000,28000,28000.0,22000,6000.0
ORD005912,2026-04-02,CUST1537,P006,1,0.1,Credit Card,Completed,35000,28500,35000,31500.0,28500,3000.0
ORD005913,2026-06-15,CUST0071,P005,2,0.05,UPI,Completed,4500,3000,9000,8550.0,6000,2550.0
ORD005914,2025-07-15,CUST0478,P004,2,0.0,UPI,Completed,1500,950,3000,3000.0,1900,1100.0
ORD005915,2025-04-25,CUST1202,P007,2,0.1,UPI,Completed,28000,22000,56000,50400.0,44000,6400.0
ORD005916,2026-02-21,CUST0457,P003,1,0.1,Cash,Completed,3000,2100,3000,2700.0,2100,600.0
ORD005917,2025-12-18,CUST0189,P008,2,0.0,Debit Card,Completed,16000,12500,32000,32000.0,25000,7000.0
ORD005918,2025-03-16,CUST0291,P002,2,0.1,Credit Card,Completed,18000,13500,36000,32400.0,27000,5400.0
ORD005919,2025-02-05,CUST1544,P001,1,0.0,UPI,Completed,65000,52000,65000,65000.0,52000,13000.0
ORD005920,2025-08-30,CUST1789,P011,1,0.1,UPI,Completed,4000,2600,4000,3600.0,2600,1000.0
ORD005921,2025-03-04,CUST0920,P002,1,0.0,Net Banking,Completed,18000,13500,18000,18000.0,13500,4500.0
ORD005922,2026-05-24,CUST0292,P009,5,0.1,Net Banking,Returned,12000,8500,60000,54000.0,42500,11500.0
ORD005923,2025-07-07,CUST0756,P005,3,0.0,UPI,Returned,4500,3000,13500,13500.0,9000,4500.0
ORD005924,2025-04-03,CUST1659,P011,2,0.05,Net Banking,Completed,4000,2600,8000,7600.0,5200,2400.0
ORD005925,2025-01-05,CUST1307,P008,3,0.0,Credit Card,Completed,16000,12500,48000,48000.0,37500,10500.0
ORD005926,2026-03-14,CUST1568,P003,2,0.1,,Completed,3000,2100,6000,5400.0,4200,1200.0
ORD005927,2025-06-15,CUST0377,P007,4,0.0,UPI,Completed,28000,22000,112000,112000.0,88000,24000.0
ORD005928,2026-03-22,CUST1682,P015,1,0.0,Debit Card,Completed,2200,1400,2200,2200.0,1400,800.0
ORD005929,2025-01-25,CUST1180,P002,1,0.0,Credit Card,Completed,18000,13500,18000,18000.0,13500,4500.0
ORD005930,2026-05-23,CUST0508,P008,2,0.0,Net Banking,Completed,16000,12500,32000,32000.0,25000,7000.0
ORD005931,2025-04-08,CUST1437,P014,2,0.1,UPI,Returned,2500,1600,5000,4500.0,3200,1300.0
ORD005932,2025-09-25,CUST0528,P007,1,0.2,Debit Card,Completed,28000,22000,28000,22400.0,22000,400.0
ORD005933,2026-01-28,CUST1379,P012,1,0.1,UPI,Completed,9000,6500,9000,8100.0,6500,1600.0
ORD005934,2026-08-19,CUST0559,P005,1,0.15,UPI,Completed,4500,3000,4500,3825.0,3000,825.0
ORD005935,2025-10-12,CUST1787,P012,1,0.0,UPI,Completed,9000,6500,9000,9000.0,6500,2500.0
ORD005936,2025-04-19,CUST1211,P011,1,0.0,Net Banking,Completed,4000,2600,4000,4000.0,2600,1400.0
ORD005937,2025-01-27,CUST1055,P004,2,0.05,Debit Card,Completed,1500,950,3000,2850.0,1900,950.0
ORD005938,2025-02-24,CUST0260,P001,3,0.2,UPI,Completed,65000,52000,195000,156000.0,156000,0.0
ORD005939,2025-05-13,CUST0421,P005,2,0.1,Credit Card,Completed,4500,3000,9000,8100.0,6000,2100.0
ORD005940,2025-02-21,CUST1553,P012,3,0.05,Debit Card,Completed,9000,6500,27000,25650.0,19500,6150.0
ORD005941,2026-05-08,CUST1575,P009,3,0.0,UPI,Cancelled,12000,8500,36000,36000.0,25500,10500.0
ORD005942,2025-10-25,CUST0304,P010,1,0.0,Net Banking,Completed,22000,16000,22000,22000.0,16000,6000.0
ORD005943,2026-02-03,CUST0942,P004,1,0.05,Net Banking,Completed,1500,950,1500,1425.0,950,475.0
ORD005944,2026-08-14,CUST1063,P013,1,0.1,Credit Card,Completed,6000,4200,6000,5400.0,4200,1200.0
ORD005945,2025-01-18,CUST1513,P009,4,0.0,Debit Card,Completed,12000,8500,48000,48000.0,34000,14000.0
ORD005946,2026-09-11,CUST1668,P012,1,0.15,Debit Card,Completed,9000,6500,9000,7650.0,6500,1150.0
ORD005947,2026-07-13,CUST0542,P002,2,0.15,UPI,Completed,18000,13500,36000,30600.0,27000,3600.0
ORD005948,2025-09-03,CUST1694,P004,1,0.15,Credit Card,Completed,1500,950,1500,1275.0,950,325.0
ORD005949,2026-05-18,CUST1302,P009,4,0.15,UPI,Completed,12000,8500,48000,40800.0,34000,6800.0
ORD005950,2025-03-30,CUST1227,P004,1,0.0,Net Banking,Completed,1500,950,1500,1500.0,950,550.0
ORD005951,2025-07-22,CUST1090,P005,3,0.2,Debit Card,Completed,4500,3000,13500,10800.0,9000,1800.0
ORD005952,2025-08-28,CUST0108,P011,1,0.05,UPI,Completed,4000,2600,4000,3800.0,2600,1200.0
ORD005953,2026-05-05,CUST0268,P008,1,0.15,Credit Card,Completed,16000,12500,16000,13600.0,12500,1100.0
ORD005954,2025-01-13,CUST0222,P001,2,0.0,UPI,Completed,65000,52000,130000,130000.0,104000,26000.0
ORD005955,2025-11-11,CUST1554,P001,5,0.05,Net Banking,Completed,65000,52000,325000,308750.0,260000,48750.0
ORD005956,2025-07-17,CUST1114,P009,2,0.0,UPI,Completed,12000,8500,24000,24000.0,17000,7000.0
ORD005957,2025-08-31,CUST0693,P009,4,0.0,Debit Card,Completed,12000,8500,48000,48000.0,34000,14000.0
ORD005958,2026-05-22,CUST0255,P004,3,0.15,UPI,Completed,1500,950,4500,3825.0,2850,975.0
ORD005959,2025-02-12,CUST1479,P013,3,0.1,Credit Card,Completed,6000,4200,18000,16200.0,12600,3600.0
ORD005960,2025-11-26,CUST0253,P002,1,0.05,UPI,Completed,18000,13500,18000,17100.0,13500,3600.0
ORD005961,2026-08-14,CUST0257,P013,1,0.05,UPI,Completed,6000,4200,6000,5700.0,4200,1500.0
ORD005962,2026-03-05,CUST0383,P009,1,0.1,Debit Card,Completed,12000,8500,12000,10800.0,8500,2300.0
ORD005963,2026-09-05,CUST0442,P014,4,0.0,Debit Card,Completed,2500,1600,10000,10000.0,6400,3600.0
ORD005964,2025-06-11,CUST0599,P004,4,0.1,Cash,Completed,1500,950,6000,5400.0,3800,1600.0
ORD005965,2026-09-13,CUST1114,P006,2,0.05,Debit Card,Completed,35000,28500,70000,66500.0,57000,9500.0
ORD005966,2026-03-11,CUST1773,P012,1,0.1,Credit Card,Completed,9000,6500,9000,8100.0,6500,1600.0
ORD005967,2025-08-21,CUST0390,P001,1,0.2,Net Banking,Completed,65000,52000,65000,52000.0,52000,0.0
ORD005968,2025-04-21,CUST0582,P012,5,0.05,Net Banking,Completed,9000,6500,45000,42750.0,32500,10250.0
ORD005969,2025-08-20,CUST1068,P009,1,0.05,Credit Card,Completed,12000,8500,12000,11400.0,8500,2900.0
ORD005970,2025-09-30,CUST1736,P005,3,0.15,Credit Card,Completed,4500,3000,13500,11475.0,9000,2475.0
ORD005971,2026-08-21,CUST1688,P015,1,0.15,Net Banking,Completed,2200,1400,2200,1870.0,1400,470.0
ORD005972,2025-02-10,CUST0598,P003,1,0.2,Debit Card,Completed,3000,2100,3000,2400.0,2100,300.0
ORD005973,2026-07-14,CUST0019,P004,3,0.05,Debit Card,Completed,1500,950,4500,4275.0,2850,1425.0
ORD005974,2026-04-11,CUST1125,P001,1,0.0,UPI,Completed,65000,52000,65000,65000.0,52000,13000.0
ORD005975,2025-03-18,CUST0607,P014,1,0.0,Debit Card,Returned,2500,1600,2500,2500.0,1600,900.0
ORD005976,2026-05-05,CUST1790,P009,4,0.0,UPI,Completed,12000,8500,48000,48000.0,34000,14000.0
ORD005977,2025-04-27,CUST1381,P014,2,0.1,UPI,Completed,2500,1600,5000,4500.0,3200,1300.0
ORD005978,2026-03-10,CUST1566,P008,2,0.0,Net Banking,Completed,16000,12500,32000,32000.0,25000,7000.0
ORD005979,2025-01-19,CUST1785,P004,2,0.1,Debit Card,Completed,1500,950,3000,2700.0,1900,800.0
ORD005980,2026-07-25,CUST0033,P002,1,0.15,Credit Card,Completed,18000,13500,18000,15300.0,13500,1800.0
ORD005981,2025-07-15,CUST1253,P014,1,0.2,Credit Card,Returned,2500,1600,2500,2000.0,1600,400.0
ORD005982,2026-09-11,CUST1548,P009,2,0.0,UPI,Completed,12000,8500,24000,24000.0,17000,7000.0
ORD005983,2026-03-27,CUST1654,P004,1,0.0,UPI,Completed,1500,950,1500,1500.0,950,550.0
ORD005984,2026-03-01,CUST0862,P009,1,0.1,UPI,Completed,12000,8500,12000,10800.0,8500,2300.0
ORD005985,2026-01-29,CUST0155,P010,3,0.05,UPI,Completed,22000,16000,66000,62700.0,48000,14700.0
ORD005986,2025-10-11,CUST1447,P003,1,0.1,Credit Card,Completed,3000,2100,3000,2700.0,2100,600.0
ORD005987,2025-02-03,CUST0905,P007,2,0.15,Net Banking,Completed,28000,22000,56000,47600.0,44000,3600.0
ORD005988,2025-10-22,CUST1270,P007,1,0.05,UPI,Completed,28000,22000,28000,26600.0,22000,4600.0
ORD005989,2025-09-08,CUST0405,P010,1,0.05,UPI,Completed,22000,16000,22000,20900.0,16000,4900.0
ORD005990,2026-09-30,CUST0844,P013,1,0.05,Net Banking,Completed,6000,4200,6000,5700.0,4200,1500.0
ORD005991,2025-12-05,CUST1783,P004,3,0.1,Debit Card,Completed,1500,950,4500,4050.0,2850,1200.0
ORD005992,2026-09-10,CUST1565,P002,1,0.05,UPI,Completed,18000,13500,18000,17100.0,13500,3600.0
ORD005993,2026-03-16,CUST1185,P011,2,0.1,UPI,Completed,4000,2600,8000,7200.0,5200,2000.0
ORD005994,2025-06-29,CUST0747,P009,2,0.15,Debit Card,Completed,12000,8500,24000,20400.0,17000,3400.0
ORD005995,2026-09-14,CUST1726,P004,1,0.0,Credit Card,Completed,1500,950,1500,1500.0,950,550.0
ORD005996,2025-08-16,CUST1141,P008,2,0.2,Debit Card,Completed,16000,12500,32000,25600.0,25000,600.0
ORD005997,2026-09-25,CUST0271,P014,4,0.1,Credit Card,Completed,2500,1600,10000,9000.0,6400,2600.0
ORD005998,2026-09-11,CUST0770,P002,2,0.15,Cash,Completed,18000,13500,36000,30600.0,27000,3600.0
ORD005999,2025-01-23,CUST1716,P008,1,0.0,Debit Card,Completed,16000,12500,16000,16000.0,12500,3500.0
ORD006000,2025-11-23,CUST1511,P011,2,0.0,UPI,Completed,4000,2600,8000,8000.0,5200,2800.0
ORD006001,2025-06-03,CUST0172,P010,2,0.0,UPI,Returned,22000,16000,44000,44000.0,32000,12000.0
ORD006002,2026-09-11,CUST0274,P005,1,0.0,Credit Card,Completed,4500,3000,4500,4500.0,3000,1500.0
ORD006003,2025-05-26,CUST0259,P007,1,0.0,UPI,Completed,28000,22000,28000,28000.0,22000,6000.0
ORD006004,2025-09-09,CUST1159,P007,1,0.15,UPI,Completed,28000,22000,28000,23800.0,22000,1800.0
ORD006005,2025-10-29,CUST1707,P012,1,0.05,UPI,Completed,9000,6500,9000,8550.0,6500,2050.0
ORD006006,2025-03-11,CUST1746,P009,1,0.2,Credit Card,Completed,12000,8500,12000,9600.0,8500,1100.0
ORD006007,2026-06-27,CUST1772,P003,1,0.05,Debit Card,Completed,3000,2100,3000,2850.0,2100,750.0
ORD006008,2025-04-03,CUST0422,P010,1,0.0,UPI,Completed,22000,16000,22000,22000.0,16000,6000.0
ORD006009,2025-06-12,CUST1445,P004,3,0.05,Debit Card,Returned,1500,950,4500,4275.0,2850,1425.0
ORD006010,2025-03-22,CUST1210,P010,2,0.2,Debit Card,Cancelled,22000,16000,44000,35200.0,32000,3200.0
ORD006011,2026-08-11,CUST0364,P004,3,0.05,Net Banking,Completed,1500,950,4500,4275.0,2850,1425.0
ORD006012,2025-03-04,CUST1631,P015,2,0.0,Net Banking,Completed,2200,1400,4400,4400.0,2800,1600.0
ORD006013,2026-09-04,CUST0378,P013,1,0.15,Net Banking,Completed,6000,4200,6000,5100.0,4200,900.0
ORD006014,2026-03-12,CUST1547,P010,1,0.0,Cash,Completed,22000,16000,22000,22000.0,16000,6000.0
ORD006015,2025-02-17,CUST0580,P005,3,0.1,Credit Card,Completed,4500,3000,13500,12150.0,9000,3150.0
ORD006016,2026-03-21,CUST0891,P014,1,0.05,Credit Card,Completed,2500,1600,2500,2375.0,1600,775.0
ORD006017,2025-03-15,CUST0722,P006,1,0.0,UPI,Completed,35000,28500,35000,35000.0,28500,6500.0
ORD006018,2026-06-26,CUST1220,P015,1,0.0,Credit Card,Completed,2200,1400,2200,2200.0,1400,800.0
ORD006019,2025-06-06,CUST0881,P003,1,0.15,UPI,Completed,3000,2100,3000,2550.0,2100,450.0
ORD006020,2026-05-02,CUST1122,P013,1,0.15,Debit Card,Completed,6000,4200,6000,5100.0,4200,900.0
ORD006021,2025-09-23,CUST0605,P004,1,0.05,UPI,Completed,1500,950,1500,1425.0,950,475.0
ORD006022,2025-09-13,CUST0022,P003,1,0.0,UPI,Completed,3000,2100,3000,3000.0,2100,900.0
ORD006023,2025-02-08,CUST1474,P002,2,0.0,UPI,Completed,18000,13500,36000,36000.0,27000,9000.0
ORD006024,2025-02-24,CUST1196,P010,1,0.0,Net Banking,Completed,22000,16000,22000,22000.0,16000,6000.0
ORD006025,2025-01-28,CUST0383,P012,2,0.05,UPI,Completed,9000,6500,18000,17100.0,13000,4100.0
ORD006026,2025-04-28,CUST0134,P009,2,0.0,Net Banking,Completed,12000,8500,24000,24000.0,17000,7000.0
ORD006027,2026-01-05,CUST1450,P001,2,0.0,UPI,Completed,65000,52000,130000,130000.0,104000,26000.0
ORD006028,2025-07-28,CUST1049,P002,1,0.05,Debit Card,Completed,18000,13500,18000,17100.0,13500,3600.0
ORD006029,2026-08-10,CUST0503,P008,2,0.1,UPI,Completed,16000,12500,32000,28800.0,25000,3800.0
ORD006030,2026-07-31,CUST1209,P015,1,0.15,UPI,Completed,2200,1400,2200,1870.0,1400,470.0
ORD006031,2026-09-04,CUST1109,P007,1,0.05,Cash,Completed,28000,22000,28000,26600.0,22000,4600.0
ORD006032,2026-07-12,CUST1591,P012,2,0.1,UPI,Completed,9000,6500,18000,16200.0,13000,3200.0
ORD006033,2025-11-12,CUST1787,P001,1,0.05,UPI,Completed,65000,52000,65000,61750.0,52000,9750.0
ORD006034,2026-01-28,CUST0144,P005,1,0.05,Credit Card,Completed,4500,3000,4500,4275.0,3000,1275.0
ORD006035,2026-03-20,CUST1703,P010,1,0.1,Debit Card,Completed,22000,16000,22000,19800.0,16000,3800.0
ORD006036,2025-09-16,CUST1436,P006,1,0.1,Cash,Completed,35000,28500,35000,31500.0,28500,3000.0
ORD006037,2025-07-17,CUST0224,P005,1,0.05,Debit Card,Returned,4500,3000,4500,4275.0,3000,1275.0
ORD006038,2026-09-20,CUST0220,P004,5,0.05,Credit Card,Completed,1500,950,7500,7125.0,4750,2375.0
ORD006039,2026-03-21,CUST0179,P014,1,0.15,Credit Card,Completed,2500,1600,2500,2125.0,1600,525.0
ORD006040,2026-07-24,CUST1655,P013,1,0.1,Credit Card,Completed,6000,4200,6000,5400.0,4200,1200.0
ORD006041,2026-08-05,CUST0433,P001,2,0.1,Debit Card,Completed,65000,52000,130000,117000.0,104000,13000.0
ORD006042,2026-08-28,CUST0265,P007,2,0.1,UPI,Completed,28000,22000,56000,50400.0,44000,6400.0
ORD006043,2026-09-09,CUST0954,P009,4,0.0,Debit Card,Completed,12000,8500,48000,48000.0,34000,14000.0
ORD006044,2025-11-01,CUST0429,P006,3,0.05,UPI,Completed,35000,28500,105000,99750.0,85500,14250.0
ORD006045,2025-12-05,CUST1686,P003,3,0.2,Credit Card,Completed,3000,2100,9000,7200.0,6300,900.0
ORD006046,2026-06-13,CUST0416,P015,4,0.05,UPI,Completed,2200,1400,8800,8360.0,5600,2760.0
ORD006047,2025-02-23,CUST1477,P010,1,0.0,UPI,Completed,22000,16000,22000,22000.0,16000,6000.0
ORD006048,2025-04-22,CUST0727,P014,2,0.1,Debit Card,Completed,2500,1600,5000,4500.0,3200,1300.0
ORD006049,2026-02-23,CUST0197,P004,3,0.0,UPI,Completed,1500,950,4500,4500.0,2850,1650.0
ORD006050,2025-11-01,CUST1578,P010,2,0.05,UPI,Completed,22000,16000,44000,41800.0,32000,9800.0
ORD006051,2026-03-14,CUST1077,P005,5,0.0,UPI,Completed,4500,3000,22500,22500.0,15000,7500.0
ORD006052,2025-03-26,CUST0480,P015,1,0.05,UPI,Completed,2200,1400,2200,2090.0,1400,690.0
ORD006053,2026-06-08,CUST1467,P012,1,0.1,UPI,Completed,9000,6500,9000,8100.0,6500,1600.0
ORD006054,2025-09-09,CUST1354,P012,5,0.05,Debit Card,Completed,9000,6500,45000,42750.0,32500,10250.0
ORD006055,2025-05-06,CUST1275,P001,1,0.05,Credit Card,Completed,65000,52000,65000,61750.0,52000,9750.0
ORD006056,2026-09-02,CUST0890,P005,2,0.0,Credit Card,Completed,4500,3000,9000,9000.0,6000,3000.0
ORD006057,2026-02-09,CUST0925,P001,1,0.0,Debit Card,Completed,65000,52000,65000,65000.0,52000,13000.0
ORD006058,2025-10-31,CUST0123,P009,2,0.05,Debit Card,Completed,12000,8500,24000,22800.0,17000,5800.0
ORD006059,2025-01-28,CUST1411,P007,4,0.0,UPI,Completed,28000,22000,112000,112000.0,88000,24000.0
ORD006060,2025-09-23,CUST1363,P003,1,0.1,Net Banking,Completed,3000,2100,3000,2700.0,2100,600.0
ORD006061,2025-02-21,CUST0778,P009,1,0.1,Cash,Completed,12000,8500,12000,10800.0,8500,2300.0
ORD006062,2026-05-26,CUST0348,P002,1,0.0,UPI,Completed,18000,13500,18000,18000.0,13500,4500.0
ORD006063,2025-07-26,CUST0029,P012,3,0.0,Debit Card,Completed,9000,6500,27000,27000.0,19500,7500.0
ORD006064,2026-07-28,CUST0975,P007,2,0.0,UPI,Completed,28000,22000,56000,56000.0,44000,12000.0
ORD006065,2026-05-26,CUST0035,P009,1,0.05,UPI,Completed,12000,8500,12000,11400.0,8500,2900.0
ORD006066,2026-07-07,CUST1542,P006,1,0.0,UPI,Completed,35000,28500,35000,35000.0,28500,6500.0
ORD006067,2025-07-20,CUST1420,P010,3,0.0,Net Banking,Completed,22000,16000,66000,66000.0,48000,18000.0
ORD006068,2026-09-03,CUST0623,P005,3,0.05,Debit Card,Completed,4500,3000,13500,12825.0,9000,3825.0
ORD006069,2025-10-11,CUST1318,P012,1,0.2,Credit Card,Completed,9000,6500,9000,7200.0,6500,700.0
ORD006070,2025-12-23,CUST0589,P007,1,0.1,Credit Card,Cancelled,28000,22000,28000,25200.0,22000,3200.0
ORD006071,2025-02-16,CUST1373,P014,3,0.15,Credit Card,Completed,2500,1600,7500,6375.0,4800,1575.0
ORD006072,2025-05-17,CUST1171,P015,2,0.0,UPI,Completed,2200,1400,4400,4400.0,2800,1600.0
ORD006073,2025-05-10,CUST1091,P015,4,0.0,Net Banking,Completed,2200,1400,8800,8800.0,5600,3200.0
ORD006074,2025-07-14,CUST0904,P006,2,0.0,Credit Card,Completed,35000,28500,70000,70000.0,57000,13000.0
ORD006075,2026-09-21,CUST0520,P005,2,0.2,Credit Card,Completed,4500,3000,9000,7200.0,6000,1200.0
ORD006076,2025-12-30,CUST0122,P014,2,0.0,Credit Card,Completed,2500,1600,5000,5000.0,3200,1800.0
ORD006077,2026-03-08,CUST0340,P002,4,0.05,Net Banking,Completed,18000,13500,72000,68400.0,54000,14400.0
ORD006078,2025-03-10,CUST0175,P008,1,0.05,Debit Card,Completed,16000,12500,16000,15200.0,12500,2700.0
ORD006079,2026-04-03,CUST1715,P015,1,0.1,UPI,Returned,2200,1400,2200,1980.0,1400,580.0
ORD006080,2026-06-24,CUST0597,P013,1,0.0,Credit Card,Completed,6000,4200,6000,6000.0,4200,1800.0
ORD006081,2025-12-01,CUST0451,P007,3,0.05,UPI,Completed,28000,22000,84000,79800.0,66000,13800.0
ORD006082,2026-06-10,CUST0557,P006,2,0.2,Cash,Completed,35000,28500,70000,56000.0,57000,-1000.0
ORD006083,2026-07-12,CUST1160,P005,1,0.05,Credit Card,Completed,4500,3000,4500,4275.0,3000,1275.0
ORD006084,2025-01-16,CUST1040,P005,2,0.05,UPI,Completed,4500,3000,9000,8550.0,6000,2550.0
ORD006085,2026-04-01,CUST1357,P009,1,0.05,Credit Card,Completed,12000,8500,12000,11400.0,8500,2900.0
ORD006086,2026-05-25,CUST1219,P001,1,0.1,UPI,Completed,65000,52000,65000,58500.0,52000,6500.0
ORD006087,2025-07-28,CUST1520,P009,1,0.0,Credit Card,Completed,12000,8500,12000,12000.0,8500,3500.0
ORD006088,2025-06-07,CUST0009,P006,2,0.0,UPI,Returned,35000,28500,70000,70000.0,57000,13000.0
ORD006089,2025-12-03,CUST0334,P004,2,0.1,UPI,Completed,1500,950,3000,2700.0,1900,800.0
ORD006090,2025-08-29,CUST1357,P010,3,0.05,UPI,Completed,22000,16000,66000,62700.0,48000,14700.0
ORD006091,2025-02-27,CUST1017,P014,4,0.15,UPI,Completed,2500,1600,10000,8500.0,6400,2100.0
ORD006092,2025-11-01,CUST0327,P007,1,0.1,UPI,Completed,28000,22000,28000,25200.0,22000,3200.0
ORD006093,2025-12-11,CUST0015,P009,2,0.05,Net Banking,Completed,12000,8500,24000,22800.0,17000,5800.0
ORD006094,2025-01-14,CUST0839,P005,1,0.0,UPI,Returned,4500,3000,4500,4500.0,3000,1500.0
ORD006095,2025-12-25,CUST1638,P014,1,0.1,UPI,Returned,2500,1600,2500,2250.0,1600,650.0
ORD006096,2026-01-12,CUST0226,P005,1,0.1,Net Banking,Completed,4500,3000,4500,4050.0,3000,1050.0
ORD006097,2025-08-31,CUST1449,P008,1,0.1,Net Banking,Completed,16000,12500,16000,14400.0,12500,1900.0
ORD006098,2025-05-25,CUST1432,P007,1,0.0,Credit Card,Completed,28000,22000,28000,28000.0,22000,6000.0
ORD006099,2026-02-19,CUST0113,P013,1,0.15,UPI,Completed,6000,4200,6000,5100.0,4200,900.0
ORD006100,2026-01-29,CUST1452,P013,2,0.0,Debit Card,Completed,6000,4200,12000,12000.0,8400,3600.0
ORD006101,2026-09-07,CUST0001,P008,1,0.0,UPI,Completed,16000,12500,16000,16000.0,12500,3500.0
ORD006102,2025-12-24,CUST0266,P011,2,0.2,Net Banking,Completed,4000,2600,8000,6400.0,5200,1200.0
ORD006103,2026-07-30,CUST1515,P012,1,0.1,Net Banking,Completed,9000,6500,9000,8100.0,6500,1600.0
ORD006104,2025-06-07,CUST1232,P010,1,0.05,Credit Card,Completed,22000,16000,22000,20900.0,16000,4900.0
ORD006105,2025-01-18,CUST1646,P002,1,0.15,UPI,Completed,18000,13500,18000,15300.0,13500,1800.0
ORD006106,2026-07-15,CUST1736,P009,1,0.0,UPI,Completed,12000,8500,12000,12000.0,8500,3500.0
ORD006107,2026-07-22,CUST0952,P003,1,0.0,Cash,Completed,3000,2100,3000,3000.0,2100,900.0
ORD006108,2025-12-13,CUST1393,P006,2,0.1,Debit Card,Completed,35000,28500,70000,63000.0,57000,6000.0
ORD006109,2025-02-27,CUST0306,P006,3,0.0,UPI,Completed,35000,28500,105000,105000.0,85500,19500.0
ORD006110,2025-06-04,CUST0012,P002,1,0.15,UPI,Completed,18000,13500,18000,15300.0,13500,1800.0
ORD006111,2026-07-21,CUST1369,P012,1,0.1,Debit Card,Completed,9000,6500,9000,8100.0,6500,1600.0
ORD006112,2026-05-02,CUST1489,P013,3,0.0,Cash,Completed,6000,4200,18000,18000.0,12600,5400.0
ORD006113,2026-06-15,CUST1724,P007,1,0.15,Debit Card,Completed,28000,22000,28000,23800.0,22000,1800.0
ORD006114,2026-05-02,CUST1690,P009,1,0.0,UPI,Completed,12000,8500,12000,12000.0,8500,3500.0
ORD006115,2025-05-31,CUST1518,P012,2,0.05,Credit Card,Completed,9000,6500,18000,17100.0,13000,4100.0
ORD006116,2025-12-25,CUST1392,P010,2,0.15,UPI,Completed,22000,16000,44000,37400.0,32000,5400.0
ORD006117,2026-01-03,CUST0937,P011,2,0.15,Net Banking,Completed,4000,2600,8000,6800.0,5200,1600.0
ORD006118,2026-09-12,CUST0420,P001,2,0.05,UPI,Returned,65000,52000,130000,123500.0,104000,19500.0
ORD006119,2025-02-16,CUST0889,P008,1,0.0,Debit Card,Completed,16000,12500,16000,16000.0,12500,3500.0
ORD006120,2025-07-26,CUST0171,P002,1,0.0,UPI,Completed,18000,13500,18000,18000.0,13500,4500.0
ORD006121,2026-03-26,CUST0134,P014,1,0.05,UPI,Cancelled,2500,1600,2500,2375.0,1600,775.0
ORD006122,2026-04-28,CUST0965,P001,2,0.05,Debit Card,Completed,65000,52000,130000,123500.0,104000,19500.0
ORD006123,2026-07-24,CUST1451,P008,3,0.0,Net Banking,Completed,16000,12500,48000,48000.0,37500,10500.0
ORD006124,2025-05-23,CUST1049,P002,1,0.05,UPI,Completed,18000,13500,18000,17100.0,13500,3600.0
ORD006125,2026-02-04,CUST1554,P006,1,0.1,Credit Card,Completed,35000,28500,35000,31500.0,28500,3000.0
ORD006126,2025-04-07,CUST1214,P015,1,0.05,Debit Card,Completed,2200,1400,2200,2090.0,1400,690.0
ORD006127,2025-02-16,CUST1165,P006,1,0.0,Net Banking,Returned,35000,28500,35000,35000.0,28500,6500.0
ORD006128,2025-07-10,CUST1579,P005,1,0.2,Debit Card,Completed,4500,3000,4500,3600.0,3000,600.0
ORD006129,2025-05-20,CUST0658,P008,2,0.0,UPI,Completed,16000,12500,32000,32000.0,25000,7000.0
ORD006130,2026-09-07,CUST1339,P003,5,0.1,Credit Card,Completed,3000,2100,15000,13500.0,10500,3000.0
ORD006131,2025-08-19,CUST1468,P013,1,0.0,Net Banking,Completed,6000,4200,6000,6000.0,4200,1800.0
ORD006132,2025-12-06,CUST1343,P010,1,0.05,Net Banking,Completed,22000,16000,22000,20900.0,16000,4900.0
ORD006133,2026-05-06,CUST1465,P015,1,0.05,Credit Card,Completed,2200,1400,2200,2090.0,1400,690.0
ORD006134,2025-02-18,CUST1116,P004,1,0.05,Cash,Completed,1500,950,1500,1425.0,950,475.0
ORD006135,2026-09-16,CUST0179,P007,1,0.05,UPI,Completed,28000,22000,28000,26600.0,22000,4600.0
ORD006136,2026-03-29,CUST1080,P015,3,0.0,Credit Card,Cancelled,2200,1400,6600,6600.0,4200,2400.0
ORD006137,2025-11-12,CUST1179,P007,1,0.05,Debit Card,Completed,28000,22000,28000,26600.0,22000,4600.0
ORD006138,2025-11-18,CUST1696,P013,5,0.05,UPI,Completed,6000,4200,30000,28500.0,21000,7500.0
ORD006139,2025-03-28,CUST0111,P012,2,0.0,Cash,Completed,9000,6500,18000,18000.0,13000,5000.0
ORD006140,2026-04-19,CUST0137,P014,2,0.2,Credit Card,Completed,2500,1600,5000,4000.0,3200,800.0
ORD006141,2025-10-09,CUST0232,P008,1,0.15,Credit Card,Completed,16000,12500,16000,13600.0,12500,1100.0
ORD006142,2025-03-15,CUST0992,P002,2,0.15,UPI,Completed,18000,13500,36000,30600.0,27000,3600.0
ORD006143,2026-03-29,CUST0468,P011,1,0.1,UPI,Returned,4000,2600,4000,3600.0,2600,1000.0
ORD006144,2025-02-16,CUST0732,P012,1,0.0,Credit Card,Completed,9000,6500,9000,9000.0,6500,2500.0
ORD006145,2026-08-11,CUST0481,P002,1,0.05,Credit Card,Completed,18000,13500,18000,17100.0,13500,3600.0
ORD006146,2025-04-06,CUST1092,P004,4,0.1,UPI,Completed,1500,950,6000,5400.0,3800,1600.0
ORD006147,2025-01-31,CUST0814,P013,1,0.0,Net Banking,Completed,6000,4200,6000,6000.0,4200,1800.0
ORD006148,2026-06-18,CUST1273,P010,1,0.05,UPI,Completed,22000,16000,22000,20900.0,16000,4900.0
ORD006149,2025-01-17,CUST0994,P013,1,0.05,Net Banking,Completed,6000,4200,6000,5700.0,4200,1500.0
ORD006150,2025-07-31,CUST0323,P009,1,0.0,UPI,Returned,12000,8500,12000,12000.0,8500,3500.0
ORD006151,2025-08-23,CUST0922,P010,1,0.05,Credit Card,Completed,22000,16000,22000,20900.0,16000,4900.0
ORD006152,2026-01-27,CUST0904,P012,1,0.2,Credit Card,Completed,9000,6500,9000,7200.0,6500,700.0
ORD006153,2025-12-20,CUST1542,P009,2,0.1,Credit Card,Completed,12000,8500,24000,21600.0,17000,4600.0
ORD006154,2025-11-01,CUST1456,P013,1,0.0,Net Banking,Completed,6000,4200,6000,6000.0,4200,1800.0
ORD006155,2026-08-22,CUST1511,P013,3,0.1,Cash,Completed,6000,4200,18000,16200.0,12600,3600.0
ORD006156,2026-07-04,CUST0606,P004,2,0.0,UPI,Completed,1500,950,3000,3000.0,1900,1100.0
ORD006157,2026-07-19,CUST0429,P009,1,0.1,Credit Card,Completed,12000,8500,12000,10800.0,8500,2300.0
ORD006158,2026-06-24,CUST1293,P015,2,0.15,Credit Card,Completed,2200,1400,4400,3740.0,2800,940.0
ORD006159,2026-08-12,CUST1733,P014,2,0.05,Cash,Completed,2500,1600,5000,4750.0,3200,1550.0
ORD006160,2026-05-24,CUST1561,P003,2,0.1,Net Banking,Completed,3000,2100,6000,5400.0,4200,1200.0
ORD006161,2026-01-30,CUST0148,P012,2,0.05,Credit Card,Completed,9000,6500,18000,17100.0,13000,4100.0
ORD006162,2026-03-07,CUST1142,P005,2,0.05,Credit Card,Completed,4500,3000,9000,8550.0,6000,2550.0
ORD006163,2026-07-16,CUST0850,P010,1,0.1,UPI,Completed,22000,16000,22000,19800.0,16000,3800.0
ORD006164,2025-06-26,CUST0367,P009,2,0.1,Debit Card,Completed,12000,8500,24000,21600.0,17000,4600.0
ORD006165,2026-02-10,CUST0850,P006,1,0.1,Net Banking,Completed,35000,28500,35000,31500.0,28500,3000.0
ORD006166,2025-10-28,CUST1090,P003,2,0.2,Cash,Completed,3000,2100,6000,4800.0,4200,600.0
ORD006167,2026-03-21,CUST0813,P010,1,0.1,Credit Card,Completed,22000,16000,22000,19800.0,16000,3800.0
ORD006168,2025-05-07,CUST1394,P009,3,0.1,Debit Card,Completed,12000,8500,36000,32400.0,25500,6900.0
ORD006169,2025-12-15,CUST0175,P006,2,0.1,Credit Card,Completed,35000,28500,70000,63000.0,57000,6000.0
ORD006170,2025-01-21,CUST0588,P004,2,0.0,Debit Card,Completed,1500,950,3000,3000.0,1900,1100.0
ORD006171,2026-02-24,CUST0495,P014,3,0.05,UPI,Completed,2500,1600,7500,7125.0,4800,2325.0
ORD006172,2025-06-01,CUST0973,P004,3,0.05,Debit Card,Completed,1500,950,4500,4275.0,2850,1425.0
ORD006173,2025-06-09,CUST1138,P008,2,0.05,UPI,Completed,16000,12500,32000,30400.0,25000,5400.0
ORD006174,2026-04-25,CUST1135,P007,1,0.1,UPI,Completed,28000,22000,28000,25200.0,22000,3200.0
ORD006175,2026-03-19,CUST1785,P001,3,0.0,Debit Card,Completed,65000,52000,195000,195000.0,156000,39000.0
ORD006176,2025-04-06,CUST1463,P006,2,0.0,Net Banking,Completed,35000,28500,70000,70000.0,57000,13000.0
ORD006177,2025-12-18,CUST1739,P008,2,0.15,Debit Card,Completed,16000,12500,32000,27200.0,25000,2200.0
ORD006178,2025-03-16,CUST1171,P003,4,,Debit Card,Completed,3000,2100,12000,12000.0,8400,3600.0
ORD006179,2026-08-17,CUST0035,P014,1,0.0,Net Banking,Completed,2500,1600,2500,2500.0,1600,900.0
ORD006180,2025-12-25,CUST0999,P009,1,0.05,Credit Card,Completed,12000,8500,12000,11400.0,8500,2900.0
ORD006181,2025-05-13,CUST1333,P010,2,0.1,UPI,Completed,22000,16000,44000,39600.0,32000,7600.0
ORD006182,2026-02-04,CUST0538,P002,2,0.05,Net Banking,Completed,18000,13500,36000,34200.0,27000,7200.0
ORD006183,2025-05-19,CUST0750,P014,1,0.2,Net Banking,Completed,2500,1600,2500,2000.0,1600,400.0
ORD006184,2025-09-03,CUST1038,P006,2,0.0,Credit Card,Completed,35000,28500,70000,70000.0,57000,13000.0
ORD006185,2025-10-18,CUST0374,P012,1,0.15,UPI,Completed,9000,6500,9000,7650.0,6500,1150.0
ORD006186,2025-04-22,CUST0557,P001,2,0.0,Net Banking,Returned,65000,52000,130000,130000.0,104000,26000.0
ORD006187,2025-06-19,CUST1452,P012,3,0.0,Debit Card,Completed,9000,6500,27000,27000.0,19500,7500.0
ORD006188,2026-08-22,CUST1752,P011,1,0.05,UPI,Completed,4000,2600,4000,3800.0,2600,1200.0
ORD006189,2026-09-23,CUST0233,P015,2,0.0,UPI,Completed,2200,1400,4400,4400.0,2800,1600.0
ORD006190,2026-09-02,CUST0705,P002,3,0.05,Cash,Completed,18000,13500,54000,51300.0,40500,10800.0
ORD006191,2025-08-28,CUST0563,P013,1,0.05,UPI,Completed,6000,4200,6000,5700.0,4200,1500.0
ORD006192,2025-12-03,CUST0939,P005,1,0.0,UPI,Completed,4500,3000,4500,4500.0,3000,1500.0
ORD006193,2025-05-18,CUST0887,P001,1,0.15,Credit Card,Completed,65000,52000,65000,55250.0,52000,3250.0
ORD006194,2026-08-17,CUST0726,P008,3,0.05,UPI,Completed,16000,12500,48000,45600.0,37500,8100.0
ORD006195,2025-08-24,CUST1687,P001,1,0.2,UPI,Completed,65000,52000,65000,52000.0,52000,0.0
ORD006196,2025-01-03,CUST1464,P013,1,0.15,Credit Card,Completed,6000,4200,6000,5100.0,4200,900.0
ORD006197,2026-07-25,CUST1526,P009,1,0.0,,Completed,12000,8500,12000,12000.0,8500,3500.0
ORD006198,2025-04-26,CUST1299,P010,2,0.05,Net Banking,Completed,22000,16000,44000,41800.0,32000,9800.0
ORD006199,2026-04-17,CUST0076,P011,2,0.1,Credit Card,Completed,4000,2600,8000,7200.0,5200,2000.0
ORD006200,2025-05-11,CUST0439,P003,3,0.1,UPI,Completed,3000,2100,9000,8100.0,6300,1800.0
ORD006201,2026-04-28,CUST1756,P012,1,0.15,UPI,Completed,9000,6500,9000,7650.0,6500,1150.0
ORD006202,2026-02-05,CUST0699,P002,2,0.1,UPI,Completed,18000,13500,36000,32400.0,27000,5400.0
ORD006203,2025-07-20,CUST1313,P015,2,0.0,UPI,Completed,2200,1400,4400,4400.0,2800,1600.0
ORD006204,2025-10-19,CUST0915,P001,1,0.05,Debit Card,Completed,65000,52000,65000,61750.0,52000,9750.0
ORD006205,2025-12-08,CUST1564,P009,1,0.15,UPI,Completed,12000,8500,12000,10200.0,8500,1700.0
ORD006206,2026-09-02,CUST0891,P015,3,0.1,Credit Card,Completed,2200,1400,6600,5940.0,4200,1740.0
ORD006207,2025-08-04,CUST0692,P004,2,0.15,Net Banking,Completed,1500,950,3000,2550.0,1900,650.0
ORD006208,2026-09-28,CUST0253,P012,2,0.1,Credit Card,Completed,9000,6500,18000,16200.0,13000,3200.0
ORD006209,2026-08-08,CUST1150,P001,1,0.0,UPI,Completed,65000,52000,65000,65000.0,52000,13000.0
ORD006210,2026-01-01,CUST1201,P001,3,0.2,Net Banking,Completed,65000,52000,195000,156000.0,156000,0.0
ORD006211,2026-04-14,CUST1061,P007,2,0.15,Net Banking,Completed,28000,22000,56000,47600.0,44000,3600.0
ORD006212,2026-02-22,CUST0410,P002,3,0.0,Net Banking,Cancelled,18000,13500,54000,54000.0,40500,13500.0
ORD006213,2025-01-27,CUST1635,P007,5,0.0,Credit Card,Completed,28000,22000,140000,140000.0,110000,30000.0
ORD006214,2026-03-31,CUST1634,P012,4,0.05,Cash,Completed,9000,6500,36000,34200.0,26000,8200.0
ORD006215,2026-08-03,CUST0127,P015,3,0.1,Net Banking,Completed,2200,1400,6600,5940.0,4200,1740.0
ORD006216,2025-01-14,CUST1507,P007,1,0.05,Credit Card,Completed,28000,22000,28000,26600.0,22000,4600.0
ORD006217,2025-04-08,CUST1192,P015,3,0.0,Debit Card,Cancelled,2200,1400,6600,6600.0,4200,2400.0
ORD006218,2025-10-06,CUST0592,P010,1,0.05,UPI,Completed,22000,16000,22000,20900.0,16000,4900.0
ORD006219,2026-05-05,CUST0294,P014,3,0.0,Credit Card,Completed,2500,1600,7500,7500.0,4800,2700.0
ORD006220,2026-09-16,CUST1662,P009,1,0.05,UPI,Completed,12000,8500,12000,11400.0,8500,2900.0
ORD006221,2025-07-26,CUST1367,P013,2,0.1,UPI,Completed,6000,4200,12000,10800.0,8400,2400.0
ORD006222,2025-08-21,CUST1020,P007,1,0.15,UPI,Completed,28000,22000,28000,23800.0,22000,1800.0
ORD006223,2026-07-27,CUST0310,P013,3,0.05,Credit Card,Completed,6000,4200,18000,17100.0,12600,4500.0
ORD006224,2026-08-20,CUST0662,P014,1,0.1,Credit Card,Completed,2500,1600,2500,2250.0,1600,650.0
ORD006225,2025-08-27,CUST0528,P001,1,0.1,Debit Card,Completed,65000,52000,65000,58500.0,52000,6500.0
ORD006226,2025-09-07,CUST0540,P012,3,0.05,UPI,Completed,9000,6500,27000,25650.0,19500,6150.0
ORD006227,2026-08-06,CUST0419,P013,2,0.0,Net Banking,Completed,6000,4200,12000,12000.0,8400,3600.0
ORD006228,2026-08-20,CUST0444,P008,1,0.05,Credit Card,Completed,16000,12500,16000,15200.0,12500,2700.0
ORD006229,2025-11-02,CUST0685,P008,1,0.0,Debit Card,Completed,16000,12500,16000,16000.0,12500,3500.0
ORD006230,2026-04-08,CUST1582,P004,1,0.15,UPI,Completed,1500,950,1500,1275.0,950,325.0
ORD006231,2025-08-24,CUST0840,P013,2,0.1,Net Banking,Completed,6000,4200,12000,10800.0,8400,2400.0
ORD006232,2025-10-18,CUST0236,P008,4,0.05,Debit Card,Completed,16000,12500,64000,60800.0,50000,10800.0
ORD006233,2025-02-08,CUST1463,P004,2,0.15,Net Banking,Completed,1500,950,3000,2550.0,1900,650.0
ORD006234,2025-07-02,CUST0214,P015,1,0.15,UPI,Completed,2200,1400,2200,1870.0,1400,470.0
ORD006235,2025-01-30,CUST0085,P008,1,0.15,Credit Card,Completed,16000,12500,16000,13600.0,12500,1100.0
ORD006236,2026-01-23,CUST0794,P005,5,0.0,UPI,Completed,4500,3000,22500,22500.0,15000,7500.0
ORD006237,2025-05-23,CUST1768,P004,1,0.1,UPI,Completed,1500,950,1500,1350.0,950,400.0
ORD006238,2026-09-07,CUST0085,P006,2,0.1,Credit Card,Completed,35000,28500,70000,63000.0,57000,6000.0
ORD006239,2026-02-23,CUST1513,P002,1,0.1,Net Banking,Completed,18000,13500,18000,16200.0,13500,2700.0
ORD006240,2025-03-15,CUST0065,P012,3,0.0,Credit Card,Completed,9000,6500,27000,27000.0,19500,7500.0
ORD006241,2025-02-24,CUST1670,P002,3,0.1,UPI,Completed,18000,13500,54000,48600.0,40500,8100.0
ORD006242,2026-07-26,CUST0663,P002,1,0.05,Debit Card,Completed,18000,13500,18000,17100.0,13500,3600.0
ORD006243,2025-01-24,CUST0627,P009,2,0.1,UPI,Completed,12000,8500,24000,21600.0,17000,4600.0
ORD006244,2025-01-22,CUST0064,P015,2,0.1,Credit Card,Completed,2200,1400,4400,3960.0,2800,1160.0
ORD006245,2026-03-04,CUST1367,P014,1,0.0,Debit Card,Completed,2500,1600,2500,2500.0,1600,900.0
ORD006246,2025-02-01,CUST0939,P010,1,0.0,Credit Card,Completed,22000,16000,22000,22000.0,16000,6000.0
ORD006247,2025-12-05,CUST0919,P003,2,0.1,Debit Card,Completed,3000,2100,6000,5400.0,4200,1200.0
ORD006248,2026-05-30,CUST1376,P015,1,0.05,UPI,Completed,2200,1400,2200,2090.0,1400,690.0
ORD006249,2026-05-27,CUST1182,P010,3,0.05,UPI,Completed,22000,16000,66000,62700.0,48000,14700.0
ORD006250,2025-03-11,CUST1613,P004,1,0.1,Net Banking,Completed,1500,950,1500,1350.0,950,400.0
ORD006251,2025-03-29,CUST0491,P010,1,0.15,Cash,Completed,22000,16000,22000,18700.0,16000,2700.0
ORD006252,2026-07-25,CUST1682,P012,1,0.0,UPI,Completed,9000,6500,9000,9000.0,6500,2500.0
ORD006253,2025-08-07,CUST1487,P008,1,0.05,Debit Card,Completed,16000,12500,16000,15200.0,12500,2700.0
ORD006254,2026-08-12,CUST1249,P004,1,0.1,UPI,Completed,1500,950,1500,1350.0,950,400.0
ORD006255,2025-09-27,CUST0313,P011,1,0.15,Credit Card,Completed,4000,2600,4000,3400.0,2600,800.0
ORD006256,2025-03-19,CUST0615,P010,2,0.0,Net Banking,Completed,22000,16000,44000,44000.0,32000,12000.0
ORD006257,2026-08-15,CUST0919,P010,4,0.0,Credit Card,Completed,22000,16000,88000,88000.0,64000,24000.0
ORD006258,2025-01-10,CUST0813,P013,2,0.0,Net Banking,Completed,6000,4200,12000,12000.0,8400,3600.0
ORD006259,2026-04-13,CUST0940,P007,1,0.15,Debit Card,Completed,28000,22000,28000,23800.0,22000,1800.0
ORD006260,2025-12-02,CUST1490,P005,4,0.05,Debit Card,Completed,4500,3000,18000,17100.0,12000,5100.0
ORD006261,2026-09-28,CUST1112,P009,1,0.05,UPI,Completed,12000,8500,12000,11400.0,8500,2900.0
ORD006262,2025-07-05,CUST1327,P004,1,0.0,Debit Card,Completed,1500,950,1500,1500.0,950,550.0
ORD006263,2026-06-30,CUST0680,P003,1,0.0,Cash,Completed,3000,2100,3000,3000.0,2100,900.0
ORD006264,2025-05-01,CUST0435,P013,1,0.1,Credit Card,Completed,6000,4200,6000,5400.0,4200,1200.0
ORD006265,2026-08-15,CUST0682,P002,3,0.05,UPI,Returned,18000,13500,54000,51300.0,40500,10800.0
ORD006266,2026-07-19,CUST1159,P001,1,0.05,Cash,Completed,65000,52000,65000,61750.0,52000,9750.0
ORD006267,2025-10-01,CUST1074,P011,2,0.0,UPI,Completed,4000,2600,8000,8000.0,5200,2800.0
ORD006268,2026-02-14,CUST1456,P006,1,0.05,Credit Card,Completed,35000,28500,35000,33250.0,28500,4750.0
ORD006269,2025-12-24,CUST0340,P010,3,0.1,,Returned,22000,16000,66000,59400.0,48000,11400.0
ORD006270,2025-04-08,CUST0347,P002,3,0.0,UPI,Completed,18000,13500,54000,54000.0,40500,13500.0
ORD006271,2025-08-29,CUST0646,P008,1,0.15,UPI,Completed,16000,12500,16000,13600.0,12500,1100.0
ORD006272,2026-07-11,CUST1371,P006,2,0.0,Credit Card,Completed,35000,28500,70000,70000.0,57000,13000.0
ORD006273,2025-04-24,CUST0649,P012,2,0.0,Credit Card,Completed,9000,6500,18000,18000.0,13000,5000.0
ORD006274,2026-05-02,CUST0245,P012,2,0.05,Debit Card,Completed,9000,6500,18000,17100.0,13000,4100.0
ORD006275,2025-08-29,CUST0109,P005,2,0.15,Credit Card,Returned,4500,3000,9000,7650.0,6000,1650.0
ORD006276,2025-06-05,CUST0533,P013,2,0.0,Credit Card,Completed,6000,4200,12000,12000.0,8400,3600.0
ORD006277,2025-12-18,CUST1114,P002,1,0.1,Net Banking,Completed,18000,13500,18000,16200.0,13500,2700.0
ORD006278,2025-02-13,CUST0296,P007,2,0.05,Net Banking,Completed,28000,22000,56000,53200.0,44000,9200.0
ORD006279,2026-08-15,CUST0112,P002,1,0.0,UPI,Cancelled,18000,13500,18000,18000.0,13500,4500.0
ORD006280,2025-11-08,CUST1613,P013,1,0.0,UPI,Completed,6000,4200,6000,6000.0,4200,1800.0
ORD006281,2025-05-18,CUST1201,P014,3,0.15,Credit Card,Completed,2500,1600,7500,6375.0,4800,1575.0
ORD006282,2026-03-12,CUST0343,P005,1,0.0,UPI,Completed,4500,3000,4500,4500.0,3000,1500.0
ORD006283,2025-05-23,CUST1684,P002,1,0.1,Net Banking,Completed,18000,13500,18000,16200.0,13500,2700.0
ORD006284,2025-10-26,CUST0101,P011,1,0.2,UPI,Completed,4000,2600,4000,3200.0,2600,600.0
ORD006285,2026-07-16,CUST1782,P010,1,0.0,Credit Card,Completed,22000,16000,22000,22000.0,16000,6000.0
ORD006286,2025-09-19,CUST0629,P011,1,0.05,UPI,Cancelled,4000,2600,4000,3800.0,2600,1200.0
ORD006287,2026-05-27,CUST1628,P011,5,0.0,Credit Card,Completed,4000,2600,20000,20000.0,13000,7000.0
ORD006288,2025-03-03,CUST1425,P002,1,0.0,UPI,Completed,18000,13500,18000,18000.0,13500,4500.0
ORD006289,2026-07-21,CUST0028,P015,2,0.0,Debit Card,Completed,2200,1400,4400,4400.0,2800,1600.0
ORD006290,2026-02-27,CUST0937,P007,1,0.1,Cash,Completed,28000,22000,28000,25200.0,22000,3200.0
ORD006291,2026-01-31,CUST1561,P009,2,0.1,UPI,Completed,12000,8500,24000,21600.0,17000,4600.0
ORD006292,2025-01-31,CUST0058,P005,5,0.1,UPI,Cancelled,4500,3000,22500,20250.0,15000,5250.0
ORD006293,2025-11-26,CUST1522,P007,1,0.15,Credit Card,Completed,28000,22000,28000,23800.0,22000,1800.0
ORD006294,2025-06-18,CUST0297,P004,3,0.0,Debit Card,Completed,1500,950,4500,4500.0,2850,1650.0
ORD006295,2025-09-23,CUST0134,P002,5,0.0,UPI,Completed,18000,13500,90000,90000.0,67500,22500.0
ORD006296,2025-11-04,CUST1355,P003,2,0.0,Net Banking,Completed,3000,2100,6000,6000.0,4200,1800.0
ORD006297,2026-04-04,CUST0249,P002,1,0.0,UPI,Completed,18000,13500,18000,18000.0,13500,4500.0
ORD006298,2025-07-04,CUST1021,P005,2,0.0,UPI,Completed,4500,3000,9000,9000.0,6000,3000.0
ORD006299,2025-11-30,CUST0550,P006,3,0.05,Credit Card,Completed,35000,28500,105000,99750.0,85500,14250.0
ORD006300,2026-05-30,CUST0902,P015,1,0.1,UPI,Completed,2200,1400,2200,1980.0,1400,580.0
ORD006301,2026-03-17,CUST1099,P015,1,0.2,Debit Card,Completed,2200,1400,2200,1760.0,1400,360.0
ORD006302,2026-01-26,CUST1678,P007,1,0.0,UPI,Completed,28000,22000,28000,28000.0,22000,6000.0
ORD006303,2026-07-14,CUST0834,P003,1,0.1,Net Banking,Completed,3000,2100,3000,2700.0,2100,600.0
ORD006304,2025-09-11,CUST1192,P004,3,0.1,Credit Card,Completed,1500,950,4500,4050.0,2850,1200.0
ORD006305,2026-08-09,CUST0771,P008,1,0.05,Credit Card,Completed,16000,12500,16000,15200.0,12500,2700.0
ORD006306,2025-12-01,CUST1527,P004,1,0.0,UPI,Completed,1500,950,1500,1500.0,950,550.0
ORD006307,2026-02-04,CUST1379,P007,2,0.2,UPI,Completed,28000,22000,56000,44800.0,44000,800.0
ORD006308,2025-06-15,CUST1249,P012,1,0.1,Debit Card,Completed,9000,6500,9000,8100.0,6500,1600.0
ORD006309,2025-09-17,CUST1688,P006,1,0.2,UPI,Cancelled,35000,28500,35000,28000.0,28500,-500.0
ORD006310,2025-01-04,CUST1555,P007,2,0.05,Credit Card,Completed,28000,22000,56000,53200.0,44000,9200.0
ORD006311,2025-04-29,CUST0146,P001,1,0.05,Credit Card,Completed,65000,52000,65000,61750.0,52000,9750.0
ORD006312,2026-04-15,CUST1265,P003,1,0.0,UPI,Completed,3000,2100,3000,3000.0,2100,900.0
ORD006313,2026-04-15,CUST0893,P006,1,0.2,Net Banking,Completed,35000,28500,35000,28000.0,28500,-500.0
ORD006314,2026-05-08,CUST0344,P003,2,0.0,Net Banking,Completed,3000,2100,6000,6000.0,4200,1800.0
ORD006315,2026-05-15,CUST1773,P015,3,0.0,Credit Card,Completed,2200,1400,6600,6600.0,4200,2400.0
ORD006316,2025-03-11,CUST1059,P014,3,0.05,Net Banking,Completed,2500,1600,7500,7125.0,4800,2325.0
ORD006317,2026-01-05,CUST0702,P015,1,0.05,Net Banking,Completed,2200,1400,2200,2090.0,1400,690.0
ORD006318,2025-06-30,CUST0001,P014,2,0.0,UPI,Completed,2500,1600,5000,5000.0,3200,1800.0
ORD006319,2025-01-05,CUST0153,P007,3,0.1,UPI,Completed,28000,22000,84000,75600.0,66000,9600.0
ORD006320,2025-07-16,CUST0429,P009,1,0.05,Credit Card,Completed,12000,8500,12000,11400.0,8500,2900.0
ORD006321,2025-02-16,CUST0508,P003,4,0.05,Credit Card,Completed,3000,2100,12000,11400.0,8400,3000.0
ORD006322,2026-07-06,CUST1150,P014,4,0.0,UPI,Completed,2500,1600,10000,10000.0,6400,3600.0
ORD006323,2026-09-26,CUST0491,P001,1,0.05,UPI,Completed,65000,52000,65000,61750.0,52000,9750.0
ORD006324,2025-05-20,CUST1506,P010,1,0.0,Credit Card,Completed,22000,16000,22000,22000.0,16000,6000.0
ORD006325,2026-06-24,CUST0345,P015,1,0.0,Debit Card,Completed,2200,1400,2200,2200.0,1400,800.0
ORD006326,2026-03-03,CUST1762,P013,1,0.1,UPI,Completed,6000,4200,6000,5400.0,4200,1200.0
ORD006327,2026-08-12,CUST0221,P006,4,0.0,Debit Card,Completed,35000,28500,140000,140000.0,114000,26000.0
ORD006328,2026-07-15,CUST0723,P012,4,0.0,Net Banking,Completed,9000,6500,36000,36000.0,26000,10000.0
ORD006329,2025-11-06,CUST1049,P001,1,0.05,Debit Card,Completed,65000,52000,65000,61750.0,52000,9750.0
ORD006330,2025-10-01,CUST0528,P001,2,0.0,UPI,Completed,65000,52000,130000,130000.0,104000,26000.0
ORD006331,2026-06-23,CUST1206,P014,2,0.0,UPI,Completed,2500,1600,5000,5000.0,3200,1800.0
ORD006332,2026-01-25,CUST1523,P008,1,0.1,Credit Card,Completed,16000,12500,16000,14400.0,12500,1900.0
ORD006333,2026-04-04,CUST0841,P009,2,0.1,Cash,Completed,12000,8500,24000,21600.0,17000,4600.0
ORD006334,2026-09-26,CUST1665,P002,4,0.1,Net Banking,Completed,18000,13500,72000,64800.0,54000,10800.0
ORD006335,2025-12-27,CUST1066,P009,1,0.05,Credit Card,Completed,12000,8500,12000,11400.0,8500,2900.0
ORD006336,2025-03-10,CUST0481,P005,1,0.05,UPI,Returned,4500,3000,4500,4275.0,3000,1275.0
ORD006337,2026-08-06,CUST0930,P013,1,0.1,Debit Card,Completed,6000,4200,6000,5400.0,4200,1200.0
ORD006338,2026-03-07,CUST1772,P008,1,0.0,Net Banking,Returned,16000,12500,16000,16000.0,12500,3500.0
ORD006339,2025-02-01,CUST0872,P007,1,0.0,Net Banking,Completed,28000,22000,28000,28000.0,22000,6000.0
ORD006340,2026-09-13,CUST1463,P007,1,0.1,Debit Card,Completed,28000,22000,28000,25200.0,22000,3200.0
ORD006341,2026-05-28,CUST1426,P004,2,,Credit Card,Completed,1500,950,3000,2850.0,1900,950.0
ORD006342,2025-07-01,CUST1570,P002,2,0.1,Debit Card,Completed,18000,13500,36000,32400.0,27000,5400.0
ORD006343,2025-09-05,CUST0345,P005,1,0.0,Net Banking,Returned,4500,3000,4500,4500.0,3000,1500.0
ORD006344,2026-09-12,CUST0045,P014,1,0.0,Debit Card,Completed,2500,1600,2500,2500.0,1600,900.0
ORD006345,2025-10-24,CUST1670,P011,3,0.15,UPI,Completed,4000,2600,12000,10200.0,7800,2400.0
ORD006346,2025-01-30,CUST0021,P011,3,0.05,Debit Card,Completed,4000,2600,12000,11400.0,7800,3600.0
ORD006347,2025-10-29,CUST1658,P003,1,0.05,Net Banking,Returned,3000,2100,3000,2850.0,2100,750.0
ORD006348,2026-04-21,CUST1094,P015,1,0.0,Credit Card,Completed,2200,1400,2200,2200.0,1400,800.0
ORD006349,2025-12-18,CUST0873,P014,3,0.0,Credit Card,Completed,2500,1600,7500,7500.0,4800,2700.0
ORD006350,2026-04-27,CUST0048,P009,1,0.0,Debit Card,Completed,12000,8500,12000,12000.0,8500,3500.0
ORD006351,2025-11-13,CUST1515,P006,1,0.05,Debit Card,Completed,35000,28500,35000,33250.0,28500,4750.0
ORD006352,2026-02-01,CUST0551,P001,1,0.2,UPI,Completed,65000,52000,65000,52000.0,52000,0.0
ORD006353,2025-03-30,CUST0287,P003,1,0.15,Debit Card,Completed,3000,2100,3000,2550.0,2100,450.0
ORD006354,2025-08-22,CUST1002,P012,1,0.1,Credit Card,Completed,9000,6500,9000,8100.0,6500,1600.0
ORD006355,2025-06-17,CUST1034,P004,1,0.15,Net Banking,Completed,1500,950,1500,1275.0,950,325.0
ORD006356,2025-05-06,CUST0542,P009,2,0.05,Cash,Completed,12000,8500,24000,22800.0,17000,5800.0
ORD006357,2026-07-27,CUST0756,P011,3,0.05,Credit Card,Completed,4000,2600,12000,11400.0,7800,3600.0
ORD006358,2025-04-30,CUST0274,P006,5,0.0,Cash,Completed,35000,28500,175000,175000.0,142500,32500.0
ORD006359,2026-03-04,CUST0956,P004,1,0.1,UPI,Cancelled,1500,950,1500,1350.0,950,400.0
ORD006360,2025-07-09,CUST0600,P001,1,0.0,Debit Card,Completed,65000,52000,65000,65000.0,52000,13000.0
ORD006361,2026-09-25,CUST1780,P008,2,0.05,UPI,Completed,16000,12500,32000,30400.0,25000,5400.0
ORD006362,2026-03-04,CUST0381,P014,2,0.1,UPI,Completed,2500,1600,5000,4500.0,3200,1300.0
ORD006363,2026-07-14,CUST1353,P011,1,0.0,Net Banking,Completed,4000,2600,4000,4000.0,2600,1400.0
ORD006364,2025-07-21,CUST0479,P002,1,0.0,Net Banking,Completed,18000,13500,18000,18000.0,13500,4500.0
ORD006365,2025-02-28,CUST0015,P011,1,0.0,Credit Card,Completed,4000,2600,4000,4000.0,2600,1400.0
ORD006366,2025-08-11,CUST0516,P015,1,0.05,UPI,Completed,2200,1400,2200,2090.0,1400,690.0
ORD006367,2026-05-07,CUST0191,P011,1,0.0,Credit Card,Completed,4000,2600,4000,4000.0,2600,1400.0
ORD006368,2025-01-11,CUST1192,P008,4,0.05,Net Banking,Completed,16000,12500,64000,60800.0,50000,10800.0
ORD006369,2026-05-27,CUST1545,P006,1,0.0,UPI,Completed,35000,28500,35000,35000.0,28500,6500.0
ORD006370,2025-11-06,CUST0621,P008,5,0.05,UPI,Completed,16000,12500,80000,76000.0,62500,13500.0
ORD006371,2025-02-03,CUST1161,P006,3,0.0,Net Banking,Completed,35000,28500,105000,105000.0,85500,19500.0
ORD006372,2025-12-06,CUST0154,P005,1,0.2,Net Banking,Completed,4500,3000,4500,3600.0,3000,600.0
ORD006373,2026-04-26,CUST1412,P005,2,0.05,UPI,Completed,4500,3000,9000,8550.0,6000,2550.0
ORD006374,2026-07-28,CUST1233,P014,2,0.1,Net Banking,Completed,2500,1600,5000,4500.0,3200,1300.0
ORD006375,2025-04-03,CUST0272,P014,1,0.1,Debit Card,Cancelled,2500,1600,2500,2250.0,1600,650.0
ORD006376,2026-09-20,CUST0143,P010,1,0.05,UPI,Completed,22000,16000,22000,20900.0,16000,4900.0
ORD006377,2025-05-13,CUST1635,P010,2,0.0,Debit Card,Completed,22000,16000,44000,44000.0,32000,12000.0
ORD006378,2026-02-23,CUST1093,P011,2,0.05,Debit Card,Completed,4000,2600,8000,7600.0,5200,2400.0
ORD006379,2026-04-13,CUST0247,P008,2,0.1,UPI,Completed,16000,12500,32000,28800.0,25000,3800.0
ORD006380,2026-03-20,CUST1285,P007,1,0.05,Credit Card,Completed,28000,22000,28000,26600.0,22000,4600.0
ORD006381,2025-01-30,CUST0788,P008,1,0.0,Debit Card,Completed,16000,12500,16000,16000.0,12500,3500.0
ORD006382,2025-10-25,CUST0079,P012,2,0.0,UPI,Completed,9000,6500,18000,18000.0,13000,5000.0
ORD006383,2025-03-02,CUST1682,P008,1,0.0,Credit Card,Completed,16000,12500,16000,16000.0,12500,3500.0
ORD006384,2026-04-03,CUST0623,P007,2,0.0,UPI,Cancelled,28000,22000,56000,56000.0,44000,12000.0
ORD006385,2025-10-31,CUST1794,P002,3,0.15,UPI,Completed,18000,13500,54000,45900.0,40500,5400.0
ORD006386,2025-12-06,CUST1629,P011,2,0.0,UPI,Completed,4000,2600,8000,8000.0,5200,2800.0
ORD006387,2026-03-24,CUST0525,P015,2,0.05,Credit Card,Completed,2200,1400,4400,4180.0,2800,1380.0
ORD006388,2025-10-29,CUST0772,P009,2,0.1,UPI,Completed,12000,8500,24000,21600.0,17000,4600.0
ORD006389,2026-06-24,CUST0938,P013,2,0.1,Credit Card,Completed,6000,4200,12000,10800.0,8400,2400.0
ORD006390,2026-04-30,CUST1645,P007,2,0.05,UPI,Completed,28000,22000,56000,53200.0,44000,9200.0
ORD006391,2025-03-18,CUST1354,P012,1,0.0,Debit Card,Completed,9000,6500,9000,9000.0,6500,2500.0
ORD006392,2026-09-25,CUST1213,P011,5,0.0,Debit Card,Returned,4000,2600,20000,20000.0,13000,7000.0
ORD006393,2026-05-30,CUST1119,P015,1,0.05,UPI,Completed,2200,1400,2200,2090.0,1400,690.0
ORD006394,2026-07-03,CUST0617,P006,1,0.05,Cash,Completed,35000,28500,35000,33250.0,28500,4750.0
ORD006395,2025-04-02,CUST1032,P009,1,0.0,Debit Card,Returned,12000,8500,12000,12000.0,8500,3500.0
ORD006396,2026-04-11,CUST0067,P013,1,0.0,Debit Card,Completed,6000,4200,6000,6000.0,4200,1800.0
ORD006397,2026-04-11,CUST1520,P001,3,0.15,Credit Card,Completed,65000,52000,195000,165750.0,156000,9750.0
ORD006398,2026-08-22,CUST0191,P011,1,0.0,UPI,Completed,4000,2600,4000,4000.0,2600,1400.0
ORD006399,2025-02-09,CUST1390,P002,3,0.05,Cash,Completed,18000,13500,54000,51300.0,40500,10800.0
ORD006400,2025-11-25,CUST0768,P013,1,0.2,UPI,Completed,6000,4200,6000,4800.0,4200,600.0
ORD006401,2025-10-12,CUST0521,P001,1,0.1,Debit Card,Completed,65000,52000,65000,58500.0,52000,6500.0
ORD006402,2026-07-08,CUST0990,P010,1,0.05,Credit Card,Completed,22000,16000,22000,20900.0,16000,4900.0
ORD006403,2025-03-07,CUST1141,P012,2,0.0,Net Banking,Completed,9000,6500,18000,18000.0,13000,5000.0
ORD006404,2026-09-28,CUST0267,P003,3,0.2,Credit Card,Completed,3000,2100,9000,7200.0,6300,900.0
ORD006405,2026-09-24,CUST1635,P011,1,0.0,Credit Card,Completed,4000,2600,4000,4000.0,2600,1400.0
ORD006406,2025-04-19,CUST0485,P005,1,0.1,Debit Card,Completed,4500,3000,4500,4050.0,3000,1050.0
ORD006407,2026-02-19,CUST1533,P001,5,0.15,UPI,Completed,65000,52000,325000,276250.0,260000,16250.0
ORD006408,2025-04-02,CUST1322,P004,1,0.0,UPI,Completed,1500,950,1500,1500.0,950,550.0
ORD006409,2026-01-03,CUST1188,P014,2,0.1,UPI,Completed,2500,1600,5000,4500.0,3200,1300.0
ORD006410,2026-02-27,CUST0376,P013,1,0.2,UPI,Completed,6000,4200,6000,4800.0,4200,600.0
ORD006411,2026-07-26,CUST0653,P008,1,0.1,UPI,Cancelled,16000,12500,16000,14400.0,12500,1900.0
ORD006412,2025-08-28,CUST1292,P006,1,0.05,Debit Card,Completed,35000,28500,35000,33250.0,28500,4750.0
ORD006413,2026-03-11,CUST0549,P013,1,0.15,Net Banking,Completed,6000,4200,6000,5100.0,4200,900.0
ORD006414,2025-07-31,CUST1098,P001,3,0.05,Cash,Completed,65000,52000,195000,185250.0,156000,29250.0
ORD006415,2026-02-04,CUST1532,P012,2,0.1,Credit Card,Completed,9000,6500,18000,16200.0,13000,3200.0
ORD006416,2026-09-02,CUST0073,P001,3,0.05,UPI,Completed,65000,52000,195000,185250.0,156000,29250.0
ORD006417,2026-06-10,CUST0308,P003,2,0.0,Net Banking,Cancelled,3000,2100,6000,6000.0,4200,1800.0
ORD006418,2026-04-13,CUST0199,P014,2,0.0,Net Banking,Completed,2500,1600,5000,5000.0,3200,1800.0
ORD006419,2025-06-19,CUST1154,P010,2,0.0,Debit Card,Completed,22000,16000,44000,44000.0,32000,12000.0
ORD006420,2025-07-29,CUST1782,P015,4,0.0,UPI,Completed,2200,1400,8800,8800.0,5600,3200.0
ORD006421,2025-09-13,CUST0572,P008,1,0.0,Net Banking,Completed,16000,12500,16000,16000.0,12500,3500.0
ORD006422,2025-03-14,CUST0791,P011,1,0.05,UPI,Completed,4000,2600,4000,3800.0,2600,1200.0
ORD006423,2025-05-27,CUST1639,P011,2,0.0,UPI,Completed,4000,2600,8000,8000.0,5200,2800.0
ORD006424,2025-12-06,CUST1511,P014,4,0.15,Net Banking,Completed,2500,1600,10000,8500.0,6400,2100.0
ORD006425,2025-11-13,CUST1175,P008,5,0.1,Credit Card,Completed,16000,12500,80000,72000.0,62500,9500.0
ORD006426,2026-09-10,CUST1693,P013,2,0.05,UPI,Completed,6000,4200,12000,11400.0,8400,3000.0
ORD006427,2026-08-29,CUST1230,P003,1,0.05,Debit Card,Completed,3000,2100,3000,2850.0,2100,750.0
ORD006428,2026-07-29,CUST0179,P007,1,0.0,Debit Card,Completed,28000,22000,28000,28000.0,22000,6000.0
ORD006429,2025-06-03,CUST0197,P012,4,0.05,Net Banking,Completed,9000,6500,36000,34200.0,26000,8200.0
ORD006430,2025-09-12,CUST0735,P003,1,0.1,UPI,Completed,3000,2100,3000,2700.0,2100,600.0
ORD006431,2025-12-17,CUST0089,P004,1,0.1,UPI,Completed,1500,950,1500,1350.0,950,400.0
ORD006432,2026-07-01,CUST0799,P009,4,0.0,Credit Card,Completed,12000,8500,48000,48000.0,34000,14000.0
ORD006433,2025-11-08,CUST1458,P013,1,0.1,Net Banking,Completed,6000,4200,6000,5400.0,4200,1200.0
ORD006434,2025-05-14,CUST0788,P004,2,0.1,UPI,Completed,1500,950,3000,2700.0,1900,800.0
ORD006435,2025-05-09,CUST0748,P003,2,0.05,Credit Card,Completed,3000,2100,6000,5700.0,4200,1500.0
ORD006436,2026-03-12,CUST1207,P005,1,0.0,UPI,Completed,4500,3000,4500,4500.0,3000,1500.0
ORD006437,2025-10-07,CUST0209,P007,1,0.05,UPI,Cancelled,28000,22000,28000,26600.0,22000,4600.0
ORD006438,2025-12-24,CUST0493,P005,1,0.05,Net Banking,Completed,4500,3000,4500,4275.0,3000,1275.0
ORD006439,2025-09-09,CUST1154,P004,2,0.05,UPI,Completed,1500,950,3000,2850.0,1900,950.0
ORD006440,2025-05-15,CUST0665,P008,1,0.05,Debit Card,Completed,16000,12500,16000,15200.0,12500,2700.0
ORD006441,2026-06-07,CUST1037,P004,1,0.0,UPI,Completed,1500,950,1500,1500.0,950,550.0
ORD006442,2025-11-15,CUST1658,P002,5,0.0,UPI,Completed,18000,13500,90000,90000.0,67500,22500.0
ORD006443,2025-03-21,CUST0871,P010,1,0.0,Net Banking,Completed,22000,16000,22000,22000.0,16000,6000.0
ORD006444,2025-07-10,CUST0732,P013,1,0.0,Debit Card,Completed,6000,4200,6000,6000.0,4200,1800.0
ORD006445,2026-03-29,CUST1130,P014,1,0.0,Debit Card,Completed,2500,1600,2500,2500.0,1600,900.0
ORD006446,2025-12-10,CUST1399,P006,1,0.0,Debit Card,Completed,35000,28500,35000,35000.0,28500,6500.0
ORD006447,2025-01-30,CUST1606,P002,5,0.0,UPI,Completed,18000,13500,90000,90000.0,67500,22500.0
ORD006448,2026-02-18,CUST1731,P003,1,0.1,Credit Card,Completed,3000,2100,3000,2700.0,2100,600.0
ORD006449,2026-01-03,CUST0698,P001,1,0.1,UPI,Completed,65000,52000,65000,58500.0,52000,6500.0
ORD006450,2026-08-19,CUST1123,P005,3,0.0,Net Banking,Completed,4500,3000,13500,13500.0,9000,4500.0
ORD006451,2026-05-17,CUST0594,P009,2,0.0,Credit Card,Completed,12000,8500,24000,24000.0,17000,7000.0
ORD006452,2025-01-21,CUST1611,P002,1,0.1,UPI,Completed,18000,13500,18000,16200.0,13500,2700.0
ORD006453,2026-07-03,CUST0886,P012,3,0.1,Net Banking,Completed,9000,6500,27000,24300.0,19500,4800.0
ORD006454,2025-09-03,CUST0852,P007,2,0.0,Credit Card,Completed,28000,22000,56000,56000.0,44000,12000.0
ORD006455,2025-10-10,CUST1216,P005,1,0.1,Credit Card,Completed,4500,3000,4500,4050.0,3000,1050.0
ORD006456,2026-09-06,CUST0325,P002,2,0.0,UPI,Completed,18000,13500,36000,36000.0,27000,9000.0
ORD006457,2025-08-20,CUST0979,P008,4,0.05,Net Banking,Completed,16000,12500,64000,60800.0,50000,10800.0
ORD006458,2025-11-12,CUST1750,P011,2,0.2,Cash,Completed,4000,2600,8000,6400.0,5200,1200.0
ORD006459,2025-12-02,CUST0956,P015,2,0.0,Credit Card,Completed,2200,1400,4400,4400.0,2800,1600.0
ORD006460,2026-02-15,CUST1491,P013,5,0.15,Credit Card,Cancelled,6000,4200,30000,25500.0,21000,4500.0
ORD006461,2025-09-02,CUST0894,P013,2,0.0,Credit Card,Completed,6000,4200,12000,12000.0,8400,3600.0
ORD006462,2026-01-22,CUST1391,P006,1,0.05,UPI,Completed,35000,28500,35000,33250.0,28500,4750.0
ORD006463,2025-12-24,CUST1342,P004,1,0.05,Credit Card,Completed,1500,950,1500,1425.0,950,475.0
ORD006464,2026-09-06,CUST0144,P013,2,0.1,UPI,Completed,6000,4200,12000,10800.0,8400,2400.0
ORD006465,2025-01-22,CUST0384,P004,1,0.0,Net Banking,Completed,1500,950,1500,1500.0,950,550.0
ORD006466,2025-01-19,CUST0216,P002,4,0.1,UPI,Completed,18000,13500,72000,64800.0,54000,10800.0
ORD006467,2025-10-14,CUST1385,P003,1,0.1,Debit Card,Completed,3000,2100,3000,2700.0,2100,600.0
ORD006468,2025-10-03,CUST0324,P015,1,0.05,UPI,Cancelled,2200,1400,2200,2090.0,1400,690.0
ORD006469,2026-07-06,CUST1039,P007,2,0.0,UPI,Completed,28000,22000,56000,56000.0,44000,12000.0
ORD006470,2026-08-26,CUST0217,P003,2,0.0,Credit Card,Completed,3000,2100,6000,6000.0,4200,1800.0
ORD006471,2025-03-13,CUST1516,P013,1,0.1,Debit Card,Completed,6000,4200,6000,5400.0,4200,1200.0
ORD006472,2025-12-31,CUST0951,P005,1,0.15,Debit Card,Completed,4500,3000,4500,3825.0,3000,825.0
ORD006473,2025-12-01,CUST1571,P010,2,0.05,UPI,Completed,22000,16000,44000,41800.0,32000,9800.0
ORD006474,2026-08-13,CUST0183,P006,3,0.05,UPI,Completed,35000,28500,105000,99750.0,85500,14250.0
ORD006475,2025-07-18,CUST0270,P006,2,0.0,Net Banking,Completed,35000,28500,70000,70000.0,57000,13000.0
ORD006476,2025-01-17,CUST0945,P014,1,0.05,Debit Card,Completed,2500,1600,2500,2375.0,1600,775.0
ORD006477,2025-08-06,CUST1491,P004,1,0.0,Debit Card,Completed,1500,950,1500,1500.0,950,550.0
ORD006478,2025-05-27,CUST0870,P006,3,0.1,UPI,Completed,35000,28500,105000,94500.0,85500,9000.0
ORD006479,2025-07-29,CUST1636,P003,4,0.2,Net Banking,Completed,3000,2100,12000,9600.0,8400,1200.0
ORD006480,2026-02-18,CUST1543,P007,1,0.1,Credit Card,Completed,28000,22000,28000,25200.0,22000,3200.0
ORD006481,2025-11-26,CUST1566,P007,2,0.0,Credit Card,Completed,28000,22000,56000,56000.0,44000,12000.0
ORD006482,2025-12-18,CUST0467,P004,1,0.05,UPI,Completed,1500,950,1500,1425.0,950,475.0
ORD006483,2025-06-12,CUST0305,P002,2,0.0,UPI,Completed,18000,13500,36000,36000.0,27000,9000.0
ORD006484,2025-04-11,CUST1168,P011,3,0.0,Credit Card,Completed,4000,2600,12000,12000.0,7800,4200.0
ORD006485,2025-11-23,CUST0111,P007,1,0.0,UPI,Completed,28000,22000,28000,28000.0,22000,6000.0
ORD006486,2025-11-23,CUST1014,P003,2,0.0,Credit Card,Completed,3000,2100,6000,6000.0,4200,1800.0
ORD006487,2025-06-04,CUST0232,P015,1,0.1,Debit Card,Completed,2200,1400,2200,1980.0,1400,580.0
ORD006488,2025-01-10,CUST1715,P001,1,0.05,Cash,Completed,65000,52000,65000,61750.0,52000,9750.0
ORD006489,2025-12-19,CUST1608,P002,2,0.15,UPI,Completed,18000,13500,36000,30600.0,27000,3600.0
ORD006490,2025-07-02,CUST1746,P010,1,0.0,UPI,Completed,22000,16000,22000,22000.0,16000,6000.0
ORD006491,2026-03-31,CUST1756,P009,2,0.05,Credit Card,Completed,12000,8500,24000,22800.0,17000,5800.0
ORD006492,2025-01-06,CUST1616,P012,1,0.0,UPI,Completed,9000,6500,9000,9000.0,6500,2500.0
ORD006493,2025-11-29,CUST1524,P015,2,0.0,UPI,Completed,2200,1400,4400,4400.0,2800,1600.0
ORD006494,2025-11-29,CUST0595,P008,1,0.2,Credit Card,Completed,16000,12500,16000,12800.0,12500,300.0
ORD006495,2025-09-15,CUST1578,P015,2,0.05,Credit Card,Completed,2200,1400,4400,4180.0,2800,1380.0
ORD006496,2025-07-30,CUST1297,P015,2,0.15,Net Banking,Completed,2200,1400,4400,3740.0,2800,940.0
ORD006497,2025-02-20,CUST1727,P014,5,0.05,Cash,Completed,2500,1600,12500,11875.0,8000,3875.0
ORD006498,2026-03-21,CUST0173,P006,4,0.0,Debit Card,Completed,35000,28500,140000,140000.0,114000,26000.0
ORD006499,2026-01-12,CUST0973,P014,1,0.0,UPI,Completed,2500,1600,2500,2500.0,1600,900.0
ORD006500,2026-05-01,CUST1031,P006,1,0.15,Debit Card,Completed,35000,28500,35000,29750.0,28500,1250.0
ORD006501,2025-02-20,CUST1179,P014,2,0.0,Credit Card,Completed,2500,1600,5000,5000.0,3200,1800.0
ORD006502,2025-06-03,CUST1546,P001,2,0.2,Credit Card,Completed,65000,52000,130000,104000.0,104000,0.0
ORD006503,2026-08-05,CUST0546,P002,1,0.05,Net Banking,Completed,18000,13500,18000,17100.0,13500,3600.0
ORD006504,2025-11-06,CUST0548,P004,1,0.0,Debit Card,Completed,1500,950,1500,1500.0,950,550.0
ORD006505,2026-02-03,CUST0518,P003,2,0.1,Debit Card,Completed,3000,2100,6000,5400.0,4200,1200.0
ORD006506,2025-05-14,CUST0914,P014,4,0.0,UPI,Completed,2500,1600,10000,10000.0,6400,3600.0
ORD006507,2025-08-08,CUST0215,P001,4,0.0,Net Banking,Completed,65000,52000,260000,260000.0,208000,52000.0
ORD006508,2025-06-12,CUST0134,P008,1,0.1,Net Banking,Completed,16000,12500,16000,14400.0,12500,1900.0
ORD006509,2026-07-23,CUST0285,P007,1,0.05,UPI,Completed,28000,22000,28000,26600.0,22000,4600.0
ORD006510,2026-05-17,CUST1150,P004,1,0.05,UPI,Completed,1500,950,1500,1425.0,950,475.0
ORD006511,2025-04-25,CUST1463,P012,1,0.0,UPI,Completed,9000,6500,9000,9000.0,6500,2500.0
ORD006512,2026-05-14,CUST0686,P012,2,0.0,UPI,Completed,9000,6500,18000,18000.0,13000,5000.0
ORD006513,2026-04-17,CUST1176,P009,3,0.05,Debit Card,Completed,12000,8500,36000,34200.0,25500,8700.0
ORD006514,2025-05-29,CUST0331,P011,2,0.05,UPI,Completed,4000,2600,8000,7600.0,5200,2400.0
ORD006515,2025-08-29,CUST1562,P014,1,0.1,Net Banking,Returned,2500,1600,2500,2250.0,1600,650.0
ORD006516,2025-05-03,CUST1407,P004,1,0.05,Net Banking,Completed,1500,950,1500,1425.0,950,475.0
ORD006517,2025-03-10,CUST1139,P001,4,0.1,UPI,Completed,65000,52000,260000,234000.0,208000,26000.0
ORD006518,2025-03-04,CUST0894,P015,1,0.0,Credit Card,Returned,2200,1400,2200,2200.0,1400,800.0
ORD006519,2025-01-16,CUST1506,P010,1,0.0,UPI,Completed,22000,16000,22000,22000.0,16000,6000.0
ORD006520,2026-01-25,CUST1308,P015,2,0.0,UPI,Completed,2200,1400,4400,4400.0,2800,1600.0
ORD006521,2026-08-13,CUST0899,P001,2,0.1,UPI,Completed,65000,52000,130000,117000.0,104000,13000.0
ORD006522,2026-09-26,CUST1099,P001,4,0.1,Credit Card,Completed,65000,52000,260000,234000.0,208000,26000.0
ORD006523,2025-09-15,CUST1190,P001,1,0.0,Net Banking,Completed,65000,52000,65000,65000.0,52000,13000.0
ORD006524,2025-08-05,CUST1213,P004,2,0.0,Net Banking,Completed,1500,950,3000,3000.0,1900,1100.0
ORD006525,2026-04-24,CUST0078,P001,1,0.1,Net Banking,Completed,65000,52000,65000,58500.0,52000,6500.0
ORD006526,2025-04-24,CUST0947,P002,4,0.15,Debit Card,Completed,18000,13500,72000,61200.0,54000,7200.0
ORD006527,2026-01-15,CUST1626,P004,3,0.1,Net Banking,Completed,1500,950,4500,4050.0,2850,1200.0
ORD006528,2025-08-25,CUST0688,P007,3,0.0,Credit Card,Completed,28000,22000,84000,84000.0,66000,18000.0
ORD006529,2026-04-21,CUST0021,P002,1,0.05,UPI,Completed,18000,13500,18000,17100.0,13500,3600.0
ORD006530,2026-08-21,CUST0566,P008,3,0.1,Debit Card,Returned,16000,12500,48000,43200.0,37500,5700.0
ORD006531,2025-05-09,CUST1208,P013,1,0.0,Net Banking,Completed,6000,4200,6000,6000.0,4200,1800.0
ORD006532,2026-05-25,CUST1246,P007,1,0.05,UPI,Completed,28000,22000,28000,26600.0,22000,4600.0
ORD006533,2025-06-14,CUST0827,P009,1,0.0,UPI,Completed,12000,8500,12000,12000.0,8500,3500.0
ORD006534,2025-10-04,CUST1352,P014,2,0.0,UPI,Completed,2500,1600,5000,5000.0,3200,1800.0
ORD006535,2025-09-14,CUST0179,P006,1,0.2,UPI,Completed,35000,28500,35000,28000.0,28500,-500.0
ORD006536,2025-05-12,CUST1136,P004,3,0.15,UPI,Completed,1500,950,4500,3825.0,2850,975.0
ORD006537,2026-07-24,CUST1760,P006,2,0.05,Credit Card,Completed,35000,28500,70000,66500.0,57000,9500.0
ORD006538,2025-09-14,CUST1750,P015,1,0.0,Net Banking,Completed,2200,1400,2200,2200.0,1400,800.0
ORD006539,2025-05-21,CUST1083,P004,2,0.1,Net Banking,Completed,1500,950,3000,2700.0,1900,800.0
ORD006540,2025-07-28,CUST1351,P007,1,0.0,Net Banking,Completed,28000,22000,28000,28000.0,22000,6000.0
ORD006541,2026-06-03,CUST0905,P009,1,0.0,UPI,Completed,12000,8500,12000,12000.0,8500,3500.0
ORD006542,2025-02-20,CUST1645,P003,2,0.05,UPI,Completed,3000,2100,6000,5700.0,4200,1500.0
ORD006543,2026-05-18,CUST0669,P003,3,,UPI,Completed,3000,2100,9000,8550.0,6300,2250.0
ORD006544,2025-09-16,CUST0191,P002,1,0.0,Net Banking,Completed,18000,13500,18000,18000.0,13500,4500.0
ORD006545,2025-06-27,CUST1224,P001,3,0.05,UPI,Completed,65000,52000,195000,185250.0,156000,29250.0
ORD006546,2026-06-27,CUST1336,P014,3,0.0,Credit Card,Completed,2500,1600,7500,7500.0,4800,2700.0
ORD006547,2025-12-22,CUST0708,P001,1,0.15,UPI,Completed,65000,52000,65000,55250.0,52000,3250.0
ORD006548,2025-11-14,CUST1059,P013,2,0.15,UPI,Completed,6000,4200,12000,10200.0,8400,1800.0
ORD006549,2025-12-30,CUST0379,P003,2,0.1,UPI,Completed,3000,2100,6000,5400.0,4200,1200.0
ORD006550,2025-02-24,CUST0387,P014,1,0.05,Debit Card,Completed,2500,1600,2500,2375.0,1600,775.0
ORD006551,2025-06-05,CUST1782,P007,3,0.0,UPI,Completed,28000,22000,84000,84000.0,66000,18000.0
ORD006552,2025-02-13,CUST0237,P015,3,0.1,UPI,Completed,2200,1400,6600,5940.0,4200,1740.0
ORD006553,2026-08-16,CUST0616,P011,1,0.15,Credit Card,Completed,4000,2600,4000,3400.0,2600,800.0
ORD006554,2026-06-26,CUST1543,P009,5,0.0,Debit Card,Completed,12000,8500,60000,60000.0,42500,17500.0
ORD006555,2025-11-18,CUST0283,P014,1,0.05,Credit Card,Completed,2500,1600,2500,2375.0,1600,775.0
ORD006556,2025-01-14,CUST0001,P002,4,0.0,Net Banking,Completed,18000,13500,72000,72000.0,54000,18000.0
ORD006557,2025-12-23,CUST1755,P007,1,0.05,Credit Card,Completed,28000,22000,28000,26600.0,22000,4600.0
ORD006558,2026-04-28,CUST0464,P001,3,0.05,UPI,Completed,65000,52000,195000,185250.0,156000,29250.0
ORD006559,2026-09-10,CUST1254,P002,1,0.2,Credit Card,Completed,18000,13500,18000,14400.0,13500,900.0
ORD006560,2025-12-25,CUST0967,P006,2,0.0,Credit Card,Completed,35000,28500,70000,70000.0,57000,13000.0
ORD006561,2025-11-14,CUST0172,P011,1,0.05,Net Banking,Completed,4000,2600,4000,3800.0,2600,1200.0
ORD006562,2025-03-16,CUST1111,P005,1,0.2,Net Banking,Completed,4500,3000,4500,3600.0,3000,600.0
ORD006563,2026-08-14,CUST1577,P008,1,0.05,Net Banking,Completed,16000,12500,16000,15200.0,12500,2700.0
ORD006564,2025-07-13,CUST1147,P012,3,0.15,Credit Card,Completed,9000,6500,27000,22950.0,19500,3450.0
ORD006565,2025-12-29,CUST0843,P011,1,0.0,UPI,Completed,4000,2600,4000,4000.0,2600,1400.0
ORD006566,2025-04-06,CUST1322,P002,2,0.2,Net Banking,Completed,18000,13500,36000,28800.0,27000,1800.0
ORD006567,2025-02-09,CUST0690,P001,3,0.0,Credit Card,Returned,65000,52000,195000,195000.0,156000,39000.0
ORD006568,2026-02-01,CUST0575,P007,4,0.2,Debit Card,Completed,28000,22000,112000,89600.0,88000,1600.0
ORD006569,2025-04-17,CUST1508,P006,1,0.0,Cash,Completed,35000,28500,35000,35000.0,28500,6500.0
ORD006570,2025-01-17,CUST0165,P008,3,0.05,Credit Card,Completed,16000,12500,48000,45600.0,37500,8100.0
ORD006571,2026-06-11,CUST1723,P011,1,0.0,Credit Card,Completed,4000,2600,4000,4000.0,2600,1400.0
ORD006572,2026-05-14,CUST0383,P015,2,0.05,Debit Card,Completed,2200,1400,4400,4180.0,2800,1380.0
ORD006573,2026-06-09,CUST0209,P015,2,0.0,UPI,Completed,2200,1400,4400,4400.0,2800,1600.0
ORD006574,2025-02-12,CUST1763,P013,1,0.2,Credit Card,Completed,6000,4200,6000,4800.0,4200,600.0
ORD006575,2026-09-18,CUST1456,P014,1,0.0,UPI,Completed,2500,1600,2500,2500.0,1600,900.0
ORD006576,2026-08-16,CUST1413,P008,2,0.1,UPI,Completed,16000,12500,32000,28800.0,25000,3800.0
ORD006577,2025-12-16,CUST1584,P002,1,0.0,Debit Card,Completed,18000,13500,18000,18000.0,13500,4500.0
ORD006578,2025-01-30,CUST0224,P014,4,0.1,Credit Card,Completed,2500,1600,10000,9000.0,6400,2600.0
ORD006579,2026-03-17,CUST0003,P008,1,0.05,Debit Card,Completed,16000,12500,16000,15200.0,12500,2700.0
ORD006580,2026-06-26,CUST0372,P006,4,0.2,Net Banking,Completed,35000,28500,140000,112000.0,114000,-2000.0
ORD006581,2026-03-31,CUST1711,P009,1,0.05,UPI,Cancelled,12000,8500,12000,11400.0,8500,2900.0
ORD006582,2026-09-03,CUST1470,P012,4,0.0,Debit Card,Completed,9000,6500,36000,36000.0,26000,10000.0
ORD006583,2025-04-04,CUST0611,P007,2,0.0,Credit Card,Completed,28000,22000,56000,56000.0,44000,12000.0
ORD006584,2025-10-22,CUST0116,P002,3,0.1,Debit Card,Completed,18000,13500,54000,48600.0,40500,8100.0
ORD006585,2026-07-03,CUST1294,P008,1,0.1,Net Banking,Completed,16000,12500,16000,14400.0,12500,1900.0
ORD006586,2025-03-30,CUST0447,P009,2,0.1,UPI,Completed,12000,8500,24000,21600.0,17000,4600.0
ORD006587,2026-05-18,CUST1392,P007,1,0.0,Debit Card,Completed,28000,22000,28000,28000.0,22000,6000.0
ORD006588,2025-08-02,CUST1277,P004,1,0.05,Credit Card,Completed,1500,950,1500,1425.0,950,475.0
ORD006589,2026-02-26,CUST1341,P009,2,0.15,Net Banking,Completed,12000,8500,24000,20400.0,17000,3400.0
ORD006590,2026-06-10,CUST0415,P004,2,0.0,Debit Card,Completed,1500,950,3000,3000.0,1900,1100.0
ORD006591,2025-07-11,CUST1119,P012,1,0.0,Debit Card,Completed,9000,6500,9000,9000.0,6500,2500.0
ORD006592,2025-08-12,CUST0892,P004,2,0.1,UPI,Completed,1500,950,3000,2700.0,1900,800.0
ORD006593,2026-07-09,CUST1048,P009,2,0.0,Debit Card,Completed,12000,8500,24000,24000.0,17000,7000.0
ORD006594,2026-01-22,CUST1652,P014,1,0.1,Debit Card,Completed,2500,1600,2500,2250.0,1600,650.0
ORD006595,2026-04-19,CUST0663,P008,2,0.05,Credit Card,Completed,16000,12500,32000,30400.0,25000,5400.0
ORD006596,2026-08-31,CUST1074,P004,2,0.2,Credit Card,Completed,1500,950,3000,2400.0,1900,500.0
ORD006597,2025-07-22,CUST1526,P014,1,0.15,UPI,Completed,2500,1600,2500,2125.0,1600,525.0
ORD006598,2026-03-23,CUST0718,P008,3,0.1,UPI,Completed,16000,12500,48000,43200.0,37500,5700.0
ORD006599,2025-03-09,CUST1522,P015,2,0.0,UPI,Completed,2200,1400,4400,4400.0,2800,1600.0
ORD006600,2025-04-02,CUST1359,P008,3,0.0,UPI,Completed,16000,12500,48000,48000.0,37500,10500.0
ORD006601,2025-06-27,CUST1103,P007,1,0.15,Net Banking,Completed,28000,22000,28000,23800.0,22000,1800.0
ORD006602,2026-07-13,CUST1606,P010,3,0.05,Net Banking,Completed,22000,16000,66000,62700.0,48000,14700.0
ORD006603,2025-01-03,CUST1051,P013,1,0.1,Net Banking,Completed,6000,4200,6000,5400.0,4200,1200.0
ORD006604,2025-04-13,CUST0271,P006,1,0.05,Net Banking,Completed,35000,28500,35000,33250.0,28500,4750.0
ORD006605,2025-09-30,CUST0562,P008,1,0.0,UPI,Completed,16000,12500,16000,16000.0,12500,3500.0
ORD006606,2026-06-18,CUST0804,P007,3,0.0,Credit Card,Returned,28000,22000,84000,84000.0,66000,18000.0
ORD006607,2025-04-26,CUST0247,P005,2,0.0,Net Banking,Completed,4500,3000,9000,9000.0,6000,3000.0
ORD006608,2026-04-09,CUST1800,P012,1,0.1,Debit Card,Completed,9000,6500,9000,8100.0,6500,1600.0
ORD006609,2025-04-14,CUST1615,P013,1,0.1,UPI,Completed,6000,4200,6000,5400.0,4200,1200.0
ORD006610,2025-09-16,CUST0387,P013,1,0.0,Credit Card,Completed,6000,4200,6000,6000.0,4200,1800.0
ORD006611,2025-11-04,CUST0702,P004,1,0.1,UPI,Completed,1500,950,1500,1350.0,950,400.0
ORD006612,2026-01-02,CUST0559,P014,2,0.15,UPI,Completed,2500,1600,5000,4250.0,3200,1050.0
ORD006613,2025-10-29,CUST0973,P012,2,0.1,Credit Card,Completed,9000,6500,18000,16200.0,13000,3200.0
ORD006614,2026-07-14,CUST1385,P002,4,0.05,Net Banking,Completed,18000,13500,72000,68400.0,54000,14400.0
ORD006615,2025-01-27,CUST0984,P011,4,0.0,Debit Card,Completed,4000,2600,16000,16000.0,10400,5600.0
ORD006616,2026-05-23,CUST1512,P008,2,0.15,Credit Card,Completed,16000,12500,32000,27200.0,25000,2200.0
ORD006617,2026-06-11,CUST0352,P009,1,0.05,Credit Card,Completed,12000,8500,12000,11400.0,8500,2900.0
ORD006618,2025-12-31,CUST1725,P004,1,0.15,Net Banking,Completed,1500,950,1500,1275.0,950,325.0
ORD006619,2025-10-25,CUST1280,P004,2,0.1,UPI,Completed,1500,950,3000,2700.0,1900,800.0
ORD006620,2025-12-27,CUST1246,P005,2,0.1,Debit Card,Completed,4500,3000,9000,8100.0,6000,2100.0
ORD006621,2026-05-19,CUST0753,P002,2,0.2,UPI,Completed,18000,13500,36000,28800.0,27000,1800.0
ORD006622,2026-08-11,CUST0781,P007,4,0.1,Credit Card,Completed,28000,22000,112000,100800.0,88000,12800.0
ORD006623,2025-01-30,CUST1025,P015,3,0.0,UPI,Completed,2200,1400,6600,6600.0,4200,2400.0
ORD006624,2026-03-15,CUST0546,P005,1,0.0,Net Banking,Completed,4500,3000,4500,4500.0,3000,1500.0
ORD006625,2025-12-06,CUST1470,P006,1,0.0,UPI,Completed,35000,28500,35000,35000.0,28500,6500.0
ORD006626,2025-05-06,CUST0079,P004,3,0.0,UPI,Completed,1500,950,4500,4500.0,2850,1650.0
ORD006627,2026-08-19,CUST1260,P008,3,0.0,UPI,Completed,16000,12500,48000,48000.0,37500,10500.0
ORD006628,2026-07-20,CUST0334,P008,1,0.05,Debit Card,Completed,16000,12500,16000,15200.0,12500,2700.0
ORD006629,2026-01-01,CUST0889,P012,2,0.0,Debit Card,Completed,9000,6500,18000,18000.0,13000,5000.0
ORD006630,2026-03-19,CUST1373,P005,2,0.05,UPI,Completed,4500,3000,9000,8550.0,6000,2550.0
ORD006631,2025-09-20,CUST1122,P012,1,0.15,UPI,Completed,9000,6500,9000,7650.0,6500,1150.0
ORD006632,2025-08-10,CUST1106,P006,1,0.1,Net Banking,Completed,35000,28500,35000,31500.0,28500,3000.0
ORD006633,2025-01-02,CUST0502,P003,3,0.15,Debit Card,Cancelled,3000,2100,9000,7650.0,6300,1350.0
ORD006634,2026-01-29,CUST1501,P001,2,0.0,Net Banking,Cancelled,65000,52000,130000,130000.0,104000,26000.0
ORD006635,2025-11-02,CUST1728,P009,1,0.05,Debit Card,Completed,12000,8500,12000,11400.0,8500,2900.0
ORD006636,2025-05-26,CUST0765,P009,2,0.0,Debit Card,Completed,12000,8500,24000,24000.0,17000,7000.0
ORD006637,2026-06-14,CUST0921,P003,2,0.05,Credit Card,Completed,3000,2100,6000,5700.0,4200,1500.0
ORD006638,2026-06-12,CUST0550,P004,3,0.05,Credit Card,Completed,1500,950,4500,4275.0,2850,1425.0
ORD006639,2025-11-04,CUST0014,P013,1,0.0,Net Banking,Completed,6000,4200,6000,6000.0,4200,1800.0
ORD006640,2025-12-06,CUST0392,P007,5,0.0,UPI,Completed,28000,22000,140000,140000.0,110000,30000.0
ORD006641,2025-12-18,CUST1371,P002,1,0.1,Credit Card,Completed,18000,13500,18000,16200.0,13500,2700.0
ORD006642,2025-07-28,CUST0310,P012,2,0.1,Debit Card,Completed,9000,6500,18000,16200.0,13000,3200.0
ORD006643,2025-07-24,CUST0386,P003,2,0.05,Credit Card,Completed,3000,2100,6000,5700.0,4200,1500.0
ORD006644,2026-09-17,CUST1233,P006,1,0.0,Debit Card,Completed,35000,28500,35000,35000.0,28500,6500.0
ORD006645,2026-09-28,CUST1381,P011,1,0.05,UPI,Completed,4000,2600,4000,3800.0,2600,1200.0
ORD006646,2025-01-15,CUST0974,P008,3,0.0,UPI,Completed,16000,12500,48000,48000.0,37500,10500.0
ORD006647,2026-03-04,CUST1625,P015,2,0.2,UPI,Completed,2200,1400,4400,3520.0,2800,720.0
ORD006648,2026-04-21,CUST1592,P001,2,0.15,Net Banking,Completed,65000,52000,130000,110500.0,104000,6500.0
ORD006649,2025-10-25,CUST1118,P004,1,0.0,Net Banking,Completed,1500,950,1500,1500.0,950,550.0
ORD006650,2026-07-11,CUST1117,P015,1,0.0,UPI,Completed,2200,1400,2200,2200.0,1400,800.0
ORD006651,2025-04-04,CUST0340,P001,1,0.05,UPI,Completed,65000,52000,65000,61750.0,52000,9750.0
ORD006652,2025-04-17,CUST0597,P002,4,0.0,UPI,Completed,18000,13500,72000,72000.0,54000,18000.0
ORD006653,2026-02-23,CUST1469,P008,3,0.15,UPI,Completed,16000,12500,48000,40800.0,37500,3300.0
ORD006654,2025-10-05,CUST0757,P006,4,0.1,UPI,Completed,35000,28500,140000,126000.0,114000,12000.0
ORD006655,2025-05-08,CUST1046,P009,1,0.0,UPI,Completed,12000,8500,12000,12000.0,8500,3500.0
ORD006656,2026-04-04,CUST0291,P002,2,0.0,Net Banking,Completed,18000,13500,36000,36000.0,27000,9000.0
ORD006657,2025-02-07,CUST1509,P003,1,0.1,Debit Card,Completed,3000,2100,3000,2700.0,2100,600.0
ORD006658,2026-09-01,CUST0306,P009,3,0.05,UPI,Completed,12000,8500,36000,34200.0,25500,8700.0
ORD006659,2025-07-17,CUST0634,P009,1,0.1,Debit Card,Completed,12000,8500,12000,10800.0,8500,2300.0
ORD006660,2025-12-23,CUST1152,P013,1,0.0,Credit Card,Completed,6000,4200,6000,6000.0,4200,1800.0
ORD006661,2025-01-07,CUST0625,P006,2,0.0,UPI,Completed,35000,28500,70000,70000.0,57000,13000.0
ORD006662,2026-07-10,CUST0939,P014,1,0.1,Debit Card,Completed,2500,1600,2500,2250.0,1600,650.0
ORD006663,2025-11-28,CUST1297,P015,2,0.05,UPI,Completed,2200,1400,4400,4180.0,2800,1380.0
ORD006664,2026-06-03,CUST0848,P003,2,0.0,UPI,Cancelled,3000,2100,6000,6000.0,4200,1800.0
ORD006665,2025-07-13,CUST0442,P005,2,0.0,UPI,Completed,4500,3000,9000,9000.0,6000,3000.0
ORD006666,2025-11-12,CUST0503,P015,5,0.05,Net Banking,Completed,2200,1400,11000,10450.0,7000,3450.0
ORD006667,2025-01-01,CUST0130,P002,1,0.1,Debit Card,Completed,18000,13500,18000,16200.0,13500,2700.0
ORD006668,2025-03-03,CUST1156,P007,1,0.0,Credit Card,Completed,28000,22000,28000,28000.0,22000,6000.0
ORD006669,2025-12-09,CUST0597,P010,3,0.1,Net Banking,Completed,22000,16000,66000,59400.0,48000,11400.0
ORD006670,2026-08-24,CUST1506,P011,2,0.0,UPI,Cancelled,4000,2600,8000,8000.0,5200,2800.0
ORD006671,2025-01-18,CUST0862,P008,1,0.0,Net Banking,Completed,16000,12500,16000,16000.0,12500,3500.0
ORD006672,2026-09-12,CUST1414,P006,3,0.1,Debit Card,Completed,35000,28500,105000,94500.0,85500,9000.0
ORD006673,2026-01-06,CUST0593,P008,1,0.1,Credit Card,Completed,16000,12500,16000,14400.0,12500,1900.0
ORD006674,2026-08-02,CUST0999,P002,1,0.0,Net Banking,Completed,18000,13500,18000,18000.0,13500,4500.0
ORD006675,2026-08-28,CUST0325,P003,1,0.0,Debit Card,Completed,3000,2100,3000,3000.0,2100,900.0
ORD006676,2026-07-25,CUST1093,P007,1,0.0,Net Banking,Completed,28000,22000,28000,28000.0,22000,6000.0
ORD006677,2025-08-23,CUST1684,P010,1,0.1,Net Banking,Completed,22000,16000,22000,19800.0,16000,3800.0
ORD006678,2025-03-10,CUST0448,P012,1,0.0,UPI,Completed,9000,6500,9000,9000.0,6500,2500.0
ORD006679,2026-03-23,CUST1552,P001,1,0.0,UPI,Completed,65000,52000,65000,65000.0,52000,13000.0
ORD006680,2026-09-02,CUST0819,P007,1,0.0,UPI,Cancelled,28000,22000,28000,28000.0,22000,6000.0
ORD006681,2025-01-08,CUST1641,P006,1,0.05,UPI,Completed,35000,28500,35000,33250.0,28500,4750.0
ORD006682,2026-04-07,CUST1189,P008,2,0.1,UPI,Completed,16000,12500,32000,28800.0,25000,3800.0
ORD006683,2025-11-07,CUST1512,P007,1,0.0,UPI,Completed,28000,22000,28000,28000.0,22000,6000.0
ORD006684,2025-05-14,CUST1737,P004,1,0.05,UPI,Completed,1500,950,1500,1425.0,950,475.0
ORD006685,2026-01-20,CUST0709,P003,1,0.0,Debit Card,Completed,3000,2100,3000,3000.0,2100,900.0
ORD006686,2025-02-25,CUST1450,P003,1,0.05,Net Banking,Completed,3000,2100,3000,2850.0,2100,750.0
ORD006687,2025-12-26,CUST1721,P015,1,0.0,UPI,Completed,2200,1400,2200,2200.0,1400,800.0
ORD006688,2025-04-24,CUST0265,P004,1,0.0,UPI,Completed,1500,950,1500,1500.0,950,550.0
ORD006689,2025-03-29,CUST0612,P015,2,0.05,UPI,Completed,2200,1400,4400,4180.0,2800,1380.0
ORD006690,2025-05-18,CUST1366,P009,2,0.1,Net Banking,Completed,12000,8500,24000,21600.0,17000,4600.0
ORD006691,2025-04-18,CUST0832,P009,4,0.1,Credit Card,Completed,12000,8500,48000,43200.0,34000,9200.0
ORD006692,2026-05-15,CUST1750,P013,2,0.05,Cash,Completed,6000,4200,12000,11400.0,8400,3000.0
ORD006693,2026-06-19,CUST1302,P002,1,0.0,Net Banking,Completed,18000,13500,18000,18000.0,13500,4500.0
ORD006694,2025-05-24,CUST0674,P005,1,0.0,Net Banking,Completed,4500,3000,4500,4500.0,3000,1500.0
ORD006695,2025-02-25,CUST1463,P001,2,0.05,UPI,Completed,65000,52000,130000,123500.0,104000,19500.0
ORD006696,2026-09-12,CUST0157,P004,1,0.15,Credit Card,Completed,1500,950,1500,1275.0,950,325.0
ORD006697,2025-01-06,CUST1446,P002,2,0.2,Cash,Completed,18000,13500,36000,28800.0,27000,1800.0
ORD006698,2026-06-26,CUST0251,P008,1,0.1,UPI,Completed,16000,12500,16000,14400.0,12500,1900.0
ORD006699,2026-03-23,CUST0878,P004,2,0.05,Credit Card,Completed,1500,950,3000,2850.0,1900,950.0
ORD006700,2026-01-20,CUST1633,P005,4,0.1,UPI,Completed,4500,3000,18000,16200.0,12000,4200.0
ORD006701,2025-11-03,CUST0530,P011,4,0.0,Credit Card,Completed,4000,2600,16000,16000.0,10400,5600.0
ORD006702,2025-10-29,CUST0327,P004,1,0.1,Net Banking,Completed,1500,950,1500,1350.0,950,400.0
ORD006703,2026-09-25,CUST0961,P005,1,0.0,Credit Card,Cancelled,4500,3000,4500,4500.0,3000,1500.0
ORD006704,2026-02-09,CUST0895,P005,3,0.0,Debit Card,Completed,4500,3000,13500,13500.0,9000,4500.0
ORD006705,2026-09-03,CUST0097,P005,2,0.0,Debit Card,Completed,4500,3000,9000,9000.0,6000,3000.0
ORD006706,2026-07-16,CUST0513,P011,1,0.05,Credit Card,Completed,4000,2600,4000,3800.0,2600,1200.0
ORD006707,2026-05-25,CUST0216,P003,2,0.1,Net Banking,Completed,3000,2100,6000,5400.0,4200,1200.0
ORD006708,2025-03-14,CUST1156,P007,2,0.1,Cash,Completed,28000,22000,56000,50400.0,44000,6400.0
ORD006709,2026-07-18,CUST1284,P003,5,0.1,Cash,Completed,3000,2100,15000,13500.0,10500,3000.0
ORD006710,2025-09-22,CUST0125,P002,2,0.2,Net Banking,Completed,18000,13500,36000,28800.0,27000,1800.0
ORD006711,2025-08-15,CUST1106,P003,1,0.0,Credit Card,Completed,3000,2100,3000,3000.0,2100,900.0
ORD006712,2025-07-12,CUST1307,P011,2,0.05,UPI,Completed,4000,2600,8000,7600.0,5200,2400.0
ORD006713,2026-01-09,CUST1707,P003,3,0.05,UPI,Completed,3000,2100,9000,8550.0,6300,2250.0
ORD006714,2025-01-10,CUST0059,P008,2,0.1,UPI,Completed,16000,12500,32000,28800.0,25000,3800.0
ORD006715,2025-10-29,CUST1568,P004,2,0.0,UPI,Completed,1500,950,3000,3000.0,1900,1100.0
ORD006716,2025-12-25,CUST0161,P003,5,0.0,UPI,Completed,3000,2100,15000,15000.0,10500,4500.0
ORD006717,2025-02-21,CUST0284,P010,2,0.0,UPI,Completed,22000,16000,44000,44000.0,32000,12000.0
ORD006718,2025-04-09,CUST0106,P005,1,0.2,UPI,Completed,4500,3000,4500,3600.0,3000,600.0
ORD006719,2026-08-16,CUST1129,P004,2,0.15,Credit Card,Completed,1500,950,3000,2550.0,1900,650.0
ORD006720,2025-01-13,CUST1463,P009,2,0.05,UPI,Completed,12000,8500,24000,22800.0,17000,5800.0
ORD006721,2026-01-25,CUST0228,P008,1,0.15,Debit Card,Completed,16000,12500,16000,13600.0,12500,1100.0
ORD006722,2025-12-23,CUST1724,P011,1,0.0,UPI,Completed,4000,2600,4000,4000.0,2600,1400.0
ORD006723,2025-01-11,CUST1606,P007,2,0.0,Debit Card,Completed,28000,22000,56000,56000.0,44000,12000.0
ORD006724,2025-03-22,CUST0318,P015,2,0.1,Net Banking,Completed,2200,1400,4400,3960.0,2800,1160.0
ORD006725,2025-09-18,CUST1488,P008,3,0.0,UPI,Completed,16000,12500,48000,48000.0,37500,10500.0
ORD006726,2025-01-06,CUST0802,P013,1,0.0,Cash,Completed,6000,4200,6000,6000.0,4200,1800.0
ORD006727,2026-04-03,CUST1623,P005,5,0.15,Debit Card,Completed,4500,3000,22500,19125.0,15000,4125.0
ORD006728,2026-01-08,CUST0874,P004,1,0.1,UPI,Completed,1500,950,1500,1350.0,950,400.0
ORD006729,2026-04-26,CUST0472,P007,1,0.2,UPI,Completed,28000,22000,28000,22400.0,22000,400.0
ORD006730,2025-08-10,CUST1080,P001,1,0.0,Net Banking,Completed,65000,52000,65000,65000.0,52000,13000.0
ORD006731,2025-03-22,CUST0625,P006,2,0.05,Credit Card,Completed,35000,28500,70000,66500.0,57000,9500.0
ORD006732,2026-05-30,CUST0013,P015,1,0.0,UPI,Completed,2200,1400,2200,2200.0,1400,800.0
ORD006733,2025-03-01,CUST1464,P008,1,0.15,Net Banking,Completed,16000,12500,16000,13600.0,12500,1100.0
ORD006734,2025-08-09,CUST1042,P007,2,0.0,Net Banking,Completed,28000,22000,56000,56000.0,44000,12000.0
ORD006735,2025-12-15,CUST0694,P002,1,0.05,Debit Card,Completed,18000,13500,18000,17100.0,13500,3600.0
ORD006736,2026-07-15,CUST0973,P014,2,0.0,Net Banking,Cancelled,2500,1600,5000,5000.0,3200,1800.0
ORD006737,2025-08-16,CUST0113,P013,3,0.1,Debit Card,Completed,6000,4200,18000,16200.0,12600,3600.0
ORD006738,2025-10-17,CUST0229,P014,3,0.0,UPI,Completed,2500,1600,7500,7500.0,4800,2700.0
ORD006739,2025-10-20,CUST0171,P007,1,0.0,Credit Card,Completed,28000,22000,28000,28000.0,22000,6000.0
ORD006740,2025-07-12,CUST0295,P013,2,0.05,Net Banking,Returned,6000,4200,12000,11400.0,8400,3000.0
ORD006741,2026-04-19,CUST0189,P006,1,0.05,UPI,Completed,35000,28500,35000,33250.0,28500,4750.0
ORD006742,2025-09-14,CUST0426,P013,3,0.0,UPI,Completed,6000,4200,18000,18000.0,12600,5400.0
ORD006743,2026-05-21,CUST0977,P005,3,0.0,UPI,Completed,4500,3000,13500,13500.0,9000,4500.0
ORD006744,2026-01-23,CUST1103,P004,1,0.15,UPI,Completed,1500,950,1500,1275.0,950,325.0
ORD006745,2026-09-07,CUST0658,P001,1,0.0,UPI,Completed,65000,52000,65000,65000.0,52000,13000.0
ORD006746,2026-02-02,CUST0919,P013,1,0.0,Net Banking,Completed,6000,4200,6000,6000.0,4200,1800.0
ORD006747,2026-01-01,CUST1206,P002,1,0.0,Net Banking,Completed,18000,13500,18000,18000.0,13500,4500.0
ORD006748,2025-10-17,CUST0499,P015,2,0.2,UPI,Completed,2200,1400,4400,3520.0,2800,720.0
ORD006749,2025-11-05,CUST0762,P007,2,0.0,Debit Card,Cancelled,28000,22000,56000,56000.0,44000,12000.0
ORD006750,2025-10-05,CUST0866,P010,1,0.1,Debit Card,Completed,22000,16000,22000,19800.0,16000,3800.0
ORD006751,2026-04-09,CUST0826,P003,2,0.15,UPI,Completed,3000,2100,6000,5100.0,4200,900.0
ORD006752,2025-07-08,CUST1732,P005,4,0.05,UPI,Completed,4500,3000,18000,17100.0,12000,5100.0
ORD006753,2025-06-27,CUST0071,P008,2,0.0,UPI,Completed,16000,12500,32000,32000.0,25000,7000.0
ORD006754,2026-06-12,CUST0248,P013,1,0.1,Debit Card,Completed,6000,4200,6000,5400.0,4200,1200.0
ORD006755,2026-01-10,CUST0146,P013,2,0.1,UPI,Completed,6000,4200,12000,10800.0,8400,2400.0
ORD006756,2026-08-21,CUST1642,P008,2,0.1,UPI,Completed,16000,12500,32000,28800.0,25000,3800.0
ORD006757,2026-03-30,CUST1799,P006,3,0.1,UPI,Completed,35000,28500,105000,94500.0,85500,9000.0
ORD006758,2025-08-05,CUST1320,P005,1,0.0,Net Banking,Completed,4500,3000,4500,4500.0,3000,1500.0
ORD006759,2025-02-11,CUST0582,P013,1,0.1,Debit Card,Completed,6000,4200,6000,5400.0,4200,1200.0
ORD006760,2025-07-13,CUST0470,P002,2,0.0,Credit Card,Completed,18000,13500,36000,36000.0,27000,9000.0
ORD006761,2025-11-23,CUST1530,P009,2,0.05,Net Banking,Completed,12000,8500,24000,22800.0,17000,5800.0
ORD006762,2026-01-08,CUST0193,P001,2,0.1,UPI,Completed,65000,52000,130000,117000.0,104000,13000.0
ORD006763,2026-04-10,CUST1092,P011,1,0.0,Debit Card,Returned,4000,2600,4000,4000.0,2600,1400.0
ORD006764,2025-06-12,CUST0494,P002,2,0.0,UPI,Completed,18000,13500,36000,36000.0,27000,9000.0
ORD006765,2025-10-03,CUST0052,P013,1,0.0,UPI,Completed,6000,4200,6000,6000.0,4200,1800.0
ORD006766,2025-12-30,CUST0882,P001,1,0.05,Net Banking,Completed,65000,52000,65000,61750.0,52000,9750.0
ORD006767,2026-04-25,CUST0363,P012,2,0.15,Net Banking,Completed,9000,6500,18000,15300.0,13000,2300.0
ORD006768,2026-04-05,CUST0917,P004,1,0.05,UPI,Completed,1500,950,1500,1425.0,950,475.0
ORD006769,2025-09-22,CUST0474,P004,1,0.1,UPI,Cancelled,1500,950,1500,1350.0,950,400.0
ORD006770,2026-06-23,CUST0521,P005,2,0.0,Credit Card,Returned,4500,3000,9000,9000.0,6000,3000.0
ORD006771,2026-01-21,CUST1787,P005,2,0.0,Debit Card,Completed,4500,3000,9000,9000.0,6000,3000.0
ORD006772,2025-03-26,CUST1455,P008,1,0.0,UPI,Completed,16000,12500,16000,16000.0,12500,3500.0
ORD006773,2025-11-12,CUST1322,P011,2,0.0,Debit Card,Completed,4000,2600,8000,8000.0,5200,2800.0
ORD006774,2025-08-31,CUST1459,P015,1,0.05,Net Banking,Completed,2200,1400,2200,2090.0,1400,690.0
ORD006775,2026-04-14,CUST1720,P011,1,0.15,UPI,Completed,4000,2600,4000,3400.0,2600,800.0
ORD006776,2025-12-08,CUST0691,P003,1,0.05,Net Banking,Completed,3000,2100,3000,2850.0,2100,750.0
ORD006777,2025-06-26,CUST1222,P006,1,0.05,UPI,Completed,35000,28500,35000,33250.0,28500,4750.0
ORD006778,2025-05-10,CUST1152,P012,5,0.0,Debit Card,Completed,9000,6500,45000,45000.0,32500,12500.0
ORD006779,2025-03-24,CUST0532,P013,1,0.0,Net Banking,Completed,6000,4200,6000,6000.0,4200,1800.0
ORD006780,2025-12-26,CUST1435,P012,3,0.0,Credit Card,Completed,9000,6500,27000,27000.0,19500,7500.0
ORD006781,2025-03-29,CUST0840,P003,3,0.1,UPI,Completed,3000,2100,9000,8100.0,6300,1800.0
ORD006782,2026-06-16,CUST1089,P013,5,0.05,Net Banking,Completed,6000,4200,30000,28500.0,21000,7500.0
ORD006783,2026-09-30,CUST1718,P002,1,0.0,UPI,Completed,18000,13500,18000,18000.0,13500,4500.0
ORD006784,2026-04-16,CUST0241,P008,3,0.05,Credit Card,Completed,16000,12500,48000,45600.0,37500,8100.0
ORD006785,2026-05-13,CUST1393,P001,4,0.05,Credit Card,Completed,65000,52000,260000,247000.0,208000,39000.0
ORD006786,2026-05-22,CUST0536,P009,1,0.0,Credit Card,Completed,12000,8500,12000,12000.0,8500,3500.0
ORD006787,2025-12-20,CUST1408,P011,1,0.1,Credit Card,Completed,4000,2600,4000,3600.0,2600,1000.0
ORD006788,2026-02-20,CUST1455,P007,1,0.1,Credit Card,Completed,28000,22000,28000,25200.0,22000,3200.0
ORD006789,2025-02-20,CUST0083,P012,2,0.0,UPI,Completed,9000,6500,18000,18000.0,13000,5000.0
ORD006790,2026-08-23,CUST0982,P010,2,0.1,Debit Card,Completed,22000,16000,44000,39600.0,32000,7600.0
ORD006791,2025-03-04,CUST1721,P013,1,0.0,UPI,Completed,6000,4200,6000,6000.0,4200,1800.0
ORD006792,2025-03-30,CUST0951,P015,3,0.1,UPI,Cancelled,2200,1400,6600,5940.0,4200,1740.0
ORD006793,2025-07-09,CUST0611,P012,1,0.15,Credit Card,Completed,9000,6500,9000,7650.0,6500,1150.0
ORD006794,2026-08-24,CUST0574,P011,3,0.05,Credit Card,Completed,4000,2600,12000,11400.0,7800,3600.0
ORD006795,2025-12-14,CUST0286,P004,1,0.0,UPI,Completed,1500,950,1500,1500.0,950,550.0
ORD006796,2026-06-22,CUST0989,P003,2,0.05,Credit Card,Completed,3000,2100,6000,5700.0,4200,1500.0
ORD006797,2025-06-25,CUST1558,P006,1,0.0,Credit Card,Completed,35000,28500,35000,35000.0,28500,6500.0
ORD006798,2025-12-30,CUST0459,P009,1,0.0,UPI,Completed,12000,8500,12000,12000.0,8500,3500.0
ORD006799,2026-07-08,CUST1236,P015,2,0.1,Debit Card,Completed,2200,1400,4400,3960.0,2800,1160.0
ORD006800,2026-04-28,CUST0126,P009,1,0.0,Cash,Completed,12000,8500,12000,12000.0,8500,3500.0
ORD006801,2025-04-29,CUST1437,P004,2,0.0,Credit Card,Completed,1500,950,3000,3000.0,1900,1100.0
ORD006802,2025-06-18,CUST1523,P010,4,0.1,Net Banking,Completed,22000,16000,88000,79200.0,64000,15200.0
ORD006803,2026-09-12,CUST0425,P005,1,0.1,UPI,Completed,4500,3000,4500,4050.0,3000,1050.0
ORD006804,2025-05-27,CUST0554,P011,3,0.0,Debit Card,Completed,4000,2600,12000,12000.0,7800,4200.0
ORD006805,2026-03-13,CUST0610,P013,1,0.1,Debit Card,Completed,6000,4200,6000,5400.0,4200,1200.0
ORD006806,2026-03-15,CUST1567,P009,1,0.15,Debit Card,Completed,12000,8500,12000,10200.0,8500,1700.0
ORD006807,2025-07-08,CUST1182,P002,1,0.0,Net Banking,Completed,18000,13500,18000,18000.0,13500,4500.0
ORD006808,2025-06-09,CUST0112,P002,5,0.05,UPI,Completed,18000,13500,90000,85500.0,67500,18000.0
ORD006809,2026-02-06,CUST0402,P005,1,0.1,Credit Card,Completed,4500,3000,4500,4050.0,3000,1050.0
ORD006810,2026-08-09,CUST1783,P001,3,0.1,UPI,Completed,65000,52000,195000,175500.0,156000,19500.0
ORD006811,2025-01-18,CUST0122,P008,5,0.0,Debit Card,Completed,16000,12500,80000,80000.0,62500,17500.0
ORD006812,2025-05-20,CUST0273,P005,1,0.0,Net Banking,Completed,4500,3000,4500,4500.0,3000,1500.0
ORD006813,2025-04-25,CUST1318,P012,2,0.1,Credit Card,Completed,9000,6500,18000,16200.0,13000,3200.0
ORD006814,2025-11-24,CUST0398,P010,3,0.2,Credit Card,Completed,22000,16000,66000,52800.0,48000,4800.0
ORD006815,2025-08-13,CUST0471,P002,1,0.1,Debit Card,Completed,18000,13500,18000,16200.0,13500,2700.0
ORD006816,2026-07-12,CUST0985,P012,1,0.2,UPI,Completed,9000,6500,9000,7200.0,6500,700.0
ORD006817,2026-03-15,CUST1231,P009,1,0.1,UPI,Completed,12000,8500,12000,10800.0,8500,2300.0
ORD006818,2026-07-04,CUST1134,P002,3,0.15,Credit Card,Completed,18000,13500,54000,45900.0,40500,5400.0
ORD006819,2026-01-21,CUST1464,P007,3,0.1,Credit Card,Completed,28000,22000,84000,75600.0,66000,9600.0
ORD006820,2026-06-05,CUST1302,P008,1,0.15,Credit Card,Completed,16000,12500,16000,13600.0,12500,1100.0
ORD006821,2025-09-10,CUST1592,P014,1,0.0,UPI,Completed,2500,1600,2500,2500.0,1600,900.0
ORD006822,2026-09-12,CUST0569,P006,4,0.1,Credit Card,Returned,35000,28500,140000,126000.0,114000,12000.0
ORD006823,2025-04-08,CUST1506,P014,1,0.0,Net Banking,Completed,2500,1600,2500,2500.0,1600,900.0
ORD006824,2025-03-12,CUST1138,P011,2,0.0,UPI,Completed,4000,2600,8000,8000.0,5200,2800.0
ORD006825,2026-07-05,CUST0897,P007,1,0.05,Debit Card,Completed,28000,22000,28000,26600.0,22000,4600.0
ORD006826,2026-03-23,CUST0820,P011,3,0.0,Debit Card,Completed,4000,2600,12000,12000.0,7800,4200.0
ORD006827,2025-03-31,CUST0853,P001,4,0.0,Net Banking,Completed,65000,52000,260000,260000.0,208000,52000.0
ORD006828,2026-03-06,CUST1501,P004,1,0.2,Debit Card,Completed,1500,950,1500,1200.0,950,250.0
ORD006829,2025-08-07,CUST0710,P013,1,0.1,Debit Card,Completed,6000,4200,6000,5400.0,4200,1200.0
ORD006830,2025-04-17,CUST0321,P007,2,0.15,Debit Card,Cancelled,28000,22000,56000,47600.0,44000,3600.0
ORD006831,2026-04-21,CUST0179,P001,1,0.2,UPI,Returned,65000,52000,65000,52000.0,52000,0.0
ORD006832,2026-03-30,CUST0897,P013,1,0.05,Credit Card,Completed,6000,4200,6000,5700.0,4200,1500.0
ORD006833,2026-08-31,CUST0219,P001,2,0.0,Credit Card,Completed,65000,52000,130000,130000.0,104000,26000.0
ORD006834,2026-06-28,CUST0789,P011,1,0.0,Credit Card,Completed,4000,2600,4000,4000.0,2600,1400.0
ORD006835,2025-05-06,CUST1552,P006,1,0.05,UPI,Completed,35000,28500,35000,33250.0,28500,4750.0
ORD006836,2025-05-27,CUST0492,P004,3,0.1,UPI,Returned,1500,950,4500,4050.0,2850,1200.0
ORD006837,2025-10-07,CUST0061,P003,2,0.05,UPI,Completed,3000,2100,6000,5700.0,4200,1500.0
ORD006838,2025-01-24,CUST1078,P012,1,0.05,Debit Card,Completed,9000,6500,9000,8550.0,6500,2050.0
ORD006839,2025-04-30,CUST1704,P015,2,0.0,Net Banking,Completed,2200,1400,4400,4400.0,2800,1600.0
ORD006840,2025-10-24,CUST0538,P005,3,0.05,UPI,Completed,4500,3000,13500,12825.0,9000,3825.0
ORD006841,2025-03-23,CUST0848,P009,2,0.0,UPI,Completed,12000,8500,24000,24000.0,17000,7000.0
ORD006842,2026-03-24,CUST0988,P010,1,0.15,Cash,Completed,22000,16000,22000,18700.0,16000,2700.0
ORD006843,2026-04-15,CUST0065,P010,1,0.0,Debit Card,Completed,22000,16000,22000,22000.0,16000,6000.0
ORD006844,2026-02-27,CUST1636,P012,3,0.05,Net Banking,Completed,9000,6500,27000,25650.0,19500,6150.0
ORD006845,2026-06-29,CUST0586,P014,3,0.0,UPI,Cancelled,2500,1600,7500,7500.0,4800,2700.0
ORD006846,2025-01-24,CUST1728,P014,2,0.1,Net Banking,Completed,2500,1600,5000,4500.0,3200,1300.0
ORD006847,2025-03-02,CUST0171,P012,1,0.0,Net Banking,Completed,9000,6500,9000,9000.0,6500,2500.0
ORD006848,2025-03-25,CUST1297,P011,2,0.0,UPI,Completed,4000,2600,8000,8000.0,5200,2800.0
ORD006849,2025-08-13,CUST1723,P010,3,0.05,UPI,Completed,22000,16000,66000,62700.0,48000,14700.0
ORD006850,2025-07-05,CUST0535,P003,1,0.15,UPI,Completed,3000,2100,3000,2550.0,2100,450.0
ORD006851,2026-01-10,CUST1415,P005,1,0.15,UPI,Completed,4500,3000,4500,3825.0,3000,825.0
ORD006852,2025-03-13,CUST0693,P010,2,0.0,Cash,Cancelled,22000,16000,44000,44000.0,32000,12000.0
ORD006853,2025-03-15,CUST1351,P005,3,0.1,Credit Card,Completed,4500,3000,13500,12150.0,9000,3150.0
ORD006854,2025-12-07,CUST0108,P009,1,0.0,Debit Card,Completed,12000,8500,12000,12000.0,8500,3500.0
ORD006855,2025-06-02,CUST1186,P011,2,0.0,Net Banking,Completed,4000,2600,8000,8000.0,5200,2800.0
ORD006856,2025-04-06,CUST0814,P012,2,0.05,Credit Card,Completed,9000,6500,18000,17100.0,13000,4100.0
ORD006857,2026-07-19,CUST1005,P010,2,0.0,Debit Card,Completed,22000,16000,44000,44000.0,32000,12000.0
ORD006858,2026-03-21,CUST0452,P011,2,0.1,UPI,Completed,4000,2600,8000,7200.0,5200,2000.0
ORD006859,2025-04-20,CUST1230,P004,2,0.15,Credit Card,Cancelled,1500,950,3000,2550.0,1900,650.0
ORD006860,2026-04-03,CUST0590,P001,1,0.0,Cash,Completed,65000,52000,65000,65000.0,52000,13000.0
ORD006861,2025-02-20,CUST1040,P010,1,0.0,UPI,Completed,22000,16000,22000,22000.0,16000,6000.0
ORD006862,2026-01-12,CUST0327,P005,2,0.05,Credit Card,Completed,4500,3000,9000,8550.0,6000,2550.0
ORD006863,2025-03-14,CUST0608,P001,1,0.05,Net Banking,Completed,65000,52000,65000,61750.0,52000,9750.0
ORD006864,2025-07-31,CUST0659,P006,2,0.15,Debit Card,Completed,35000,28500,70000,59500.0,57000,2500.0
ORD006865,2026-03-08,CUST0002,P012,2,0.15,Debit Card,Completed,9000,6500,18000,15300.0,13000,2300.0
ORD006866,2025-06-17,CUST1034,P010,1,0.1,Net Banking,Completed,22000,16000,22000,19800.0,16000,3800.0
ORD006867,2025-11-27,CUST0434,P010,2,0.0,UPI,Completed,22000,16000,44000,44000.0,32000,12000.0
ORD006868,2026-05-09,CUST0125,P015,2,0.1,Debit Card,Completed,2200,1400,4400,3960.0,2800,1160.0
ORD006869,2025-05-23,CUST1105,P007,1,0.0,Net Banking,Completed,28000,22000,28000,28000.0,22000,6000.0
ORD006870,2026-08-05,CUST0485,P001,1,0.2,UPI,Completed,65000,52000,65000,52000.0,52000,0.0
ORD006871,2026-03-21,CUST0652,P010,4,0.0,Credit Card,Completed,22000,16000,88000,88000.0,64000,24000.0
ORD006872,2026-01-29,CUST1174,P004,1,0.05,UPI,Completed,1500,950,1500,1425.0,950,475.0
ORD006873,2026-05-27,CUST0800,P009,2,0.0,UPI,Completed,12000,8500,24000,24000.0,17000,7000.0
ORD006874,2026-09-13,CUST0873,P013,1,0.05,Credit Card,Completed,6000,4200,6000,5700.0,4200,1500.0
ORD006875,2025-11-24,CUST1364,P001,1,0.1,Debit Card,Completed,65000,52000,65000,58500.0,52000,6500.0
ORD006876,2026-08-27,CUST0129,P009,1,0.1,Net Banking,Completed,12000,8500,12000,10800.0,8500,2300.0
ORD006877,2025-09-16,CUST0438,P008,3,0.1,Debit Card,Completed,16000,12500,48000,43200.0,37500,5700.0
ORD006878,2026-03-13,CUST0751,P005,1,0.05,Net Banking,Completed,4500,3000,4500,4275.0,3000,1275.0
ORD006879,2026-07-18,CUST0501,P006,1,0.0,UPI,Completed,35000,28500,35000,35000.0,28500,6500.0
ORD006880,2025-12-15,CUST1082,P007,2,0.15,UPI,Completed,28000,22000,56000,47600.0,44000,3600.0
ORD006881,2026-05-30,CUST1222,P004,1,0.1,Cash,Completed,1500,950,1500,1350.0,950,400.0
ORD006882,2026-03-25,CUST0211,P014,1,0.0,Net Banking,Completed,2500,1600,2500,2500.0,1600,900.0
ORD006883,2026-02-03,CUST0902,P014,1,0.1,UPI,Completed,2500,1600,2500,2250.0,1600,650.0
ORD006884,2026-08-19,CUST0045,P006,1,0.2,Debit Card,Completed,35000,28500,35000,28000.0,28500,-500.0
ORD006885,2025-08-02,CUST1121,P007,2,0.1,Credit Card,Cancelled,28000,22000,56000,50400.0,44000,6400.0
ORD006886,2026-06-30,CUST1303,P011,1,0.0,Credit Card,Cancelled,4000,2600,4000,4000.0,2600,1400.0
ORD006887,2026-07-16,CUST0535,P015,1,0.1,Net Banking,Completed,2200,1400,2200,1980.0,1400,580.0
ORD006888,2025-10-16,CUST1434,P006,3,0.0,Debit Card,Completed,35000,28500,105000,105000.0,85500,19500.0
ORD006889,2025-09-16,CUST0461,P011,3,0.1,UPI,Completed,4000,2600,12000,10800.0,7800,3000.0
ORD006890,2025-09-15,CUST0391,P013,3,0.05,UPI,Completed,6000,4200,18000,17100.0,12600,4500.0
ORD006891,2026-01-23,CUST1068,P015,3,0.15,UPI,Cancelled,2200,1400,6600,5610.0,4200,1410.0
ORD006892,2026-06-29,CUST0027,P012,2,0.1,Net Banking,Completed,9000,6500,18000,16200.0,13000,3200.0
ORD006893,2025-09-22,CUST0794,P006,2,0.0,Credit Card,Completed,35000,28500,70000,70000.0,57000,13000.0
ORD006894,2025-11-09,CUST1121,P002,2,0.1,Cash,Completed,18000,13500,36000,32400.0,27000,5400.0
ORD006895,2025-02-09,CUST0975,P005,3,0.0,Net Banking,Completed,4500,3000,13500,13500.0,9000,4500.0
ORD006896,2025-07-29,CUST0548,P003,2,0.0,UPI,Completed,3000,2100,6000,6000.0,4200,1800.0
ORD006897,2025-09-29,CUST0621,P007,1,0.05,Net Banking,Completed,28000,22000,28000,26600.0,22000,4600.0
ORD006898,2025-05-16,CUST0567,P004,3,0.0,Credit Card,Returned,1500,950,4500,4500.0,2850,1650.0
ORD006899,2026-08-22,CUST0704,P001,3,0.2,UPI,Completed,65000,52000,195000,156000.0,156000,0.0
ORD006900,2025-03-01,CUST1243,P012,3,0.05,Credit Card,Completed,9000,6500,27000,25650.0,19500,6150.0
ORD006901,2026-05-25,CUST0185,P012,1,0.1,Cash,Cancelled,9000,6500,9000,8100.0,6500,1600.0
ORD006902,2026-05-30,CUST1093,P006,1,0.0,Credit Card,Completed,35000,28500,35000,35000.0,28500,6500.0
ORD006903,2025-01-15,CUST1154,P006,1,0.1,Debit Card,Completed,35000,28500,35000,31500.0,28500,3000.0
ORD006904,2026-09-06,CUST1591,P007,2,0.05,Credit Card,Completed,28000,22000,56000,53200.0,44000,9200.0
ORD006905,2025-09-12,CUST1633,P015,1,0.05,Credit Card,Completed,2200,1400,2200,2090.0,1400,690.0
ORD006906,2026-06-19,CUST0848,P011,1,0.2,Net Banking,Completed,4000,2600,4000,3200.0,2600,600.0
ORD006907,2025-08-23,CUST0599,P008,1,0.05,Net Banking,Completed,16000,12500,16000,15200.0,12500,2700.0
ORD006908,2025-05-11,CUST0806,P015,1,0.1,UPI,Completed,2200,1400,2200,1980.0,1400,580.0
ORD006909,2025-01-17,CUST1655,P003,2,0.0,UPI,Completed,3000,2100,6000,6000.0,4200,1800.0
ORD006910,2025-07-04,CUST1744,P014,3,0.0,Credit Card,Completed,2500,1600,7500,7500.0,4800,2700.0
ORD006911,2026-01-26,CUST1358,P006,1,0.15,UPI,Completed,35000,28500,35000,29750.0,28500,1250.0
ORD006912,2026-02-27,CUST1178,P010,2,0.1,Net Banking,Completed,22000,16000,44000,39600.0,32000,7600.0
ORD006913,2026-03-18,CUST1571,P002,1,0.05,UPI,Completed,18000,13500,18000,17100.0,13500,3600.0
ORD006914,2026-07-10,CUST0079,P013,1,0.15,Net Banking,Completed,6000,4200,6000,5100.0,4200,900.0
ORD006915,2025-01-12,CUST0579,P014,2,0.05,Debit Card,Completed,2500,1600,5000,4750.0,3200,1550.0
ORD006916,2026-06-04,CUST0413,P009,2,0.05,UPI,Completed,12000,8500,24000,22800.0,17000,5800.0
ORD006917,2025-03-21,CUST0546,P002,3,0.05,UPI,Cancelled,18000,13500,54000,51300.0,40500,10800.0
ORD006918,2025-10-29,CUST1633,P003,1,0.1,UPI,Completed,3000,2100,3000,2700.0,2100,600.0
ORD006919,2025-08-04,CUST0169,P012,3,0.0,UPI,Completed,9000,6500,27000,27000.0,19500,7500.0
ORD006920,2025-09-05,CUST0681,P015,1,0.05,Debit Card,Completed,2200,1400,2200,2090.0,1400,690.0
ORD006921,2026-06-25,CUST1687,P015,1,0.2,Credit Card,Completed,2200,1400,2200,1760.0,1400,360.0
ORD006922,2025-09-29,CUST0583,P013,1,0.0,Debit Card,Completed,6000,4200,6000,6000.0,4200,1800.0
ORD006923,2025-05-13,CUST0515,P010,3,0.0,Credit Card,Completed,22000,16000,66000,66000.0,48000,18000.0
ORD006924,2025-01-05,CUST1338,P012,1,0.0,UPI,Completed,9000,6500,9000,9000.0,6500,2500.0
ORD006925,2026-06-26,CUST0032,P012,1,0.0,Credit Card,Completed,9000,6500,9000,9000.0,6500,2500.0
ORD006926,2026-09-21,CUST0287,P002,2,0.05,Debit Card,Completed,18000,13500,36000,34200.0,27000,7200.0
ORD006927,2025-05-21,CUST0594,P009,1,0.0,UPI,Completed,12000,8500,12000,12000.0,8500,3500.0
ORD006928,2026-04-28,CUST1067,P001,1,0.05,Debit Card,Completed,65000,52000,65000,61750.0,52000,9750.0
ORD006929,2025-11-01,CUST0617,P005,1,0.05,UPI,Completed,4500,3000,4500,4275.0,3000,1275.0
ORD006930,2025-12-11,CUST1025,P001,1,0.1,UPI,Completed,65000,52000,65000,58500.0,52000,6500.0
ORD006931,2026-07-16,CUST1597,P005,2,0.2,Credit Card,Completed,4500,3000,9000,7200.0,6000,1200.0
ORD006932,2025-09-27,CUST0270,P008,2,0.1,Credit Card,Completed,16000,12500,32000,28800.0,25000,3800.0
ORD006933,2025-04-18,CUST1204,P008,1,0.0,Debit Card,Completed,16000,12500,16000,16000.0,12500,3500.0
ORD006934,2026-07-12,CUST1760,P011,1,0.0,Credit Card,Cancelled,4000,2600,4000,4000.0,2600,1400.0
ORD006935,2026-04-19,CUST0518,P008,3,0.1,UPI,Completed,16000,12500,48000,43200.0,37500,5700.0
ORD006936,2025-03-23,CUST1127,P002,2,0.1,Debit Card,Returned,18000,13500,36000,32400.0,27000,5400.0
ORD006937,2026-09-30,CUST1034,P008,2,0.0,Credit Card,Completed,16000,12500,32000,32000.0,25000,7000.0
ORD006938,2025-03-25,CUST0583,P012,1,0.0,UPI,Completed,9000,6500,9000,9000.0,6500,2500.0
ORD006939,2025-10-17,CUST1114,P005,1,0.1,Net Banking,Completed,4500,3000,4500,4050.0,3000,1050.0
ORD006940,2025-03-12,CUST0226,P015,5,0.05,UPI,Completed,2200,1400,11000,10450.0,7000,3450.0
ORD006941,2025-06-24,CUST0670,P001,2,0.05,Net Banking,Completed,65000,52000,130000,123500.0,104000,19500.0
ORD006942,2026-04-08,CUST1764,P007,1,0.0,UPI,Completed,28000,22000,28000,28000.0,22000,6000.0
ORD006943,2026-01-30,CUST0917,P013,1,0.1,Credit Card,Completed,6000,4200,6000,5400.0,4200,1200.0
ORD006944,2025-04-01,CUST0126,P006,1,0.1,Net Banking,Completed,35000,28500,35000,31500.0,28500,3000.0
ORD006945,2026-04-14,CUST0956,P005,1,0.15,Debit Card,Completed,4500,3000,4500,3825.0,3000,825.0
ORD006946,2026-03-10,CUST1233,P001,4,0.1,UPI,Completed,65000,52000,260000,234000.0,208000,26000.0
ORD006947,2025-09-06,CUST1121,P014,3,0.05,Credit Card,Completed,2500,1600,7500,7125.0,4800,2325.0
ORD006948,2026-07-26,CUST0074,P014,1,0.1,UPI,Completed,2500,1600,2500,2250.0,1600,650.0
ORD006949,2025-08-29,CUST1651,P001,1,0.05,Credit Card,Completed,65000,52000,65000,61750.0,52000,9750.0
ORD006950,2026-05-11,CUST1215,P006,3,0.0,Debit Card,Completed,35000,28500,105000,105000.0,85500,19500.0
ORD006951,2025-12-06,CUST1706,P010,1,0.15,Credit Card,Completed,22000,16000,22000,18700.0,16000,2700.0
ORD006952,2026-04-16,CUST1740,P012,2,0.05,UPI,Completed,9000,6500,18000,17100.0,13000,4100.0
ORD006953,2026-04-08,CUST0056,P007,2,0.05,Credit Card,Completed,28000,22000,56000,53200.0,44000,9200.0
ORD006954,2025-10-02,CUST0720,P010,2,0.2,UPI,Completed,22000,16000,44000,35200.0,32000,3200.0
ORD006955,2025-01-15,CUST0553,P010,2,0.2,UPI,Completed,22000,16000,44000,35200.0,32000,3200.0
ORD006956,2025-02-10,CUST0032,P001,2,0.05,Credit Card,Completed,65000,52000,130000,123500.0,104000,19500.0
ORD006957,2025-07-27,CUST1551,P009,4,0.0,Debit Card,Completed,12000,8500,48000,48000.0,34000,14000.0
ORD006958,2025-03-01,CUST0574,P015,1,0.05,Credit Card,Completed,2200,1400,2200,2090.0,1400,690.0
ORD006959,2025-12-31,CUST0667,P004,3,0.15,UPI,Completed,1500,950,4500,3825.0,2850,975.0
ORD006960,2025-08-28,CUST0284,P005,1,0.0,Net Banking,Completed,4500,3000,4500,4500.0,3000,1500.0
ORD006961,2026-08-31,CUST1745,P002,1,0.2,Debit Card,Completed,18000,13500,18000,14400.0,13500,900.0
ORD006962,2025-06-09,CUST1518,P014,1,0.0,UPI,Completed,2500,1600,2500,2500.0,1600,900.0
ORD006963,2026-02-01,CUST0187,P012,2,0.05,Cash,Completed,9000,6500,18000,17100.0,13000,4100.0
ORD006964,2026-05-15,CUST0498,P010,1,0.05,Net Banking,Completed,22000,16000,22000,20900.0,16000,4900.0
ORD006965,2025-07-28,CUST1466,P013,3,0.0,UPI,Completed,6000,4200,18000,18000.0,12600,5400.0
ORD006966,2025-05-13,CUST0130,P008,2,0.15,Debit Card,Completed,16000,12500,32000,27200.0,25000,2200.0
ORD006967,2026-01-16,CUST0639,P014,1,0.1,Credit Card,Completed,2500,1600,2500,2250.0,1600,650.0
ORD006968,2026-03-09,CUST1316,P002,2,0.0,UPI,Completed,18000,13500,36000,36000.0,27000,9000.0
ORD006969,2026-09-01,CUST0114,P003,3,0.05,UPI,Completed,3000,2100,9000,8550.0,6300,2250.0
ORD006970,2026-01-24,CUST1223,P015,2,0.1,Credit Card,Completed,2200,1400,4400,3960.0,2800,1160.0
ORD006971,2026-08-06,CUST0013,P012,1,0.0,UPI,Completed,9000,6500,9000,9000.0,6500,2500.0
ORD006972,2026-03-08,CUST1295,P015,3,0.15,Net Banking,Completed,2200,1400,6600,5610.0,4200,1410.0
ORD006973,2025-10-01,CUST1625,P009,2,0.0,UPI,Completed,12000,8500,24000,24000.0,17000,7000.0
ORD006974,2025-12-17,CUST1239,P002,1,0.0,Net Banking,Completed,18000,13500,18000,18000.0,13500,4500.0
ORD006975,2025-05-14,CUST0444,P014,1,0.0,Net Banking,Completed,2500,1600,2500,2500.0,1600,900.0
ORD006976,2025-03-07,CUST1536,P006,1,0.0,Debit Card,Completed,35000,28500,35000,35000.0,28500,6500.0
ORD006977,2025-07-24,CUST0447,P012,3,0.0,UPI,Completed,9000,6500,27000,27000.0,19500,7500.0
ORD006978,2025-10-25,CUST0986,P004,1,0.2,Debit Card,Completed,1500,950,1500,1200.0,950,250.0
ORD006979,2025-04-27,CUST0993,P007,1,0.0,Credit Card,Completed,28000,22000,28000,28000.0,22000,6000.0
ORD006980,2025-09-24,CUST0715,P014,3,0.0,Debit Card,Completed,2500,1600,7500,7500.0,4800,2700.0
ORD006981,2025-05-29,CUST0074,P014,1,0.0,UPI,Completed,2500,1600,2500,2500.0,1600,900.0
ORD006982,2025-07-13,CUST0537,P006,4,0.1,Net Banking,Completed,35000,28500,140000,126000.0,114000,12000.0
ORD006983,2025-06-28,CUST0101,P010,1,0.1,UPI,Completed,22000,16000,22000,19800.0,16000,3800.0
ORD006984,2025-05-28,CUST0176,P014,2,0.1,Debit Card,Cancelled,2500,1600,5000,4500.0,3200,1300.0
ORD006985,2026-04-10,CUST0427,P009,1,0.0,Net Banking,Completed,12000,8500,12000,12000.0,8500,3500.0
ORD006986,2026-07-23,CUST1141,P014,4,0.1,Debit Card,Completed,2500,1600,10000,9000.0,6400,2600.0
ORD006987,2025-01-05,CUST1190,P009,2,0.1,UPI,Completed,12000,8500,24000,21600.0,17000,4600.0
ORD006988,2026-06-10,CUST0041,P010,4,0.05,UPI,Completed,22000,16000,88000,83600.0,64000,19600.0
ORD006989,2025-10-07,CUST0429,P004,2,0.05,Credit Card,Completed,1500,950,3000,2850.0,1900,950.0
ORD006990,2026-05-14,CUST0344,P001,1,0.1,UPI,Completed,65000,52000,65000,58500.0,52000,6500.0
ORD006991,2026-03-12,CUST1448,P002,1,0.0,UPI,Completed,18000,13500,18000,18000.0,13500,4500.0
ORD006992,2025-08-04,CUST0366,P008,2,0.0,UPI,Completed,16000,12500,32000,32000.0,25000,7000.0
ORD006993,2026-05-30,CUST1144,P014,2,0.0,Debit Card,Completed,2500,1600,5000,5000.0,3200,1800.0
ORD006994,2025-05-17,CUST0609,P010,4,0.05,UPI,Completed,22000,16000,88000,83600.0,64000,19600.0
ORD006995,2026-09-04,CUST0657,P008,1,0.0,Net Banking,Completed,16000,12500,16000,16000.0,12500,3500.0
ORD006996,2026-08-18,CUST0728,P014,2,0.1,Credit Card,Completed,2500,1600,5000,4500.0,3200,1300.0
ORD006997,2025-10-07,CUST0229,P015,4,0.15,Debit Card,Completed,2200,1400,8800,7480.0,5600,1880.0
ORD006998,2025-05-12,CUST0825,P002,1,0.05,UPI,Completed,18000,13500,18000,17100.0,13500,3600.0
ORD006999,2026-01-28,CUST1154,P004,3,0.05,Net Banking,Completed,1500,950,4500,4275.0,2850,1425.0
ORD007000,2026-04-26,CUST1376,P001,1,0.1,UPI,Completed,65000,52000,65000,58500.0,52000,6500.0
ORD007001,2026-05-28,CUST0889,P007,2,0.1,UPI,Completed,28000,22000,56000,50400.0,44000,6400.0
ORD007002,2026-09-20,CUST1342,P004,1,0.05,UPI,Completed,1500,950,1500,1425.0,950,475.0
ORD007003,2026-02-23,CUST0984,P011,1,0.1,UPI,Cancelled,4000,2600,4000,3600.0,2600,1000.0
ORD007004,2025-07-21,CUST1673,P014,1,0.1,Credit Card,Completed,2500,1600,2500,2250.0,1600,650.0
ORD007005,2026-04-07,CUST0836,P008,5,0.0,Net Banking,Completed,16000,12500,80000,80000.0,62500,17500.0
ORD007006,2025-07-21,CUST1361,P009,3,0.05,UPI,Completed,12000,8500,36000,34200.0,25500,8700.0
ORD007007,2025-06-01,CUST1297,P012,1,0.0,Debit Card,Completed,9000,6500,9000,9000.0,6500,2500.0
ORD007008,2025-08-10,CUST0117,P009,5,0.2,Debit Card,Completed,12000,8500,60000,48000.0,42500,5500.0
ORD007009,2025-03-20,CUST0818,P003,2,0.0,Net Banking,Completed,3000,2100,6000,6000.0,4200,1800.0
ORD007010,2025-07-19,CUST0368,P005,3,0.0,UPI,Completed,4500,3000,13500,13500.0,9000,4500.0
ORD007011,2025-04-09,CUST1118,P006,1,0.05,UPI,Completed,35000,28500,35000,33250.0,28500,4750.0
ORD007012,2025-08-01,CUST0168,P006,1,0.15,UPI,Completed,35000,28500,35000,29750.0,28500,1250.0
ORD007013,2025-05-23,CUST0954,P010,2,0.05,Credit Card,Completed,22000,16000,44000,41800.0,32000,9800.0
ORD007014,2026-01-24,CUST1739,P008,1,0.1,Credit Card,Completed,16000,12500,16000,14400.0,12500,1900.0
ORD007015,2026-01-09,CUST1365,P006,2,0.1,Credit Card,Completed,35000,28500,70000,63000.0,57000,6000.0
ORD007016,2025-02-21,CUST0661,P006,1,0.1,UPI,Completed,35000,28500,35000,31500.0,28500,3000.0
ORD007017,2026-09-16,CUST0695,P004,1,0.1,Debit Card,Completed,1500,950,1500,1350.0,950,400.0
ORD007018,2025-05-15,CUST0925,P007,1,0.0,UPI,Completed,28000,22000,28000,28000.0,22000,6000.0
ORD007019,2026-02-15,CUST0152,P014,4,0.15,Credit Card,Completed,2500,1600,10000,8500.0,6400,2100.0
ORD007020,2026-04-15,CUST0586,P014,1,0.1,UPI,Completed,2500,1600,2500,2250.0,1600,650.0
ORD007021,2025-04-22,CUST0913,P008,1,0.15,Credit Card,Completed,16000,12500,16000,13600.0,12500,1100.0
ORD007022,2026-06-09,CUST0274,P003,2,0.1,Debit Card,Completed,3000,2100,6000,5400.0,4200,1200.0
ORD007023,2025-02-13,CUST1578,P007,2,0.15,Debit Card,Returned,28000,22000,56000,47600.0,44000,3600.0
ORD007024,2026-02-01,CUST0496,P003,2,0.0,Net Banking,Completed,3000,2100,6000,6000.0,4200,1800.0
ORD007025,2026-08-08,CUST1748,P008,2,0.0,Debit Card,Completed,16000,12500,32000,32000.0,25000,7000.0
ORD007026,2025-09-18,CUST0101,P001,1,0.0,UPI,Returned,65000,52000,65000,65000.0,52000,13000.0
ORD007027,2026-06-29,CUST0557,P001,1,0.0,UPI,Completed,65000,52000,65000,65000.0,52000,13000.0
ORD007028,2026-01-23,CUST1106,P014,3,0.1,Net Banking,Completed,2500,1600,7500,6750.0,4800,1950.0
ORD007029,2026-04-21,CUST1553,P006,4,0.0,Net Banking,Completed,35000,28500,140000,140000.0,114000,26000.0
ORD007030,2026-02-14,CUST0073,P010,2,0.0,Net Banking,Completed,22000,16000,44000,44000.0,32000,12000.0
ORD007031,2026-08-03,CUST1038,P009,1,0.1,Debit Card,Completed,12000,8500,12000,10800.0,8500,2300.0
ORD007032,2025-01-16,CUST1457,P012,1,0.15,UPI,Completed,9000,6500,9000,7650.0,6500,1150.0
ORD007033,2025-04-12,CUST0157,P014,1,0.1,Net Banking,Completed,2500,1600,2500,2250.0,1600,650.0
ORD007034,2025-07-05,CUST0735,P004,2,0.1,UPI,Completed,1500,950,3000,2700.0,1900,800.0
ORD007035,2025-01-25,CUST0132,P006,1,0.05,Credit Card,Completed,35000,28500,35000,33250.0,28500,4750.0
ORD007036,2025-03-13,CUST1362,P012,1,0.15,UPI,Completed,9000,6500,9000,7650.0,6500,1150.0
ORD007037,2026-08-16,CUST1019,P005,1,0.05,Credit Card,Completed,4500,3000,4500,4275.0,3000,1275.0
ORD007038,2026-07-27,CUST1428,P012,1,0.2,Credit Card,Completed,9000,6500,9000,7200.0,6500,700.0
ORD007039,2025-01-18,CUST1400,P015,1,0.0,Credit Card,Completed,2200,1400,2200,2200.0,1400,800.0
ORD007040,2026-07-24,CUST0559,P001,1,0.1,Credit Card,Completed,65000,52000,65000,58500.0,52000,6500.0
ORD007041,2025-11-28,CUST0107,P006,2,0.1,Credit Card,Completed,35000,28500,70000,63000.0,57000,6000.0
ORD007042,2026-07-23,CUST1644,P009,1,0.05,UPI,Completed,12000,8500,12000,11400.0,8500,2900.0
ORD007043,2025-04-07,CUST0265,P015,2,0.1,Debit Card,Completed,2200,1400,4400,3960.0,2800,1160.0
ORD007044,2025-01-12,CUST1229,P015,1,0.1,Net Banking,Completed,2200,1400,2200,1980.0,1400,580.0
ORD007045,2025-01-11,CUST1103,P012,1,0.15,Credit Card,Completed,9000,6500,9000,7650.0,6500,1150.0
ORD007046,2025-06-12,CUST0155,P003,2,0.0,Debit Card,Completed,3000,2100,6000,6000.0,4200,1800.0
ORD007047,2025-10-10,CUST0988,P011,2,0.0,Credit Card,Completed,4000,2600,8000,8000.0,5200,2800.0
ORD007048,2025-08-29,CUST0997,P015,2,0.0,UPI,Completed,2200,1400,4400,4400.0,2800,1600.0
ORD007049,2025-02-14,CUST0247,P003,2,0.0,Credit Card,Completed,3000,2100,6000,6000.0,4200,1800.0
ORD007050,2026-08-16,CUST0531,P014,3,0.0,UPI,Completed,2500,1600,7500,7500.0,4800,2700.0
ORD007051,2025-09-12,CUST0858,P002,1,0.1,Debit Card,Completed,18000,13500,18000,16200.0,13500,2700.0
ORD007052,2025-03-08,CUST0538,P013,2,0.05,Credit Card,Completed,6000,4200,12000,11400.0,8400,3000.0
ORD007053,2026-09-06,CUST0729,P004,2,0.1,UPI,Completed,1500,950,3000,2700.0,1900,800.0
ORD007054,2026-08-26,CUST1178,P010,1,0.05,Credit Card,Completed,22000,16000,22000,20900.0,16000,4900.0
ORD007055,2025-02-11,CUST0154,P003,1,0.05,Net Banking,Completed,3000,2100,3000,2850.0,2100,750.0
ORD007056,2026-01-19,CUST1710,P012,2,0.0,UPI,Completed,9000,6500,18000,18000.0,13000,5000.0
ORD007057,2026-08-12,CUST0092,P002,1,0.1,Cash,Cancelled,18000,13500,18000,16200.0,13500,2700.0
ORD007058,2025-08-22,CUST1457,P001,1,0.1,Cash,Completed,65000,52000,65000,58500.0,52000,6500.0
ORD007059,2026-04-30,CUST0338,P003,2,0.0,Net Banking,Completed,3000,2100,6000,6000.0,4200,1800.0
ORD007060,2025-02-08,CUST1504,P010,4,0.0,Net Banking,Completed,22000,16000,88000,88000.0,64000,24000.0
ORD007061,2025-01-11,CUST1717,P006,3,0.0,Credit Card,Completed,35000,28500,105000,105000.0,85500,19500.0
ORD007062,2026-09-16,CUST1155,P009,1,0.1,Credit Card,Completed,12000,8500,12000,10800.0,8500,2300.0
ORD007063,2026-02-13,CUST0450,P011,2,0.1,Cash,Completed,4000,2600,8000,7200.0,5200,2000.0
ORD007064,2025-04-18,CUST0810,P005,1,0.1,Credit Card,Completed,4500,3000,4500,4050.0,3000,1050.0
ORD007065,2025-04-04,CUST0787,P015,1,0.0,UPI,Completed,2200,1400,2200,2200.0,1400,800.0
ORD007066,2025-03-25,CUST0273,P003,3,0.0,UPI,Returned,3000,2100,9000,9000.0,6300,2700.0
ORD007067,2025-02-27,CUST0588,P014,1,0.0,Debit Card,Completed,2500,1600,2500,2500.0,1600,900.0
ORD007068,2025-10-20,CUST0177,P005,1,0.0,Credit Card,Completed,4500,3000,4500,4500.0,3000,1500.0
ORD007069,2025-01-16,CUST1720,P005,4,0.0,UPI,Completed,4500,3000,18000,18000.0,12000,6000.0
ORD007070,2026-04-22,CUST0831,P005,3,0.0,Net Banking,Completed,4500,3000,13500,13500.0,9000,4500.0
ORD007071,2026-08-28,CUST0643,P012,3,0.05,Credit Card,Completed,9000,6500,27000,25650.0,19500,6150.0
ORD007072,2025-06-14,CUST1073,P012,3,0.05,Credit Card,Completed,9000,6500,27000,25650.0,19500,6150.0
ORD007073,2026-03-13,CUST0567,P007,2,0.05,UPI,Completed,28000,22000,56000,53200.0,44000,9200.0
ORD007074,2026-02-07,CUST0666,P005,1,0.05,UPI,Completed,4500,3000,4500,4275.0,3000,1275.0
ORD007075,2026-01-21,CUST1379,P007,2,0.1,UPI,Completed,28000,22000,56000,50400.0,44000,6400.0
ORD007076,2025-05-18,CUST1736,P009,1,0.1,Credit Card,Completed,12000,8500,12000,10800.0,8500,2300.0
ORD007077,2026-06-15,CUST1332,P005,1,0.0,Debit Card,Completed,4500,3000,4500,4500.0,3000,1500.0
ORD007078,2025-10-20,CUST0868,P002,3,0.1,Debit Card,Completed,18000,13500,54000,48600.0,40500,8100.0
ORD007079,2026-04-20,CUST1654,P005,1,0.15,UPI,Completed,4500,3000,4500,3825.0,3000,825.0
ORD007080,2026-04-07,CUST1799,P008,1,0.0,Net Banking,Completed,16000,12500,16000,16000.0,12500,3500.0
ORD007081,2026-01-08,CUST1070,P012,1,0.0,UPI,Completed,9000,6500,9000,9000.0,6500,2500.0
ORD007082,2025-06-11,CUST0302,P004,1,0.15,UPI,Completed,1500,950,1500,1275.0,950,325.0
ORD007083,2025-02-13,CUST0868,P002,3,0.15,Net Banking,Completed,18000,13500,54000,45900.0,40500,5400.0
ORD007084,2025-03-24,CUST0912,P010,2,0.0,UPI,Completed,22000,16000,44000,44000.0,32000,12000.0
ORD007085,2026-09-28,CUST0408,P003,2,0.0,Debit Card,Completed,3000,2100,6000,6000.0,4200,1800.0
ORD007086,2026-06-23,CUST1213,P009,2,0.1,UPI,Cancelled,12000,8500,24000,21600.0,17000,4600.0
ORD007087,2026-06-03,CUST0822,P009,2,0.0,UPI,Completed,12000,8500,24000,24000.0,17000,7000.0
ORD007088,2026-02-15,CUST1153,P008,2,0.15,Debit Card,Completed,16000,12500,32000,27200.0,25000,2200.0
ORD007089,2025-12-07,CUST0561,P008,2,0.0,UPI,Completed,16000,12500,32000,32000.0,25000,7000.0
ORD007090,2026-09-16,CUST1561,P008,4,0.15,UPI,Completed,16000,12500,64000,54400.0,50000,4400.0
ORD007091,2025-03-30,CUST1290,P008,5,0.0,Credit Card,Completed,16000,12500,80000,80000.0,62500,17500.0
ORD007092,2025-08-18,CUST1142,P008,5,0.0,UPI,Completed,16000,12500,80000,80000.0,62500,17500.0
ORD007093,2025-01-18,CUST0464,P001,2,0.2,Net Banking,Completed,65000,52000,130000,104000.0,104000,0.0
ORD007094,2025-10-08,CUST0144,P006,4,0.0,Net Banking,Completed,35000,28500,140000,140000.0,114000,26000.0
ORD007095,2026-02-26,CUST0442,P012,1,0.0,Debit Card,Completed,9000,6500,9000,9000.0,6500,2500.0
ORD007096,2025-12-04,CUST1224,P009,3,0.15,UPI,Completed,12000,8500,36000,30600.0,25500,5100.0
ORD007097,2025-09-23,CUST1181,P008,4,0.0,Credit Card,Completed,16000,12500,64000,64000.0,50000,14000.0
ORD007098,2025-12-21,CUST0487,P003,4,0.0,Debit Card,Returned,3000,2100,12000,12000.0,8400,3600.0
ORD007099,2025-12-26,CUST0860,P011,3,0.0,UPI,Completed,4000,2600,12000,12000.0,7800,4200.0
ORD007100,2025-08-05,CUST1158,P001,1,0.1,UPI,Completed,65000,52000,65000,58500.0,52000,6500.0
ORD007101,2025-11-17,CUST0148,P002,1,0.1,Net Banking,Completed,18000,13500,18000,16200.0,13500,2700.0
ORD007102,2025-07-31,CUST1360,P011,1,0.15,Credit Card,Completed,4000,2600,4000,3400.0,2600,800.0
ORD007103,2025-07-22,CUST1095,P015,3,0.05,Debit Card,Completed,2200,1400,6600,6270.0,4200,2070.0
ORD007104,2025-06-02,CUST1257,P002,1,0.05,UPI,Completed,18000,13500,18000,17100.0,13500,3600.0
ORD007105,2026-03-05,CUST1358,P007,1,0.05,Debit Card,Returned,28000,22000,28000,26600.0,22000,4600.0
ORD007106,2025-10-14,CUST0811,P012,2,0.1,UPI,Completed,9000,6500,18000,16200.0,13000,3200.0
ORD007107,2025-11-17,CUST0666,P006,2,0.1,Net Banking,Completed,35000,28500,70000,63000.0,57000,6000.0
ORD007108,2026-03-12,CUST0090,P011,4,0.15,UPI,Completed,4000,2600,16000,13600.0,10400,3200.0
ORD007109,2026-08-15,CUST1358,P002,2,0.2,Net Banking,Completed,18000,13500,36000,28800.0,27000,1800.0
ORD007110,2026-05-11,CUST0199,P008,3,0.0,Credit Card,Completed,16000,12500,48000,48000.0,37500,10500.0
ORD007111,2026-08-27,CUST1185,P015,2,0.05,Debit Card,Completed,2200,1400,4400,4180.0,2800,1380.0
ORD007112,2025-05-29,CUST0538,P009,3,0.1,Net Banking,Completed,12000,8500,36000,32400.0,25500,6900.0
ORD007113,2026-06-26,CUST1145,P015,1,0.0,UPI,Completed,2200,1400,2200,2200.0,1400,800.0
ORD007114,2026-09-27,CUST0301,P007,1,0.0,UPI,Completed,28000,22000,28000,28000.0,22000,6000.0
ORD007115,2026-04-27,CUST0724,P004,4,0.15,Net Banking,Completed,1500,950,6000,5100.0,3800,1300.0
ORD007116,2025-11-22,CUST1599,P013,2,0.05,Credit Card,Completed,6000,4200,12000,11400.0,8400,3000.0
ORD007117,2025-01-29,CUST0963,P013,2,0.05,Debit Card,Completed,6000,4200,12000,11400.0,8400,3000.0
ORD007118,2025-09-16,CUST1460,P001,1,0.05,UPI,Completed,65000,52000,65000,61750.0,52000,9750.0
ORD007119,2025-03-16,CUST0068,P004,1,0.1,Debit Card,Completed,1500,950,1500,1350.0,950,400.0
ORD007120,2026-07-11,CUST1789,P004,2,0.0,UPI,Completed,1500,950,3000,3000.0,1900,1100.0
ORD007121,2026-08-04,CUST0459,P008,1,0.1,Debit Card,Completed,16000,12500,16000,14400.0,12500,1900.0
ORD007122,2026-05-13,CUST1538,P004,1,0.05,UPI,Completed,1500,950,1500,1425.0,950,475.0
ORD007123,2026-02-20,CUST0398,P004,1,0.15,Credit Card,Completed,1500,950,1500,1275.0,950,325.0
ORD007124,2025-12-06,CUST0620,P013,2,0.05,UPI,Completed,6000,4200,12000,11400.0,8400,3000.0
ORD007125,2025-11-04,CUST1310,P002,2,0.15,Debit Card,Completed,18000,13500,36000,30600.0,27000,3600.0
ORD007126,2026-09-07,CUST1585,P012,4,0.05,UPI,Completed,9000,6500,36000,34200.0,26000,8200.0
ORD007127,2025-08-29,CUST1164,P010,2,0.2,Credit Card,Completed,22000,16000,44000,35200.0,32000,3200.0
ORD007128,2025-09-10,CUST0730,P007,3,0.15,Debit Card,Returned,28000,22000,84000,71400.0,66000,5400.0
ORD007129,2025-08-08,CUST0556,P015,2,0.05,UPI,Completed,2200,1400,4400,4180.0,2800,1380.0
ORD007130,2026-02-01,CUST0781,P004,2,0.05,Net Banking,Completed,1500,950,3000,2850.0,1900,950.0
ORD007131,2025-12-02,CUST1614,P011,1,0.05,Debit Card,Completed,4000,2600,4000,3800.0,2600,1200.0
ORD007132,2025-01-29,CUST1752,P006,1,0.1,Credit Card,Completed,35000,28500,35000,31500.0,28500,3000.0
ORD007133,2026-05-09,CUST0894,P003,2,0.05,UPI,Completed,3000,2100,6000,5700.0,4200,1500.0
ORD007134,2026-05-17,CUST0610,P007,1,0.05,Debit Card,Completed,28000,22000,28000,26600.0,22000,4600.0
ORD007135,2025-06-03,CUST0748,P006,3,0.1,UPI,Completed,35000,28500,105000,94500.0,85500,9000.0
ORD007136,2025-08-19,CUST0282,P003,2,0.1,Net Banking,Completed,3000,2100,6000,5400.0,4200,1200.0
ORD007137,2025-04-12,CUST0661,P004,3,0.0,UPI,Completed,1500,950,4500,4500.0,2850,1650.0
ORD007138,2025-06-26,CUST0924,P010,5,0.0,UPI,Completed,22000,16000,110000,110000.0,80000,30000.0
ORD007139,2025-08-20,CUST0996,P014,1,0.0,UPI,Completed,2500,1600,2500,2500.0,1600,900.0
ORD007140,2025-01-12,CUST1602,P005,1,0.0,Cash,Returned,4500,3000,4500,4500.0,3000,1500.0
ORD007141,2025-07-05,CUST0746,P009,2,0.05,Debit Card,Completed,12000,8500,24000,22800.0,17000,5800.0
ORD007142,2025-09-23,CUST1481,P014,1,0.1,UPI,Completed,2500,1600,2500,2250.0,1600,650.0
ORD007143,2025-05-15,CUST0087,P006,1,0.05,Cash,Completed,35000,28500,35000,33250.0,28500,4750.0
ORD007144,2025-01-31,CUST1103,P013,3,0.0,UPI,Completed,6000,4200,18000,18000.0,12600,5400.0
ORD007145,2026-04-01,CUST1229,P004,5,0.05,Debit Card,Completed,1500,950,7500,7125.0,4750,2375.0
ORD007146,2025-09-16,CUST0791,P011,3,0.2,Debit Card,Completed,4000,2600,12000,9600.0,7800,1800.0
ORD007147,2025-04-14,CUST1361,P011,2,0.0,Net Banking,Completed,4000,2600,8000,8000.0,5200,2800.0
ORD007148,2026-03-07,CUST1278,P007,1,0.2,Credit Card,Completed,28000,22000,28000,22400.0,22000,400.0
ORD007149,2026-01-17,CUST0304,P002,2,0.0,Credit Card,Cancelled,18000,13500,36000,36000.0,27000,9000.0
ORD007150,2026-04-14,CUST1404,P004,1,0.0,Debit Card,Completed,1500,950,1500,1500.0,950,550.0
ORD007151,2026-05-28,CUST0130,P005,2,0.1,Credit Card,Completed,4500,3000,9000,8100.0,6000,2100.0
ORD007152,2025-07-26,CUST0596,P004,1,0.05,UPI,Completed,1500,950,1500,1425.0,950,475.0
ORD007153,2026-03-23,CUST1300,P004,4,0.1,Debit Card,Completed,1500,950,6000,5400.0,3800,1600.0
ORD007154,2025-03-30,CUST1723,P011,2,0.15,Debit Card,Completed,4000,2600,8000,6800.0,5200,1600.0
ORD007155,2025-07-14,CUST0558,P013,2,0.0,Credit Card,Completed,6000,4200,12000,12000.0,8400,3600.0
ORD007156,2026-02-18,CUST0899,P009,4,0.1,UPI,Completed,12000,8500,48000,43200.0,34000,9200.0
ORD007157,2025-05-02,CUST1207,P014,1,0.1,UPI,Completed,2500,1600,2500,2250.0,1600,650.0
ORD007158,2026-04-07,CUST1292,P011,1,0.15,Debit Card,Completed,4000,2600,4000,3400.0,2600,800.0
ORD007159,2025-04-26,CUST1346,P013,3,0.05,Debit Card,Completed,6000,4200,18000,17100.0,12600,4500.0
ORD007160,2025-07-15,CUST1536,P002,5,0.0,Net Banking,Completed,18000,13500,90000,90000.0,67500,22500.0
ORD007161,2025-02-05,CUST1636,P006,2,0.05,Debit Card,Completed,35000,28500,70000,66500.0,57000,9500.0
ORD007162,2025-03-08,CUST0078,P014,1,0.2,Debit Card,Completed,2500,1600,2500,2000.0,1600,400.0
ORD007163,2025-10-08,CUST0784,P008,3,0.0,UPI,Completed,16000,12500,48000,48000.0,37500,10500.0
ORD007164,2026-04-24,CUST1363,P008,1,0.0,UPI,Cancelled,16000,12500,16000,16000.0,12500,3500.0
ORD007165,2025-01-11,CUST0674,P011,2,0.0,Debit Card,Completed,4000,2600,8000,8000.0,5200,2800.0
ORD007166,2025-11-18,CUST1580,P007,1,0.1,UPI,Completed,28000,22000,28000,25200.0,22000,3200.0
ORD007167,2025-08-28,CUST1533,P010,4,0.0,Cash,Completed,22000,16000,88000,88000.0,64000,24000.0
ORD007168,2025-03-01,CUST0238,P011,1,0.0,Net Banking,Completed,4000,2600,4000,4000.0,2600,1400.0
ORD007169,2026-07-16,CUST1158,P004,3,0.1,Credit Card,Completed,1500,950,4500,4050.0,2850,1200.0
ORD007170,2025-06-14,CUST1216,P007,1,0.0,Credit Card,Completed,28000,22000,28000,28000.0,22000,6000.0
ORD007171,2025-07-08,CUST1380,P013,1,0.0,Credit Card,Completed,6000,4200,6000,6000.0,4200,1800.0
ORD007172,2026-05-02,CUST0278,P010,4,0.05,Debit Card,Completed,22000,16000,88000,83600.0,64000,19600.0
ORD007173,2025-04-02,CUST1042,P006,1,0.05,Debit Card,Completed,35000,28500,35000,33250.0,28500,4750.0
ORD007174,2025-10-16,CUST0524,P011,2,0.0,UPI,Completed,4000,2600,8000,8000.0,5200,2800.0
ORD007175,2026-05-24,CUST0180,P006,1,0.0,Net Banking,Completed,35000,28500,35000,35000.0,28500,6500.0
ORD007176,2025-03-16,CUST0123,P002,3,0.05,Debit Card,Completed,18000,13500,54000,51300.0,40500,10800.0
ORD007177,2026-07-11,CUST1270,P008,1,0.1,UPI,Completed,16000,12500,16000,14400.0,12500,1900.0
ORD007178,2026-03-04,CUST1758,P008,1,0.05,UPI,Returned,16000,12500,16000,15200.0,12500,2700.0
ORD007179,2026-01-20,CUST1397,P014,2,0.05,Credit Card,Completed,2500,1600,5000,4750.0,3200,1550.0
ORD007180,2025-02-22,CUST1075,P011,1,0.0,UPI,Completed,4000,2600,4000,4000.0,2600,1400.0
ORD007181,2025-06-24,CUST1095,P007,1,0.0,UPI,Completed,28000,22000,28000,28000.0,22000,6000.0
ORD007182,2026-08-02,CUST0480,P011,2,0.15,UPI,Completed,4000,2600,8000,6800.0,5200,1600.0
ORD007183,2026-04-19,CUST1584,P009,2,0.0,Net Banking,Completed,12000,8500,24000,24000.0,17000,7000.0
ORD007184,2025-12-27,CUST1043,P008,1,0.05,UPI,Completed,16000,12500,16000,15200.0,12500,2700.0
ORD007185,2025-09-27,CUST1798,P014,2,0.15,Credit Card,Completed,2500,1600,5000,4250.0,3200,1050.0
ORD007186,2026-02-11,CUST0084,P009,4,0.1,UPI,Completed,12000,8500,48000,43200.0,34000,9200.0
ORD007187,2025-05-04,CUST1179,P015,1,0.1,Debit Card,Completed,2200,1400,2200,1980.0,1400,580.0
ORD007188,2026-01-11,CUST0565,P009,2,0.1,Debit Card,Completed,12000,8500,24000,21600.0,17000,4600.0
ORD007189,2026-01-27,CUST0619,P006,2,0.0,Net Banking,Completed,35000,28500,70000,70000.0,57000,13000.0
ORD007190,2025-07-01,CUST0357,P002,1,0.2,Debit Card,Completed,18000,13500,18000,14400.0,13500,900.0
ORD007191,2025-02-05,CUST0816,P012,1,0.15,Credit Card,Completed,9000,6500,9000,7650.0,6500,1150.0
ORD007192,2025-07-31,CUST0647,P007,1,0.0,Credit Card,Completed,28000,22000,28000,28000.0,22000,6000.0
ORD007193,2025-05-14,CUST0443,P003,3,0.1,Debit Card,Completed,3000,2100,9000,8100.0,6300,1800.0
ORD007194,2026-05-06,CUST1093,P013,1,0.05,UPI,Completed,6000,4200,6000,5700.0,4200,1500.0
ORD007195,2026-03-14,CUST0523,P007,3,0.1,Debit Card,Completed,28000,22000,84000,75600.0,66000,9600.0
ORD007196,2025-02-15,CUST0143,P009,2,0.0,UPI,Completed,12000,8500,24000,24000.0,17000,7000.0
ORD007197,2026-02-05,CUST0192,P010,1,0.05,Net Banking,Completed,22000,16000,22000,20900.0,16000,4900.0
ORD007198,2026-05-03,CUST1411,P014,2,0.0,Credit Card,Completed,2500,1600,5000,5000.0,3200,1800.0
ORD007199,2026-03-08,CUST0378,P010,4,0.05,Credit Card,Completed,22000,16000,88000,83600.0,64000,19600.0
ORD007200,2026-03-04,CUST0581,P002,1,0.0,Credit Card,Completed,18000,13500,18000,18000.0,13500,4500.0
ORD007201,2026-07-26,CUST0535,P014,2,0.05,Debit Card,Completed,2500,1600,5000,4750.0,3200,1550.0
ORD007202,2026-06-01,CUST1717,P013,2,0.1,Credit Card,Completed,6000,4200,12000,10800.0,8400,2400.0
ORD007203,2026-04-07,CUST1317,P006,1,0.15,Credit Card,Completed,35000,28500,35000,29750.0,28500,1250.0
ORD007204,2025-06-30,CUST1033,P013,1,0.0,UPI,Completed,6000,4200,6000,6000.0,4200,1800.0
ORD007205,2025-05-25,CUST1295,P006,1,0.15,UPI,Completed,35000,28500,35000,29750.0,28500,1250.0
ORD007206,2025-09-22,CUST1411,P009,1,0.05,UPI,Completed,12000,8500,12000,11400.0,8500,2900.0
ORD007207,2026-02-10,CUST0093,P013,1,0.1,UPI,Completed,6000,4200,6000,5400.0,4200,1200.0
ORD007208,2026-04-29,CUST0529,P009,3,0.05,Net Banking,Completed,12000,8500,36000,34200.0,25500,8700.0
ORD007209,2026-04-27,CUST1178,P015,5,0.15,Debit Card,Cancelled,2200,1400,11000,9350.0,7000,2350.0
ORD007210,2025-08-25,CUST0405,P013,1,0.1,UPI,Completed,6000,4200,6000,5400.0,4200,1200.0
ORD007211,2026-06-09,CUST0840,P005,1,0.05,UPI,Completed,4500,3000,4500,4275.0,3000,1275.0
ORD007212,2025-12-05,CUST1173,P014,1,0.0,Credit Card,Completed,2500,1600,2500,2500.0,1600,900.0
ORD007213,2025-09-25,CUST0889,P005,1,0.2,Credit Card,Completed,4500,3000,4500,3600.0,3000,600.0
ORD007214,2025-09-23,CUST1291,P009,1,0.1,Debit Card,Completed,12000,8500,12000,10800.0,8500,2300.0
ORD007215,2026-06-12,CUST0422,P008,1,0.05,Credit Card,Completed,16000,12500,16000,15200.0,12500,2700.0
ORD007216,2025-04-02,CUST1642,P007,4,0.0,Net Banking,Completed,28000,22000,112000,112000.0,88000,24000.0
ORD007217,2025-09-05,CUST0472,P008,1,0.1,UPI,Completed,16000,12500,16000,14400.0,12500,1900.0
ORD007218,2025-01-19,CUST0893,P006,2,0.2,Credit Card,Completed,35000,28500,70000,56000.0,57000,-1000.0
ORD007219,2026-01-25,CUST0547,P003,1,0.0,Net Banking,Completed,3000,2100,3000,3000.0,2100,900.0
ORD007220,2026-01-23,CUST0631,P007,1,0.15,UPI,Completed,28000,22000,28000,23800.0,22000,1800.0
ORD007221,2026-09-07,CUST1550,P008,3,0.0,Credit Card,Completed,16000,12500,48000,48000.0,37500,10500.0
ORD007222,2025-04-05,CUST1527,P015,1,0.2,UPI,Completed,2200,1400,2200,1760.0,1400,360.0
ORD007223,2026-03-06,CUST1038,P008,4,0.1,Credit Card,Completed,16000,12500,64000,57600.0,50000,7600.0
ORD007224,2025-02-06,CUST0778,P001,1,0.0,UPI,Completed,65000,52000,65000,65000.0,52000,13000.0
ORD007225,2026-01-28,CUST1676,P007,2,0.0,Net Banking,Completed,28000,22000,56000,56000.0,44000,12000.0
ORD007226,2026-07-27,CUST0364,P003,5,0.1,Net Banking,Completed,3000,2100,15000,13500.0,10500,3000.0
ORD007227,2025-10-18,CUST0119,P002,1,0.05,Net Banking,Completed,18000,13500,18000,17100.0,13500,3600.0
ORD007228,2025-10-30,CUST1262,P014,1,0.15,Credit Card,Completed,2500,1600,2500,2125.0,1600,525.0
ORD007229,2026-02-05,CUST0546,P002,3,0.1,Cash,Completed,18000,13500,54000,48600.0,40500,8100.0
ORD007230,2025-12-10,CUST1193,P014,1,0.05,Debit Card,Completed,2500,1600,2500,2375.0,1600,775.0
ORD007231,2026-06-02,CUST0522,P015,2,0.15,Credit Card,Completed,2200,1400,4400,3740.0,2800,940.0
ORD007232,2026-01-12,CUST0634,P014,1,0.05,UPI,Completed,2500,1600,2500,2375.0,1600,775.0
ORD007233,2025-06-14,CUST1681,P008,1,0.1,Debit Card,Completed,16000,12500,16000,14400.0,12500,1900.0
ORD007234,2025-01-13,CUST0963,P009,1,0.1,Debit Card,Cancelled,12000,8500,12000,10800.0,8500,2300.0
ORD007235,2025-01-25,CUST0958,P003,4,0.15,UPI,Cancelled,3000,2100,12000,10200.0,8400,1800.0
ORD007236,2025-05-03,CUST1759,P014,1,0.0,Credit Card,Completed,2500,1600,2500,2500.0,1600,900.0
ORD007237,2025-05-09,CUST0883,P003,1,0.05,Cash,Completed,3000,2100,3000,2850.0,2100,750.0
ORD007238,2026-09-26,CUST1793,P006,2,0.05,UPI,Completed,35000,28500,70000,66500.0,57000,9500.0
ORD007239,2026-07-01,CUST0780,P011,1,0.05,UPI,Completed,4000,2600,4000,3800.0,2600,1200.0
ORD007240,2026-08-18,CUST0871,P010,1,0.05,Net Banking,Completed,22000,16000,22000,20900.0,16000,4900.0
ORD007241,2025-11-05,CUST0516,P001,1,0.1,UPI,Completed,65000,52000,65000,58500.0,52000,6500.0
ORD007242,2026-03-12,CUST0938,P006,2,0.0,Net Banking,Completed,35000,28500,70000,70000.0,57000,13000.0
ORD007243,2025-07-01,CUST1421,P012,2,0.05,Debit Card,Completed,9000,6500,18000,17100.0,13000,4100.0
ORD007244,2026-08-11,CUST0866,P003,1,0.0,Credit Card,Completed,3000,2100,3000,3000.0,2100,900.0
ORD007245,2026-09-08,CUST0106,P011,1,0.0,UPI,Completed,4000,2600,4000,4000.0,2600,1400.0
ORD007246,2025-02-12,CUST1109,P004,2,0.1,UPI,Completed,1500,950,3000,2700.0,1900,800.0
ORD007247,2026-02-08,CUST0214,P009,3,0.0,Credit Card,Completed,12000,8500,36000,36000.0,25500,10500.0
ORD007248,2026-08-28,CUST1145,P003,1,0.0,Debit Card,Completed,3000,2100,3000,3000.0,2100,900.0
ORD007249,2026-08-13,CUST1156,P001,1,0.05,Credit Card,Completed,65000,52000,65000,61750.0,52000,9750.0
ORD007250,2025-09-20,CUST0850,P003,1,0.0,Debit Card,Completed,3000,2100,3000,3000.0,2100,900.0
ORD007251,2025-03-11,CUST0197,P007,2,0.0,Debit Card,Completed,28000,22000,56000,56000.0,44000,12000.0
ORD007252,2025-10-19,CUST0019,P013,5,0.15,Credit Card,Completed,6000,4200,30000,25500.0,21000,4500.0
ORD007253,2025-08-02,CUST0642,P007,1,0.1,Cash,Completed,28000,22000,28000,25200.0,22000,3200.0
ORD007254,2025-05-27,CUST1036,P011,1,0.0,Debit Card,Completed,4000,2600,4000,4000.0,2600,1400.0
ORD007255,2025-01-25,CUST1105,P005,1,0.0,Net Banking,Completed,4500,3000,4500,4500.0,3000,1500.0
ORD007256,2025-11-19,CUST0330,P014,1,0.15,UPI,Completed,2500,1600,2500,2125.0,1600,525.0
ORD007257,2025-04-19,CUST0866,P001,1,0.0,Debit Card,Completed,65000,52000,65000,65000.0,52000,13000.0
ORD007258,2025-09-08,CUST0774,P011,4,0.05,Credit Card,Completed,4000,2600,16000,15200.0,10400,4800.0
ORD007259,2026-04-27,CUST0392,P008,1,0.05,Net Banking,Completed,16000,12500,16000,15200.0,12500,2700.0
ORD007260,2025-06-24,CUST0637,P010,3,0.1,Credit Card,Completed,22000,16000,66000,59400.0,48000,11400.0
ORD007261,2025-12-13,CUST0307,P008,1,0.2,UPI,Cancelled,16000,12500,16000,12800.0,12500,300.0
ORD007262,2025-06-19,CUST1291,P010,3,0.05,Credit Card,Completed,22000,16000,66000,62700.0,48000,14700.0
ORD007263,2025-01-02,CUST1471,P012,2,0.05,UPI,Completed,9000,6500,18000,17100.0,13000,4100.0
ORD007264,2026-07-12,CUST1465,P010,1,0.1,UPI,Completed,22000,16000,22000,19800.0,16000,3800.0
ORD007265,2025-12-28,CUST0895,P013,4,0.2,Credit Card,Completed,6000,4200,24000,19200.0,16800,2400.0
ORD007266,2025-10-23,CUST0652,P010,1,0.15,Net Banking,Completed,22000,16000,22000,18700.0,16000,2700.0
ORD007267,2026-07-24,CUST0841,P002,2,0.1,UPI,Completed,18000,13500,36000,32400.0,27000,5400.0
ORD007268,2026-08-13,CUST1026,P010,3,0.15,UPI,Completed,22000,16000,66000,56100.0,48000,8100.0
ORD007269,2025-07-21,CUST0520,P003,1,0.0,Net Banking,Completed,3000,2100,3000,3000.0,2100,900.0
ORD007270,2025-10-16,CUST1786,P004,2,0.05,UPI,Completed,1500,950,3000,2850.0,1900,950.0
ORD007271,2025-03-03,CUST1675,P001,3,0.0,Cash,Completed,65000,52000,195000,195000.0,156000,39000.0
ORD007272,2026-05-17,CUST0636,P004,5,0.0,UPI,Completed,1500,950,7500,7500.0,4750,2750.0
ORD007273,2025-05-06,CUST1333,P005,2,0.1,Credit Card,Completed,4500,3000,9000,8100.0,6000,2100.0
ORD007274,2025-02-18,CUST0740,P003,1,0.15,UPI,Completed,3000,2100,3000,2550.0,2100,450.0
ORD007275,2026-08-23,CUST1546,P014,2,0.1,Cash,Cancelled,2500,1600,5000,4500.0,3200,1300.0
ORD007276,2025-06-28,CUST0469,P011,2,0.1,Net Banking,Completed,4000,2600,8000,7200.0,5200,2000.0
ORD007277,2026-08-04,CUST0212,P015,2,0.0,Net Banking,Completed,2200,1400,4400,4400.0,2800,1600.0
ORD007278,2026-05-08,CUST1136,P010,3,0.1,UPI,Completed,22000,16000,66000,59400.0,48000,11400.0
ORD007279,2026-03-09,CUST1032,P002,1,0.05,Cash,Completed,18000,13500,18000,17100.0,13500,3600.0
ORD007280,2026-07-26,CUST0804,P013,1,0.1,Net Banking,Completed,6000,4200,6000,5400.0,4200,1200.0
ORD007281,2025-10-29,CUST0477,P006,2,0.0,Credit Card,Completed,35000,28500,70000,70000.0,57000,13000.0
ORD007282,2025-06-18,CUST0874,P008,4,0.05,Debit Card,Completed,16000,12500,64000,60800.0,50000,10800.0
ORD007283,2025-09-26,CUST0460,P007,1,0.05,Cash,Completed,28000,22000,28000,26600.0,22000,4600.0
ORD007284,2025-12-30,CUST0253,P011,4,0.05,Credit Card,Returned,4000,2600,16000,15200.0,10400,4800.0
ORD007285,2026-09-16,CUST1550,P014,4,0.0,UPI,Completed,2500,1600,10000,10000.0,6400,3600.0
ORD007286,2025-04-10,CUST0752,P001,4,0.05,Net Banking,Completed,65000,52000,260000,247000.0,208000,39000.0
ORD007287,2025-08-03,CUST1462,P004,4,0.05,Credit Card,Completed,1500,950,6000,5700.0,3800,1900.0
ORD007288,2026-09-17,CUST1778,P003,3,0.1,Cash,Completed,3000,2100,9000,8100.0,6300,1800.0
ORD007289,2025-04-07,CUST0981,P006,3,0.1,Credit Card,Completed,35000,28500,105000,94500.0,85500,9000.0
ORD007290,2026-09-22,CUST0854,P009,2,0.15,UPI,Completed,12000,8500,24000,20400.0,17000,3400.0
ORD007291,2026-07-02,CUST1685,P009,1,0.1,Credit Card,Completed,12000,8500,12000,10800.0,8500,2300.0
ORD007292,2025-12-03,CUST0236,P007,1,0.0,Debit Card,Completed,28000,22000,28000,28000.0,22000,6000.0
ORD007293,2025-12-25,CUST1330,P015,1,0.1,UPI,Completed,2200,1400,2200,1980.0,1400,580.0
ORD007294,2025-10-17,CUST0478,P012,1,0.05,Credit Card,Completed,9000,6500,9000,8550.0,6500,2050.0
ORD007295,2026-01-31,CUST0679,P009,1,0.0,UPI,Completed,12000,8500,12000,12000.0,8500,3500.0
ORD007296,2025-12-26,CUST1044,P008,4,0.1,Debit Card,Completed,16000,12500,64000,57600.0,50000,7600.0
ORD007297,2025-12-13,CUST0216,P005,2,0.0,Cash,Completed,4500,3000,9000,9000.0,6000,3000.0
ORD007298,2025-05-04,CUST0855,P009,1,0.0,Debit Card,Completed,12000,8500,12000,12000.0,8500,3500.0
ORD007299,2026-07-06,CUST0135,P014,3,0.1,Debit Card,Completed,2500,1600,7500,6750.0,4800,1950.0
ORD007300,2026-06-22,CUST0905,P007,2,0.1,Credit Card,Completed,28000,22000,56000,50400.0,44000,6400.0
ORD007301,2026-02-26,CUST1153,P005,1,0.1,Credit Card,Completed,4500,3000,4500,4050.0,3000,1050.0
ORD007302,2025-12-02,CUST0410,P015,3,0.0,Credit Card,Completed,2200,1400,6600,6600.0,4200,2400.0
ORD007303,2026-05-18,CUST1446,P008,1,0.15,Debit Card,Completed,16000,12500,16000,13600.0,12500,1100.0
ORD007304,2025-02-26,CUST1318,P015,2,0.1,Net Banking,Completed,2200,1400,4400,3960.0,2800,1160.0
ORD007305,2025-03-17,CUST1270,P007,1,0.1,Debit Card,Completed,28000,22000,28000,25200.0,22000,3200.0
ORD007306,2026-04-11,CUST1725,P009,2,0.1,Cash,Completed,12000,8500,24000,21600.0,17000,4600.0
ORD007307,2025-10-12,CUST1580,P010,3,0.05,Net Banking,Completed,22000,16000,66000,62700.0,48000,14700.0
ORD007308,2026-01-21,CUST0086,P001,1,0.0,UPI,Completed,65000,52000,65000,65000.0,52000,13000.0
ORD007309,2025-09-16,CUST0556,P015,5,0.1,Credit Card,Completed,2200,1400,11000,9900.0,7000,2900.0
ORD007310,2026-04-22,CUST1399,P013,1,0.1,Net Banking,Completed,6000,4200,6000,5400.0,4200,1200.0
ORD007311,2025-01-11,CUST1470,P009,2,0.0,Net Banking,Completed,12000,8500,24000,24000.0,17000,7000.0
ORD007312,2025-09-17,CUST0378,P015,4,0.1,Credit Card,Completed,2200,1400,8800,7920.0,5600,2320.0
ORD007313,2026-01-28,CUST1414,P007,4,0.05,Debit Card,Completed,28000,22000,112000,106400.0,88000,18400.0
ORD007314,2026-08-23,CUST1681,P001,1,0.05,Credit Card,Completed,65000,52000,65000,61750.0,52000,9750.0
ORD007315,2026-01-04,CUST1075,P001,1,0.05,UPI,Completed,65000,52000,65000,61750.0,52000,9750.0
ORD007316,2025-07-03,CUST0242,P005,2,0.0,Net Banking,Completed,4500,3000,9000,9000.0,6000,3000.0
ORD007317,2025-01-16,CUST1318,P008,1,0.0,Net Banking,Completed,16000,12500,16000,16000.0,12500,3500.0
ORD007318,2026-05-21,CUST0920,P009,2,0.1,Credit Card,Completed,12000,8500,24000,21600.0,17000,4600.0
ORD007319,2025-03-27,CUST1587,P012,3,0.0,UPI,Completed,9000,6500,27000,27000.0,19500,7500.0
ORD007320,2025-01-10,CUST0266,P006,2,0.0,Net Banking,Completed,35000,28500,70000,70000.0,57000,13000.0
ORD007321,2026-04-22,CUST1144,P012,1,0.2,Credit Card,Completed,9000,6500,9000,7200.0,6500,700.0
ORD007322,2025-06-13,CUST0712,P013,2,0.0,UPI,Completed,6000,4200,12000,12000.0,8400,3600.0
ORD007323,2025-01-24,CUST1272,P010,4,0.1,UPI,Completed,22000,16000,88000,79200.0,64000,15200.0
ORD007324,2026-07-30,CUST0070,P012,2,0.15,UPI,Completed,9000,6500,18000,15300.0,13000,2300.0
ORD007325,2025-11-08,CUST0057,P008,2,0.05,Debit Card,Completed,16000,12500,32000,30400.0,25000,5400.0
ORD007326,2025-08-26,CUST1406,P015,1,0.1,UPI,Completed,2200,1400,2200,1980.0,1400,580.0
ORD007327,2026-04-07,CUST0039,P006,1,0.2,UPI,Completed,35000,28500,35000,28000.0,28500,-500.0
ORD007328,2026-04-07,CUST0801,P011,1,0.15,Net Banking,Completed,4000,2600,4000,3400.0,2600,800.0
ORD007329,2025-08-26,CUST1467,P006,2,0.05,Cash,Completed,35000,28500,70000,66500.0,57000,9500.0
ORD007330,2025-01-22,CUST1042,P004,1,0.05,UPI,Completed,1500,950,1500,1425.0,950,475.0
ORD007331,2025-06-29,CUST0732,P011,2,0.05,UPI,Completed,4000,2600,8000,7600.0,5200,2400.0
ORD007332,2026-07-13,CUST0825,P005,2,0.1,Credit Card,Completed,4500,3000,9000,8100.0,6000,2100.0
ORD007333,2026-05-14,CUST0756,P014,2,0.15,UPI,Completed,2500,1600,5000,4250.0,3200,1050.0
ORD007334,2026-04-20,CUST0352,P002,1,0.1,UPI,Completed,18000,13500,18000,16200.0,13500,2700.0
ORD007335,2025-12-05,CUST1322,P003,2,0.05,UPI,Cancelled,3000,2100,6000,5700.0,4200,1500.0
ORD007336,2026-06-15,CUST0283,P003,2,0.05,Net Banking,Completed,3000,2100,6000,5700.0,4200,1500.0
ORD007337,2025-06-11,CUST1610,P014,1,0.0,Cash,Completed,2500,1600,2500,2500.0,1600,900.0
ORD007338,2025-03-02,CUST0110,P012,1,0.0,Net Banking,Completed,9000,6500,9000,9000.0,6500,2500.0
ORD007339,2025-03-26,CUST1017,P011,2,0.1,Debit Card,Completed,4000,2600,8000,7200.0,5200,2000.0
ORD007340,2026-07-01,CUST1204,P005,1,0.0,Debit Card,Completed,4500,3000,4500,4500.0,3000,1500.0
ORD007341,2026-05-05,CUST0544,P014,1,0.0,Credit Card,Completed,2500,1600,2500,2500.0,1600,900.0
ORD007342,2025-01-05,CUST1770,P005,1,0.1,Credit Card,Completed,4500,3000,4500,4050.0,3000,1050.0
ORD007343,2025-03-17,CUST0025,P006,1,0.0,Debit Card,Completed,35000,28500,35000,35000.0,28500,6500.0
ORD007344,2025-09-10,CUST0843,P005,4,0.15,Debit Card,Completed,4500,3000,18000,15300.0,12000,3300.0
ORD007345,2025-01-07,CUST0791,P012,2,0.0,UPI,Completed,9000,6500,18000,18000.0,13000,5000.0
ORD007346,2026-04-18,CUST0738,P006,2,0.15,UPI,Completed,35000,28500,70000,59500.0,57000,2500.0
ORD007347,2025-05-18,CUST0057,P008,4,0.05,Cash,Completed,16000,12500,64000,60800.0,50000,10800.0
ORD007348,2025-12-24,CUST0180,P015,2,0.0,UPI,Completed,2200,1400,4400,4400.0,2800,1600.0
ORD007349,2026-08-26,CUST0232,P002,2,0.1,UPI,Completed,18000,13500,36000,32400.0,27000,5400.0
ORD007350,2025-06-12,CUST0343,P004,1,0.15,Credit Card,Completed,1500,950,1500,1275.0,950,325.0
ORD007351,2025-11-14,CUST0477,P013,2,0.05,UPI,Completed,6000,4200,12000,11400.0,8400,3000.0
ORD007352,2026-04-03,CUST0576,P006,1,0.1,UPI,Completed,35000,28500,35000,31500.0,28500,3000.0
ORD007353,2025-09-10,CUST0455,P012,1,0.2,UPI,Completed,9000,6500,9000,7200.0,6500,700.0
ORD007354,2025-07-20,CUST1256,P005,1,0.0,Debit Card,Returned,4500,3000,4500,4500.0,3000,1500.0
ORD007355,2026-06-16,CUST0289,P001,1,0.1,UPI,Returned,65000,52000,65000,58500.0,52000,6500.0
ORD007356,2025-06-14,CUST1237,P009,1,0.0,Debit Card,Completed,12000,8500,12000,12000.0,8500,3500.0
ORD007357,2025-08-20,CUST0258,P003,1,0.05,UPI,Completed,3000,2100,3000,2850.0,2100,750.0
ORD007358,2025-11-24,CUST0530,P002,3,0.0,UPI,Completed,18000,13500,54000,54000.0,40500,13500.0
ORD007359,2025-08-26,CUST0687,P009,1,0.05,Net Banking,Completed,12000,8500,12000,11400.0,8500,2900.0
ORD007360,2025-04-30,CUST0929,P007,3,0.0,Debit Card,Completed,28000,22000,84000,84000.0,66000,18000.0
ORD007361,2026-09-11,CUST0229,P005,2,0.0,Debit Card,Completed,4500,3000,9000,9000.0,6000,3000.0
ORD007362,2025-09-07,CUST1250,P012,2,0.05,UPI,Completed,9000,6500,18000,17100.0,13000,4100.0
ORD007363,2025-12-02,CUST0596,P006,1,0.1,UPI,Completed,35000,28500,35000,31500.0,28500,3000.0
ORD007364,2025-10-11,CUST0435,P012,4,0.1,Net Banking,Completed,9000,6500,36000,32400.0,26000,6400.0
ORD007365,2025-07-17,CUST0882,P011,1,0.05,UPI,Completed,4000,2600,4000,3800.0,2600,1200.0
ORD007366,2026-02-20,CUST1021,P004,2,0.0,Net Banking,Completed,1500,950,3000,3000.0,1900,1100.0
ORD007367,2026-01-30,CUST1782,P001,2,0.15,Credit Card,Completed,65000,52000,130000,110500.0,104000,6500.0
ORD007368,2025-05-31,CUST0402,P004,1,0.05,Debit Card,Completed,1500,950,1500,1425.0,950,475.0
ORD007369,2025-09-22,CUST0622,P009,1,0.0,Debit Card,Completed,12000,8500,12000,12000.0,8500,3500.0
ORD007370,2025-08-08,CUST1790,P001,1,0.05,Credit Card,Completed,65000,52000,65000,61750.0,52000,9750.0
ORD007371,2025-08-04,CUST0088,P010,3,0.1,UPI,Completed,22000,16000,66000,59400.0,48000,11400.0
ORD007372,2025-11-11,CUST0584,P003,3,0.0,Debit Card,Completed,3000,2100,9000,9000.0,6300,2700.0
ORD007373,2025-08-04,CUST1566,P015,4,0.0,Net Banking,Completed,2200,1400,8800,8800.0,5600,3200.0
ORD007374,2025-12-01,CUST1708,P015,1,0.1,UPI,Completed,2200,1400,2200,1980.0,1400,580.0
ORD007375,2025-12-25,CUST0309,P005,1,0.05,Credit Card,Completed,4500,3000,4500,4275.0,3000,1275.0
ORD007376,2026-09-18,CUST0906,P007,1,0.05,Credit Card,Cancelled,28000,22000,28000,26600.0,22000,4600.0
ORD007377,2025-06-10,CUST0343,P009,4,0.15,Credit Card,Completed,12000,8500,48000,40800.0,34000,6800.0
ORD007378,2026-09-02,CUST0436,P006,1,0.0,UPI,Completed,35000,28500,35000,35000.0,28500,6500.0
ORD007379,2026-05-26,CUST0177,P003,1,0.1,Net Banking,Completed,3000,2100,3000,2700.0,2100,600.0
ORD007380,2025-06-06,CUST0139,P013,4,0.0,Credit Card,Completed,6000,4200,24000,24000.0,16800,7200.0
ORD007381,2025-06-11,CUST0194,P007,2,0.0,Net Banking,Completed,28000,22000,56000,56000.0,44000,12000.0
ORD007382,2025-02-11,CUST1210,P015,2,0.0,Net Banking,Completed,2200,1400,4400,4400.0,2800,1600.0
ORD007383,2025-06-29,CUST1242,P014,1,0.1,UPI,Completed,2500,1600,2500,2250.0,1600,650.0
ORD007384,2025-10-30,CUST1188,P004,2,0.0,UPI,Completed,1500,950,3000,3000.0,1900,1100.0
ORD007385,2025-11-26,CUST1185,P003,4,0.05,Net Banking,Completed,3000,2100,12000,11400.0,8400,3000.0
ORD007386,2026-07-17,CUST0943,P014,2,0.2,Credit Card,Completed,2500,1600,5000,4000.0,3200,800.0
ORD007387,2026-03-05,CUST0525,P007,1,0.1,UPI,Completed,28000,22000,28000,25200.0,22000,3200.0
ORD007388,2025-12-16,CUST1625,P011,1,0.0,Net Banking,Completed,4000,2600,4000,4000.0,2600,1400.0
ORD007389,2025-04-30,CUST1066,P011,1,0.0,Credit Card,Completed,4000,2600,4000,4000.0,2600,1400.0
ORD007390,2025-03-16,CUST0915,P007,2,0.05,UPI,Completed,28000,22000,56000,53200.0,44000,9200.0
ORD007391,2025-05-03,CUST0210,P004,1,0.05,Credit Card,Completed,1500,950,1500,1425.0,950,475.0
ORD007392,2025-07-01,CUST0741,P012,2,0.2,Net Banking,Completed,9000,6500,18000,14400.0,13000,1400.0
ORD007393,2025-09-14,CUST0862,P007,2,0.2,UPI,Completed,28000,22000,56000,44800.0,44000,800.0
ORD007394,2026-08-21,CUST1299,P011,3,0.05,Credit Card,Completed,4000,2600,12000,11400.0,7800,3600.0
ORD007395,2026-08-06,CUST0954,P014,1,0.0,UPI,Completed,2500,1600,2500,2500.0,1600,900.0
ORD007396,2025-09-26,CUST1303,P002,3,0.15,Net Banking,Completed,18000,13500,54000,45900.0,40500,5400.0
ORD007397,2026-05-08,CUST1275,P001,2,0.1,Debit Card,Completed,65000,52000,130000,117000.0,104000,13000.0
ORD007398,2025-06-29,CUST1334,P012,1,0.05,Credit Card,Completed,9000,6500,9000,8550.0,6500,2050.0
ORD007399,2025-05-29,CUST1744,P015,4,0.05,Debit Card,Completed,2200,1400,8800,8360.0,5600,2760.0
ORD007400,2026-06-02,CUST0833,P002,1,0.05,Credit Card,Completed,18000,13500,18000,17100.0,13500,3600.0
ORD007401,2025-05-28,CUST0140,P004,2,0.15,Credit Card,Completed,1500,950,3000,2550.0,1900,650.0
ORD007402,2025-01-09,CUST0792,P008,1,0.0,Cash,Completed,16000,12500,16000,16000.0,12500,3500.0
ORD007403,2025-06-27,CUST0546,P003,2,0.1,Credit Card,Completed,3000,2100,6000,5400.0,4200,1200.0
ORD007404,2026-01-30,CUST1017,P015,2,0.0,Cash,Completed,2200,1400,4400,4400.0,2800,1600.0
ORD007405,2026-09-20,CUST1554,P010,1,0.15,Debit Card,Completed,22000,16000,22000,18700.0,16000,2700.0
ORD007406,2026-08-31,CUST0057,P015,2,0.05,UPI,Completed,2200,1400,4400,4180.0,2800,1380.0
ORD007407,2025-11-27,CUST0112,P006,2,0.0,Net Banking,Completed,35000,28500,70000,70000.0,57000,13000.0
ORD007408,2025-02-25,CUST0005,P006,3,0.0,UPI,Completed,35000,28500,105000,105000.0,85500,19500.0
ORD007409,2025-07-26,CUST1434,P013,1,0.05,Credit Card,Completed,6000,4200,6000,5700.0,4200,1500.0
ORD007410,2025-04-15,CUST1438,P009,1,0.0,Debit Card,Completed,12000,8500,12000,12000.0,8500,3500.0
ORD007411,2026-07-01,CUST1206,P009,2,0.1,Net Banking,Completed,12000,8500,24000,21600.0,17000,4600.0
ORD007412,2025-12-21,CUST1037,P004,1,0.0,UPI,Completed,1500,950,1500,1500.0,950,550.0
ORD007413,2026-05-04,CUST1363,P009,2,0.0,Net Banking,Completed,12000,8500,24000,24000.0,17000,7000.0
ORD007414,2026-08-16,CUST1283,P015,1,0.05,Net Banking,Completed,2200,1400,2200,2090.0,1400,690.0
ORD007415,2026-05-18,CUST0090,P015,1,0.05,UPI,Completed,2200,1400,2200,2090.0,1400,690.0
ORD007416,2025-02-19,CUST0616,P013,3,0.05,Net Banking,Completed,6000,4200,18000,17100.0,12600,4500.0
ORD007417,2025-03-28,CUST0891,P006,3,0.05,UPI,Completed,35000,28500,105000,99750.0,85500,14250.0
ORD007418,2025-10-30,CUST0698,P002,2,0.05,UPI,Returned,18000,13500,36000,34200.0,27000,7200.0
ORD007419,2025-01-01,CUST1274,P010,3,0.05,Cash,Completed,22000,16000,66000,62700.0,48000,14700.0
ORD007420,2026-01-16,CUST1279,P014,2,0.0,Credit Card,Returned,2500,1600,5000,5000.0,3200,1800.0
ORD007421,2025-12-28,CUST1612,P011,2,0.0,Debit Card,Completed,4000,2600,8000,8000.0,5200,2800.0
ORD007422,2026-01-16,CUST0898,P006,5,0.0,Credit Card,Cancelled,35000,28500,175000,175000.0,142500,32500.0
ORD007423,2025-06-11,CUST0971,P002,2,0.1,UPI,Completed,18000,13500,36000,32400.0,27000,5400.0
ORD007424,2025-01-19,CUST1132,P008,2,0.05,Debit Card,Completed,16000,12500,32000,30400.0,25000,5400.0
ORD007425,2025-08-31,CUST0668,P004,1,0.05,UPI,Completed,1500,950,1500,1425.0,950,475.0
ORD007426,2025-05-09,CUST0594,P005,4,0.1,UPI,Completed,4500,3000,18000,16200.0,12000,4200.0
ORD007427,2025-06-25,CUST0589,P008,1,0.0,Net Banking,Completed,16000,12500,16000,16000.0,12500,3500.0
ORD007428,2026-02-13,CUST0485,P014,1,0.05,Cash,Completed,2500,1600,2500,2375.0,1600,775.0
ORD007429,2025-03-25,CUST0982,P011,1,0.0,Credit Card,Completed,4000,2600,4000,4000.0,2600,1400.0
ORD007430,2026-01-11,CUST0972,P008,1,0.1,UPI,Completed,16000,12500,16000,14400.0,12500,1900.0
ORD007431,2025-08-10,CUST1282,P012,1,0.1,Credit Card,Completed,9000,6500,9000,8100.0,6500,1600.0
ORD007432,2025-11-21,CUST0639,P014,3,0.1,Net Banking,Completed,2500,1600,7500,6750.0,4800,1950.0
ORD007433,2026-03-27,CUST0997,P012,2,0.15,UPI,Completed,9000,6500,18000,15300.0,13000,2300.0
ORD007434,2026-02-20,CUST0282,P006,1,0.1,UPI,Completed,35000,28500,35000,31500.0,28500,3000.0
ORD007435,2026-03-21,CUST0986,P004,3,0.1,Net Banking,Completed,1500,950,4500,4050.0,2850,1200.0
ORD007436,2026-09-10,CUST1112,P015,2,0.0,Credit Card,Completed,2200,1400,4400,4400.0,2800,1600.0
ORD007437,2025-11-21,CUST1228,P001,2,0.0,UPI,Returned,65000,52000,130000,130000.0,104000,26000.0
ORD007438,2026-06-07,CUST0016,P012,1,0.15,UPI,Cancelled,9000,6500,9000,7650.0,6500,1150.0
ORD007439,2025-06-15,CUST1175,P007,3,0.15,Net Banking,Completed,28000,22000,84000,71400.0,66000,5400.0
ORD007440,2025-08-26,CUST0936,P008,1,0.05,Credit Card,Completed,16000,12500,16000,15200.0,12500,2700.0
ORD007441,2025-01-13,CUST0254,P009,1,0.05,UPI,Completed,12000,8500,12000,11400.0,8500,2900.0
ORD007442,2025-09-14,CUST1212,P002,1,0.15,Net Banking,Returned,18000,13500,18000,15300.0,13500,1800.0
ORD007443,2026-05-29,CUST0329,P001,2,0.0,Net Banking,Completed,65000,52000,130000,130000.0,104000,26000.0
ORD007444,2025-07-29,CUST0544,P004,2,0.0,UPI,Completed,1500,950,3000,3000.0,1900,1100.0
ORD007445,2026-04-29,CUST0783,P013,1,0.1,Credit Card,Completed,6000,4200,6000,5400.0,4200,1200.0
ORD007446,2025-12-31,CUST0997,P005,1,0.0,UPI,Completed,4500,3000,4500,4500.0,3000,1500.0
ORD007447,2025-08-13,CUST1421,P010,2,0.05,Credit Card,Completed,22000,16000,44000,41800.0,32000,9800.0
ORD007448,2025-07-13,CUST1541,P012,2,0.1,UPI,Completed,9000,6500,18000,16200.0,13000,3200.0
ORD007449,2025-07-15,CUST1483,P001,1,0.0,UPI,Cancelled,65000,52000,65000,65000.0,52000,13000.0
ORD007450,2026-02-04,CUST1354,P005,3,0.15,Debit Card,Completed,4500,3000,13500,11475.0,9000,2475.0
ORD007451,2025-02-26,CUST0845,P006,5,0.2,Credit Card,Completed,35000,28500,175000,140000.0,142500,-2500.0
ORD007452,2026-09-17,CUST1193,P003,1,0.1,Credit Card,Completed,3000,2100,3000,2700.0,2100,600.0
ORD007453,2025-08-01,CUST1717,P012,2,0.2,UPI,Completed,9000,6500,18000,14400.0,13000,1400.0
ORD007454,2025-10-06,CUST0366,P015,1,0.05,Cash,Completed,2200,1400,2200,2090.0,1400,690.0
ORD007455,2026-01-15,CUST1202,P007,2,0.05,UPI,Completed,28000,22000,56000,53200.0,44000,9200.0
ORD007456,2025-04-27,CUST0655,P014,1,0.1,Debit Card,Completed,2500,1600,2500,2250.0,1600,650.0
ORD007457,2026-03-27,CUST1386,P006,1,0.05,UPI,Completed,35000,28500,35000,33250.0,28500,4750.0
ORD007458,2026-08-22,CUST0760,P004,2,0.05,Debit Card,Completed,1500,950,3000,2850.0,1900,950.0
ORD007459,2026-02-14,CUST0639,P003,3,0.1,UPI,Completed,3000,2100,9000,8100.0,6300,1800.0
ORD007460,2026-01-02,CUST1799,P005,1,0.1,UPI,Completed,4500,3000,4500,4050.0,3000,1050.0
ORD007461,2025-04-23,CUST1064,P003,1,0.1,Debit Card,Completed,3000,2100,3000,2700.0,2100,600.0
ORD007462,2025-06-13,CUST0924,P010,1,0.1,UPI,Completed,22000,16000,22000,19800.0,16000,3800.0
ORD007463,2025-01-04,CUST0416,P009,2,0.1,Credit Card,Completed,12000,8500,24000,21600.0,17000,4600.0
ORD007464,2026-09-22,CUST1379,P009,3,0.1,UPI,Completed,12000,8500,36000,32400.0,25500,6900.0
ORD007465,2025-01-23,CUST0255,P006,2,0.05,UPI,Completed,35000,28500,70000,66500.0,57000,9500.0
ORD007466,2026-08-25,CUST1167,P013,2,0.0,Debit Card,Completed,6000,4200,12000,12000.0,8400,3600.0
ORD007467,2025-04-02,CUST1776,P011,3,0.1,UPI,Completed,4000,2600,12000,10800.0,7800,3000.0
ORD007468,2026-04-14,CUST1764,P006,2,0.0,UPI,Completed,35000,28500,70000,70000.0,57000,13000.0
ORD007469,2025-06-04,CUST0710,P012,2,0.2,UPI,Completed,9000,6500,18000,14400.0,13000,1400.0
ORD007470,2026-09-19,CUST0577,P014,2,0.1,UPI,Completed,2500,1600,5000,4500.0,3200,1300.0
ORD007471,2025-07-26,CUST0900,P004,3,0.1,UPI,Completed,1500,950,4500,4050.0,2850,1200.0
ORD007472,2025-03-22,CUST0011,P004,1,0.2,UPI,Completed,1500,950,1500,1200.0,950,250.0
ORD007473,2026-09-07,CUST1644,P002,1,0.1,UPI,Completed,18000,13500,18000,16200.0,13500,2700.0
ORD007474,2026-04-28,CUST0026,P010,1,0.0,Net Banking,Completed,22000,16000,22000,22000.0,16000,6000.0
ORD007475,2026-08-15,CUST0957,P004,3,0.05,UPI,Completed,1500,950,4500,4275.0,2850,1425.0
ORD007476,2026-02-11,CUST0421,P008,1,0.0,Net Banking,Completed,16000,12500,16000,16000.0,12500,3500.0
ORD007477,2025-04-13,CUST1687,P013,1,0.05,Net Banking,Completed,6000,4200,6000,5700.0,4200,1500.0
ORD007478,2025-08-28,CUST1245,P010,5,0.05,UPI,Completed,22000,16000,110000,104500.0,80000,24500.0
ORD007479,2025-09-22,CUST0496,P002,4,0.1,UPI,Completed,18000,13500,72000,64800.0,54000,10800.0
ORD007480,2025-02-02,CUST1261,P009,5,0.05,UPI,Completed,12000,8500,60000,57000.0,42500,14500.0
ORD007481,2025-02-04,CUST0237,P014,1,0.05,Credit Card,Completed,2500,1600,2500,2375.0,1600,775.0
ORD007482,2025-09-06,CUST1009,P001,3,0.0,Debit Card,Completed,65000,52000,195000,195000.0,156000,39000.0
ORD007483,2025-02-19,CUST0219,P013,1,0.05,Debit Card,Completed,6000,4200,6000,5700.0,4200,1500.0
ORD007484,2025-10-07,CUST1511,P002,1,0.0,Credit Card,Completed,18000,13500,18000,18000.0,13500,4500.0
ORD007485,2025-06-01,CUST0461,P015,1,0.0,UPI,Completed,2200,1400,2200,2200.0,1400,800.0
ORD007486,2026-07-05,CUST0663,P002,2,0.1,Net Banking,Completed,18000,13500,36000,32400.0,27000,5400.0
ORD007487,2026-06-21,CUST0635,P011,1,0.0,UPI,Cancelled,4000,2600,4000,4000.0,2600,1400.0
ORD007488,2025-08-18,CUST1168,P013,2,0.0,Cash,Completed,6000,4200,12000,12000.0,8400,3600.0
ORD007489,2025-10-15,CUST0990,P015,3,0.0,Credit Card,Completed,2200,1400,6600,6600.0,4200,2400.0
ORD007490,2026-01-30,CUST0189,P014,1,0.1,UPI,Completed,2500,1600,2500,2250.0,1600,650.0
ORD007491,2026-03-29,CUST0255,P006,1,0.1,Net Banking,Completed,35000,28500,35000,31500.0,28500,3000.0
ORD007492,2026-09-12,CUST0068,P015,1,0.2,Credit Card,Completed,2200,1400,2200,1760.0,1400,360.0
ORD007493,2025-02-02,CUST0616,P014,4,0.1,Debit Card,Completed,2500,1600,10000,9000.0,6400,2600.0
ORD007494,2025-12-29,CUST0336,P007,1,0.05,Credit Card,Completed,28000,22000,28000,26600.0,22000,4600.0
ORD007495,2025-04-21,CUST0671,P013,1,0.0,Net Banking,Completed,6000,4200,6000,6000.0,4200,1800.0
ORD007496,2025-05-01,CUST0821,P015,1,0.0,Net Banking,Completed,2200,1400,2200,2200.0,1400,800.0
ORD007497,2025-01-16,CUST0874,P015,3,0.1,Credit Card,Completed,2200,1400,6600,5940.0,4200,1740.0
ORD007498,2026-06-07,CUST1433,P003,1,0.05,UPI,Completed,3000,2100,3000,2850.0,2100,750.0
ORD007499,2025-04-08,CUST0300,P011,1,0.1,Debit Card,Cancelled,4000,2600,4000,3600.0,2600,1000.0
ORD007500,2025-04-26,CUST1626,P009,1,0.0,Cash,Completed,12000,8500,12000,12000.0,8500,3500.0
ORD007501,2026-04-16,CUST0357,P005,3,0.0,Debit Card,Completed,4500,3000,13500,13500.0,9000,4500.0
ORD007502,2026-03-15,CUST0256,P005,1,0.0,Cash,Completed,4500,3000,4500,4500.0,3000,1500.0
ORD007503,2025-10-08,CUST1008,P011,2,0.1,UPI,Completed,4000,2600,8000,7200.0,5200,2000.0
ORD007504,2025-12-15,CUST0353,P012,1,0.0,Net Banking,Completed,9000,6500,9000,9000.0,6500,2500.0
ORD007505,2025-08-20,CUST1756,P004,4,0.1,UPI,Completed,1500,950,6000,5400.0,3800,1600.0
ORD007506,2025-04-21,CUST1545,P009,2,0.0,Credit Card,Completed,12000,8500,24000,24000.0,17000,7000.0
ORD007507,2025-12-18,CUST0524,P008,2,0.05,Credit Card,Completed,16000,12500,32000,30400.0,25000,5400.0
ORD007508,2025-01-12,CUST0950,P012,1,0.0,Debit Card,Completed,9000,6500,9000,9000.0,6500,2500.0
ORD007509,2026-05-03,CUST0756,P004,1,0.0,UPI,Completed,1500,950,1500,1500.0,950,550.0
ORD007510,2026-06-17,CUST1718,P004,1,0.0,Net Banking,Completed,1500,950,1500,1500.0,950,550.0
ORD007511,2025-10-12,CUST0284,P002,2,0.0,Net Banking,Completed,18000,13500,36000,36000.0,27000,9000.0
ORD007512,2026-09-25,CUST1336,P009,4,0.0,Net Banking,Completed,12000,8500,48000,48000.0,34000,14000.0
ORD007513,2026-09-28,CUST0099,P003,1,0.1,UPI,Completed,3000,2100,3000,2700.0,2100,600.0
ORD007514,2026-06-29,CUST0197,P004,3,0.0,UPI,Completed,1500,950,4500,4500.0,2850,1650.0
ORD007515,2026-01-27,CUST0482,P014,1,0.0,Credit Card,Completed,2500,1600,2500,2500.0,1600,900.0
ORD007516,2025-06-19,CUST0878,P007,4,0.1,Debit Card,Cancelled,28000,22000,112000,100800.0,88000,12800.0
ORD007517,2025-03-18,CUST1250,P010,1,0.1,UPI,Completed,22000,16000,22000,19800.0,16000,3800.0
ORD007518,2025-10-24,CUST0615,P008,1,0.0,Debit Card,Completed,16000,12500,16000,16000.0,12500,3500.0
ORD007519,2025-11-26,CUST0618,P008,1,0.1,Credit Card,Completed,16000,12500,16000,14400.0,12500,1900.0
ORD007520,2025-03-04,CUST1389,P004,2,0.1,Debit Card,Completed,1500,950,3000,2700.0,1900,800.0
ORD007521,2025-09-27,CUST0368,P015,2,0.0,Credit Card,Completed,2200,1400,4400,4400.0,2800,1600.0
ORD007522,2025-08-04,CUST0570,P007,1,0.05,Debit Card,Completed,28000,22000,28000,26600.0,22000,4600.0
ORD007523,2025-07-09,CUST0590,P010,2,0.0,UPI,Cancelled,22000,16000,44000,44000.0,32000,12000.0
ORD007524,2025-03-16,CUST1099,P001,1,0.0,UPI,Completed,65000,52000,65000,65000.0,52000,13000.0
ORD007525,2026-05-25,CUST1066,P006,1,0.2,Net Banking,Completed,35000,28500,35000,28000.0,28500,-500.0
ORD007526,2026-08-02,CUST0422,P006,1,0.0,UPI,Completed,35000,28500,35000,35000.0,28500,6500.0
ORD007527,2025-04-03,CUST0836,P006,2,0.0,Cash,Completed,35000,28500,70000,70000.0,57000,13000.0
ORD007528,2025-02-22,CUST1205,P012,2,0.2,UPI,Completed,9000,6500,18000,14400.0,13000,1400.0
ORD007529,2026-05-11,CUST0545,P002,2,0.1,Credit Card,Completed,18000,13500,36000,32400.0,27000,5400.0
ORD007530,2025-04-04,CUST0071,P008,2,0.05,UPI,Completed,16000,12500,32000,30400.0,25000,5400.0
ORD007531,2026-09-17,CUST1592,P014,1,0.1,Cash,Completed,2500,1600,2500,2250.0,1600,650.0
ORD007532,2025-08-17,CUST1129,P015,3,0.1,Cash,Cancelled,2200,1400,6600,5940.0,4200,1740.0
ORD007533,2025-09-07,CUST1224,P015,1,0.1,UPI,Completed,2200,1400,2200,1980.0,1400,580.0
ORD007534,2026-01-26,CUST1125,P005,2,0.0,UPI,Completed,4500,3000,9000,9000.0,6000,3000.0
ORD007535,2025-07-01,CUST0768,P005,1,0.05,Debit Card,Completed,4500,3000,4500,4275.0,3000,1275.0
ORD007536,2025-09-24,CUST0307,P002,2,0.0,Net Banking,Completed,18000,13500,36000,36000.0,27000,9000.0
ORD007537,2025-10-08,CUST1610,P004,2,0.0,Debit Card,Completed,1500,950,3000,3000.0,1900,1100.0
ORD007538,2025-03-24,CUST1707,P012,1,0.05,Net Banking,Completed,9000,6500,9000,8550.0,6500,2050.0
ORD007539,2025-07-05,CUST0377,P009,2,0.1,UPI,Completed,12000,8500,24000,21600.0,17000,4600.0
ORD007540,2026-07-21,CUST0655,P009,1,0.0,Debit Card,Completed,12000,8500,12000,12000.0,8500,3500.0
ORD007541,2026-06-15,CUST0678,P006,1,0.0,Debit Card,Cancelled,35000,28500,35000,35000.0,28500,6500.0
ORD007542,2025-12-14,CUST0399,P011,2,0.1,UPI,Completed,4000,2600,8000,7200.0,5200,2000.0
ORD007543,2026-02-27,CUST1797,P015,3,0.05,Debit Card,Completed,2200,1400,6600,6270.0,4200,2070.0
ORD007544,2026-03-30,CUST0221,P009,1,0.15,Net Banking,Completed,12000,8500,12000,10200.0,8500,1700.0
ORD007545,2025-09-24,CUST1619,P004,1,0.1,Net Banking,Completed,1500,950,1500,1350.0,950,400.0
ORD007546,2026-05-22,CUST0182,P015,2,0.2,UPI,Completed,2200,1400,4400,3520.0,2800,720.0
ORD007547,2025-05-22,CUST0307,P011,2,0.05,UPI,Completed,4000,2600,8000,7600.0,5200,2400.0
ORD007548,2025-11-12,CUST0522,P001,1,0.1,Credit Card,Completed,65000,52000,65000,58500.0,52000,6500.0
ORD007549,2025-08-20,CUST1420,P002,3,0.15,UPI,Completed,18000,13500,54000,45900.0,40500,5400.0
ORD007550,2025-10-24,CUST1014,P013,2,0.1,Cash,Cancelled,6000,4200,12000,10800.0,8400,2400.0
ORD007551,2026-07-26,CUST0004,P001,1,0.1,UPI,Completed,65000,52000,65000,58500.0,52000,6500.0
ORD007552,2025-01-22,CUST0863,P008,1,0.05,Debit Card,Completed,16000,12500,16000,15200.0,12500,2700.0
ORD007553,2026-01-19,CUST0848,P009,1,0.0,UPI,Completed,12000,8500,12000,12000.0,8500,3500.0
ORD007554,2025-05-06,CUST0804,P010,2,0.15,Credit Card,Completed,22000,16000,44000,37400.0,32000,5400.0
ORD007555,2025-04-13,CUST1305,P012,1,0.1,UPI,Completed,9000,6500,9000,8100.0,6500,1600.0
ORD007556,2025-04-20,CUST0215,P006,5,0.1,UPI,Completed,35000,28500,175000,157500.0,142500,15000.0
ORD007557,2026-07-24,CUST0972,P002,1,0.0,Credit Card,Completed,18000,13500,18000,18000.0,13500,4500.0
ORD007558,2026-04-17,CUST1634,P006,2,0.0,Debit Card,Completed,35000,28500,70000,70000.0,57000,13000.0
ORD007559,2025-03-06,CUST1444,P009,1,0.05,Debit Card,Completed,12000,8500,12000,11400.0,8500,2900.0
ORD007560,2026-04-17,CUST0101,P012,3,0.1,UPI,Completed,9000,6500,27000,24300.0,19500,4800.0
ORD007561,2026-07-24,CUST0963,P003,3,0.15,UPI,Completed,3000,2100,9000,7650.0,6300,1350.0
ORD007562,2025-03-17,CUST1545,P009,1,0.0,Debit Card,Completed,12000,8500,12000,12000.0,8500,3500.0
ORD007563,2025-01-19,CUST0573,P002,4,0.1,Net Banking,Completed,18000,13500,72000,64800.0,54000,10800.0
ORD007564,2026-01-19,CUST1333,P011,1,0.0,UPI,Completed,4000,2600,4000,4000.0,2600,1400.0
ORD007565,2025-07-09,CUST0658,P005,2,0.05,UPI,Completed,4500,3000,9000,8550.0,6000,2550.0
ORD007566,2025-12-26,CUST0939,P011,3,0.05,UPI,Completed,4000,2600,12000,11400.0,7800,3600.0
ORD007567,2026-03-28,CUST1534,P002,2,0.1,UPI,Completed,18000,13500,36000,32400.0,27000,5400.0
ORD007568,2025-03-20,CUST1087,P007,4,0.15,UPI,Completed,28000,22000,112000,95200.0,88000,7200.0
ORD007569,2026-08-19,CUST1657,P011,3,0.0,Credit Card,Completed,4000,2600,12000,12000.0,7800,4200.0
ORD007570,2025-06-21,CUST0226,P010,5,0.05,Net Banking,Completed,22000,16000,110000,104500.0,80000,24500.0
ORD007571,2025-07-31,CUST0105,P015,1,0.1,UPI,Completed,2200,1400,2200,1980.0,1400,580.0
ORD007572,2026-03-21,CUST0772,P009,1,0.0,Debit Card,Completed,12000,8500,12000,12000.0,8500,3500.0
ORD007573,2025-05-29,CUST1449,P007,2,0.2,Credit Card,Completed,28000,22000,56000,44800.0,44000,800.0
ORD007574,2025-01-10,CUST1279,P012,2,0.15,Net Banking,Completed,9000,6500,18000,15300.0,13000,2300.0
ORD007575,2026-06-26,CUST0429,P005,2,0.0,Net Banking,Completed,4500,3000,9000,9000.0,6000,3000.0
ORD007576,2025-02-24,CUST0434,P015,1,0.05,Net Banking,Completed,2200,1400,2200,2090.0,1400,690.0
ORD007577,2025-06-29,CUST1231,P004,3,0.0,Debit Card,Completed,1500,950,4500,4500.0,2850,1650.0
ORD007578,2026-01-16,CUST1052,P012,4,0.05,Net Banking,Completed,9000,6500,36000,34200.0,26000,8200.0
ORD007579,2026-02-26,CUST0682,P004,1,0.1,Credit Card,Completed,1500,950,1500,1350.0,950,400.0
ORD007580,2026-03-27,CUST1360,P015,1,0.0,UPI,Completed,2200,1400,2200,2200.0,1400,800.0
ORD007581,2025-04-03,CUST0588,P010,1,0.15,Net Banking,Completed,22000,16000,22000,18700.0,16000,2700.0
ORD007582,2026-06-04,CUST1652,P008,1,0.05,Debit Card,Completed,16000,12500,16000,15200.0,12500,2700.0
ORD007583,2026-02-17,CUST1093,P010,2,0.2,UPI,Completed,22000,16000,44000,35200.0,32000,3200.0
ORD007584,2026-01-29,CUST0866,P013,4,0.0,Net Banking,Completed,6000,4200,24000,24000.0,16800,7200.0
ORD007585,2025-11-27,CUST0746,P010,1,0.1,UPI,Completed,22000,16000,22000,19800.0,16000,3800.0
ORD007586,2026-03-09,CUST1537,P014,2,0.1,UPI,Completed,2500,1600,5000,4500.0,3200,1300.0
ORD007587,2025-06-12,CUST1191,P010,2,0.0,Debit Card,Completed,22000,16000,44000,44000.0,32000,12000.0
ORD007588,2025-02-09,CUST0864,P010,1,0.0,Credit Card,Completed,22000,16000,22000,22000.0,16000,6000.0
ORD007589,2025-03-26,CUST1754,P010,2,0.15,Credit Card,Completed,22000,16000,44000,37400.0,32000,5400.0
ORD007590,2026-08-13,CUST0368,P001,2,0.05,UPI,Completed,65000,52000,130000,123500.0,104000,19500.0
ORD007591,2025-04-01,CUST0251,P005,3,0.05,Cash,Returned,4500,3000,13500,12825.0,9000,3825.0
ORD007592,2026-04-29,CUST0859,P014,1,0.15,Cash,Completed,2500,1600,2500,2125.0,1600,525.0
ORD007593,2026-01-20,CUST0856,P002,2,0.0,UPI,Completed,18000,13500,36000,36000.0,27000,9000.0
ORD007594,2025-07-12,CUST1710,P013,1,0.05,UPI,Completed,6000,4200,6000,5700.0,4200,1500.0
ORD007595,2025-09-10,CUST1194,P011,1,0.1,UPI,Completed,4000,2600,4000,3600.0,2600,1000.0
ORD007596,2025-09-01,CUST1782,P009,1,0.1,Net Banking,Completed,12000,8500,12000,10800.0,8500,2300.0
ORD007597,2025-09-27,CUST1114,P007,1,0.0,Net Banking,Completed,28000,22000,28000,28000.0,22000,6000.0
ORD007598,2025-01-19,CUST0561,P010,1,0.05,Credit Card,Completed,22000,16000,22000,20900.0,16000,4900.0
ORD007599,2025-02-09,CUST1470,P008,1,0.1,Net Banking,Completed,16000,12500,16000,14400.0,12500,1900.0
ORD007600,2026-09-02,CUST0294,P006,2,0.05,Debit Card,Completed,35000,28500,70000,66500.0,57000,9500.0
ORD007601,2026-05-31,CUST0919,P009,2,0.1,Credit Card,Completed,12000,8500,24000,21600.0,17000,4600.0
ORD007602,2025-02-02,CUST1174,P006,1,0.0,Credit Card,Completed,35000,28500,35000,35000.0,28500,6500.0
ORD007603,2026-03-26,CUST1156,P007,1,0.1,UPI,Completed,28000,22000,28000,25200.0,22000,3200.0
ORD007604,2026-06-23,CUST0433,P007,2,0.05,UPI,Completed,28000,22000,56000,53200.0,44000,9200.0
ORD007605,2026-09-17,CUST0059,P009,1,0.2,Credit Card,Completed,12000,8500,12000,9600.0,8500,1100.0
ORD007606,2026-08-30,CUST0969,P011,1,0.0,UPI,Completed,4000,2600,4000,4000.0,2600,1400.0
ORD007607,2025-11-15,CUST0836,P008,2,0.05,UPI,Returned,16000,12500,32000,30400.0,25000,5400.0
ORD007608,2025-05-04,CUST0199,P013,1,0.0,UPI,Completed,6000,4200,6000,6000.0,4200,1800.0
ORD007609,2026-01-07,CUST0215,P001,1,0.05,Debit Card,Completed,65000,52000,65000,61750.0,52000,9750.0
ORD007610,2025-12-17,CUST0898,P004,1,0.0,Cash,Completed,1500,950,1500,1500.0,950,550.0
ORD007611,2025-11-19,CUST1585,P007,1,0.1,Net Banking,Completed,28000,22000,28000,25200.0,22000,3200.0
ORD007612,2026-05-03,CUST0472,P011,4,0.15,Debit Card,Completed,4000,2600,16000,13600.0,10400,3200.0
ORD007613,2026-03-27,CUST1768,P008,1,0.0,Net Banking,Completed,16000,12500,16000,16000.0,12500,3500.0
ORD007614,2025-12-19,CUST0247,P007,2,0.0,Credit Card,Completed,28000,22000,56000,56000.0,44000,12000.0
ORD007615,2025-04-26,CUST0382,P012,2,0.15,UPI,Completed,9000,6500,18000,15300.0,13000,2300.0
ORD007616,2025-01-13,CUST0991,P003,1,0.05,Credit Card,Completed,3000,2100,3000,2850.0,2100,750.0
ORD007617,2025-11-16,CUST1263,P015,1,0.05,UPI,Completed,2200,1400,2200,2090.0,1400,690.0
ORD007618,2025-06-14,CUST0927,P004,3,0.0,Debit Card,Completed,1500,950,4500,4500.0,2850,1650.0
ORD007619,2025-03-26,CUST1391,P012,3,0.05,UPI,Completed,9000,6500,27000,25650.0,19500,6150.0
ORD007620,2025-09-05,CUST1192,P007,1,0.0,Debit Card,Completed,28000,22000,28000,28000.0,22000,6000.0
ORD007621,2026-03-08,CUST0560,P008,1,0.1,UPI,Cancelled,16000,12500,16000,14400.0,12500,1900.0
ORD007622,2026-07-22,CUST1075,P007,2,0.05,UPI,Completed,28000,22000,56000,53200.0,44000,9200.0
ORD007623,2026-04-24,CUST1634,P006,1,0.1,Cash,Completed,35000,28500,35000,31500.0,28500,3000.0
ORD007624,2026-01-03,CUST1752,P009,1,0.0,UPI,Completed,12000,8500,12000,12000.0,8500,3500.0
ORD007625,2025-12-23,CUST0689,P009,1,0.05,Credit Card,Completed,12000,8500,12000,11400.0,8500,2900.0
ORD007626,2026-02-12,CUST0380,P011,1,0.0,UPI,Completed,4000,2600,4000,4000.0,2600,1400.0
ORD007627,2025-12-11,CUST0474,P013,1,0.15,UPI,Cancelled,6000,4200,6000,5100.0,4200,900.0
ORD007628,2025-06-28,CUST1104,P007,1,0.05,Debit Card,Completed,28000,22000,28000,26600.0,22000,4600.0
ORD007629,2026-03-01,CUST0697,P008,2,0.0,Debit Card,Completed,16000,12500,32000,32000.0,25000,7000.0
ORD007630,2026-06-25,CUST1391,P006,2,0.0,UPI,Completed,35000,28500,70000,70000.0,57000,13000.0
ORD007631,2026-03-19,CUST1485,P001,1,0.0,Net Banking,Cancelled,65000,52000,65000,65000.0,52000,13000.0
ORD007632,2025-11-02,CUST0911,P001,1,0.0,Debit Card,Completed,65000,52000,65000,65000.0,52000,13000.0
ORD007633,2026-01-02,CUST1563,P006,2,0.05,UPI,Completed,35000,28500,70000,66500.0,57000,9500.0
ORD007634,2025-02-05,CUST1476,P002,1,0.0,UPI,Completed,18000,13500,18000,18000.0,13500,4500.0
ORD007635,2026-04-08,CUST1488,P014,1,0.2,Debit Card,Completed,2500,1600,2500,2000.0,1600,400.0
ORD007636,2026-09-13,CUST0960,P008,1,0.0,Debit Card,Completed,16000,12500,16000,16000.0,12500,3500.0
ORD007637,2025-05-26,CUST0478,P001,1,0.1,UPI,Completed,65000,52000,65000,58500.0,52000,6500.0
ORD007638,2025-05-26,CUST1004,P013,4,0.0,UPI,Completed,6000,4200,24000,24000.0,16800,7200.0
ORD007639,2026-01-15,CUST0926,P002,2,0.0,UPI,Completed,18000,13500,36000,36000.0,27000,9000.0
ORD007640,2025-06-17,CUST1444,P008,1,0.2,UPI,Completed,16000,12500,16000,12800.0,12500,300.0
ORD007641,2025-10-02,CUST0707,P012,2,0.1,UPI,Completed,9000,6500,18000,16200.0,13000,3200.0
ORD007642,2025-03-28,CUST1238,P006,1,0.1,Cash,Completed,35000,28500,35000,31500.0,28500,3000.0
ORD007643,2025-06-03,CUST1393,P012,1,0.1,Debit Card,Completed,9000,6500,9000,8100.0,6500,1600.0
ORD007644,2026-05-12,CUST0854,P010,1,0.2,Net Banking,Returned,22000,16000,22000,17600.0,16000,1600.0
ORD007645,2025-11-11,CUST1138,P002,2,0.05,UPI,Completed,18000,13500,36000,34200.0,27000,7200.0
ORD007646,2026-09-02,CUST1017,P002,1,0.0,UPI,Completed,18000,13500,18000,18000.0,13500,4500.0
ORD007647,2026-07-14,CUST0754,P011,1,0.0,UPI,Completed,4000,2600,4000,4000.0,2600,1400.0
ORD007648,2025-10-01,CUST0503,P014,1,0.1,Credit Card,Completed,2500,1600,2500,2250.0,1600,650.0
ORD007649,2025-09-19,CUST1660,P007,1,0.1,UPI,Completed,28000,22000,28000,25200.0,22000,3200.0
ORD007650,2026-05-02,CUST0817,P005,2,0.1,UPI,Completed,4500,3000,9000,8100.0,6000,2100.0
ORD007651,2026-03-30,CUST0588,P005,3,0.0,UPI,Completed,4500,3000,13500,13500.0,9000,4500.0
ORD007652,2026-03-19,CUST1335,P008,2,0.15,Net Banking,Completed,16000,12500,32000,27200.0,25000,2200.0
ORD007653,2025-09-19,CUST1493,P012,2,0.05,Debit Card,Completed,9000,6500,18000,17100.0,13000,4100.0
ORD007654,2026-06-27,CUST0708,P012,4,0.1,UPI,Completed,9000,6500,36000,32400.0,26000,6400.0
ORD007655,2025-04-15,CUST1068,P007,1,0.0,Debit Card,Cancelled,28000,22000,28000,28000.0,22000,6000.0
ORD007656,2025-12-16,CUST1439,P012,1,0.2,Debit Card,Completed,9000,6500,9000,7200.0,6500,700.0
ORD007657,2026-03-14,CUST1722,P014,1,0.05,UPI,Completed,2500,1600,2500,2375.0,1600,775.0
ORD007658,2025-06-18,CUST1270,P009,1,0.05,UPI,Completed,12000,8500,12000,11400.0,8500,2900.0
ORD007659,2025-12-09,CUST1108,P004,1,0.15,Net Banking,Completed,1500,950,1500,1275.0,950,325.0
ORD007660,2025-08-18,CUST0207,P010,1,0.15,UPI,Completed,22000,16000,22000,18700.0,16000,2700.0
ORD007661,2025-01-23,CUST0151,P004,1,0.0,Net Banking,Completed,1500,950,1500,1500.0,950,550.0
ORD007662,2025-10-08,CUST0668,P002,2,0.15,UPI,Completed,18000,13500,36000,30600.0,27000,3600.0
ORD007663,2026-06-03,CUST0528,P003,4,0.1,Credit Card,Completed,3000,2100,12000,10800.0,8400,2400.0
ORD007664,2025-09-10,CUST0165,P001,1,0.0,UPI,Completed,65000,52000,65000,65000.0,52000,13000.0
ORD007665,2026-02-08,CUST0917,P001,1,0.0,Debit Card,Completed,65000,52000,65000,65000.0,52000,13000.0
ORD007666,2025-05-13,CUST1169,P007,2,0.05,Cash,Completed,28000,22000,56000,53200.0,44000,9200.0
ORD007667,2025-10-01,CUST1010,P014,1,0.05,Credit Card,Completed,2500,1600,2500,2375.0,1600,775.0
ORD007668,2026-09-10,CUST0037,P014,1,0.1,UPI,Completed,2500,1600,2500,2250.0,1600,650.0
ORD007669,2025-08-20,CUST0333,P005,1,0.0,UPI,Completed,4500,3000,4500,4500.0,3000,1500.0
ORD007670,2026-06-29,CUST0403,P003,2,0.1,Net Banking,Completed,3000,2100,6000,5400.0,4200,1200.0
ORD007671,2025-03-20,CUST0414,P007,3,0.1,Debit Card,Completed,28000,22000,84000,75600.0,66000,9600.0
ORD007672,2025-02-04,CUST0045,P014,2,0.1,UPI,Completed,2500,1600,5000,4500.0,3200,1300.0
ORD007673,2026-05-10,CUST1426,P002,1,0.15,Cash,Completed,18000,13500,18000,15300.0,13500,1800.0
ORD007674,2025-04-20,CUST0206,P003,1,0.1,Debit Card,Completed,3000,2100,3000,2700.0,2100,600.0
ORD007675,2025-11-17,CUST0062,P001,1,0.0,UPI,Completed,65000,52000,65000,65000.0,52000,13000.0
ORD007676,2026-07-29,CUST0420,P008,4,0.1,Credit Card,Completed,16000,12500,64000,57600.0,50000,7600.0
ORD007677,2025-11-24,CUST0868,P002,2,0.2,Credit Card,Completed,18000,13500,36000,28800.0,27000,1800.0
ORD007678,2026-01-19,CUST1492,P015,1,0.0,Net Banking,Completed,2200,1400,2200,2200.0,1400,800.0
ORD007679,2025-12-30,CUST0820,P007,2,0.2,UPI,Completed,28000,22000,56000,44800.0,44000,800.0
ORD007680,2025-08-20,CUST0019,P011,1,0.0,Net Banking,Completed,4000,2600,4000,4000.0,2600,1400.0
ORD007681,2026-09-08,CUST0365,P009,5,0.05,Net Banking,Completed,12000,8500,60000,57000.0,42500,14500.0
ORD007682,2026-02-18,CUST1324,P006,3,0.1,Debit Card,Completed,35000,28500,105000,94500.0,85500,9000.0
ORD007683,2025-10-21,CUST1031,P002,1,0.1,UPI,Completed,18000,13500,18000,16200.0,13500,2700.0
ORD007684,2026-07-01,CUST1785,P002,2,0.1,Cash,Completed,18000,13500,36000,32400.0,27000,5400.0
ORD007685,2025-06-23,CUST0428,P009,2,0.05,Credit Card,Completed,12000,8500,24000,22800.0,17000,5800.0
ORD007686,2026-01-27,CUST1141,P010,1,0.1,Net Banking,Completed,22000,16000,22000,19800.0,16000,3800.0
ORD007687,2025-04-12,CUST0580,P008,2,0.1,UPI,Completed,16000,12500,32000,28800.0,25000,3800.0
ORD007688,2025-10-20,CUST1531,P014,2,0.05,Cash,Completed,2500,1600,5000,4750.0,3200,1550.0
ORD007689,2025-03-26,CUST0546,P014,1,0.05,Net Banking,Completed,2500,1600,2500,2375.0,1600,775.0
ORD007690,2025-07-20,CUST1730,P014,2,0.1,Net Banking,Completed,2500,1600,5000,4500.0,3200,1300.0
ORD007691,2026-06-25,CUST0325,P009,2,0.0,UPI,Completed,12000,8500,24000,24000.0,17000,7000.0
ORD007692,2025-10-24,CUST0055,P004,1,0.05,Credit Card,Completed,1500,950,1500,1425.0,950,475.0
ORD007693,2025-02-25,CUST0778,P004,1,0.0,UPI,Completed,1500,950,1500,1500.0,950,550.0
ORD007694,2026-04-17,CUST0992,P015,2,0.1,UPI,Completed,2200,1400,4400,3960.0,2800,1160.0
ORD007695,2025-01-16,CUST0042,P015,1,0.0,UPI,Completed,2200,1400,2200,2200.0,1400,800.0
ORD007696,2025-03-07,CUST1321,P002,3,0.05,Cash,Completed,18000,13500,54000,51300.0,40500,10800.0
ORD007697,2026-04-17,CUST0231,P014,1,0.0,Debit Card,Completed,2500,1600,2500,2500.0,1600,900.0
ORD007698,2026-08-04,CUST0453,P010,1,0.0,UPI,Completed,22000,16000,22000,22000.0,16000,6000.0
ORD007699,2025-01-23,CUST0394,P001,1,0.05,Cash,Completed,65000,52000,65000,61750.0,52000,9750.0
ORD007700,2026-05-01,CUST1546,P010,2,0.05,Debit Card,Completed,22000,16000,44000,41800.0,32000,9800.0
ORD007701,2026-02-19,CUST1382,P013,2,0.05,Net Banking,Completed,6000,4200,12000,11400.0,8400,3000.0
ORD007702,2025-11-01,CUST1468,P004,1,0.0,Net Banking,Completed,1500,950,1500,1500.0,950,550.0
ORD007703,2025-06-26,CUST1152,P010,1,0.15,Debit Card,Completed,22000,16000,22000,18700.0,16000,2700.0
ORD007704,2025-07-14,CUST0691,P010,3,0.0,UPI,Completed,22000,16000,66000,66000.0,48000,18000.0
ORD007705,2025-01-13,CUST1429,P011,1,0.15,Cash,Completed,4000,2600,4000,3400.0,2600,800.0
ORD007706,2025-06-15,CUST0392,P008,1,0.1,UPI,Completed,16000,12500,16000,14400.0,12500,1900.0
ORD007707,2025-05-30,CUST1217,P002,1,0.0,Debit Card,Completed,18000,13500,18000,18000.0,13500,4500.0
ORD007708,2025-12-07,CUST0604,P013,1,0.05,Net Banking,Completed,6000,4200,6000,5700.0,4200,1500.0
ORD007709,2026-07-11,CUST0881,P012,1,0.2,UPI,Completed,9000,6500,9000,7200.0,6500,700.0
ORD007710,2025-06-23,CUST1767,P011,1,0.1,Debit Card,Completed,4000,2600,4000,3600.0,2600,1000.0
ORD007711,2025-06-16,CUST1102,P008,1,0.0,Credit Card,Completed,16000,12500,16000,16000.0,12500,3500.0
ORD007712,2026-08-17,CUST0085,P001,3,0.05,UPI,Completed,65000,52000,195000,185250.0,156000,29250.0
ORD007713,2026-08-03,CUST1054,P015,1,0.05,UPI,Completed,2200,1400,2200,2090.0,1400,690.0
ORD007714,2025-04-07,CUST1749,P001,3,0.1,Net Banking,Completed,65000,52000,195000,175500.0,156000,19500.0
ORD007715,2026-02-08,CUST0049,P004,2,0.15,UPI,Completed,1500,950,3000,2550.0,1900,650.0
ORD007716,2025-03-18,CUST1169,P007,1,0.0,Net Banking,Completed,28000,22000,28000,28000.0,22000,6000.0
ORD007717,2025-08-25,CUST0069,P009,2,0.0,Debit Card,Completed,12000,8500,24000,24000.0,17000,7000.0
ORD007718,2025-10-18,CUST1082,P005,1,0.0,Debit Card,Completed,4500,3000,4500,4500.0,3000,1500.0
ORD007719,2025-05-16,CUST0697,P002,1,0.2,Net Banking,Completed,18000,13500,18000,14400.0,13500,900.0
ORD007720,2026-01-02,CUST1598,P012,4,0.05,Credit Card,Completed,9000,6500,36000,34200.0,26000,8200.0
ORD007721,2026-07-02,CUST0479,P007,2,0.15,Credit Card,Completed,28000,22000,56000,47600.0,44000,3600.0
ORD007722,2025-09-05,CUST0820,P011,3,0.05,UPI,Completed,4000,2600,12000,11400.0,7800,3600.0
ORD007723,2025-08-02,CUST1469,P002,3,0.1,Credit Card,Completed,18000,13500,54000,48600.0,40500,8100.0
ORD007724,2025-03-11,CUST1320,P009,1,0.0,Credit Card,Completed,12000,8500,12000,12000.0,8500,3500.0
ORD007725,2025-11-25,CUST1702,P009,1,0.15,UPI,Completed,12000,8500,12000,10200.0,8500,1700.0
ORD007726,2025-01-16,CUST1195,P003,1,0.05,Debit Card,Completed,3000,2100,3000,2850.0,2100,750.0
ORD007727,2026-05-02,CUST1599,P013,3,0.1,Credit Card,Completed,6000,4200,18000,16200.0,12600,3600.0
ORD007728,2025-06-23,CUST0147,P008,3,0.0,Net Banking,Completed,16000,12500,48000,48000.0,37500,10500.0
ORD007729,2025-10-01,CUST1508,P011,2,0.1,Credit Card,Completed,4000,2600,8000,7200.0,5200,2000.0
ORD007730,2026-06-08,CUST1330,P004,1,0.05,Net Banking,Completed,1500,950,1500,1425.0,950,475.0
ORD007731,2025-08-07,CUST1697,P003,1,0.0,Credit Card,Completed,3000,2100,3000,3000.0,2100,900.0
ORD007732,2026-05-28,CUST1677,P001,3,0.05,Net Banking,Completed,65000,52000,195000,185250.0,156000,29250.0
ORD007733,2026-02-03,CUST1016,P005,4,0.05,Credit Card,Completed,4500,3000,18000,17100.0,12000,5100.0
ORD007734,2025-04-21,CUST0609,P013,1,0.0,Credit Card,Completed,6000,4200,6000,6000.0,4200,1800.0
ORD007735,2026-04-09,CUST0446,P014,1,0.0,Credit Card,Completed,2500,1600,2500,2500.0,1600,900.0
ORD007736,2025-04-03,CUST0221,P011,1,0.05,Credit Card,Completed,4000,2600,4000,3800.0,2600,1200.0
ORD007737,2026-03-27,CUST1579,P004,1,0.0,Net Banking,Completed,1500,950,1500,1500.0,950,550.0
ORD007738,2026-01-31,CUST1402,P001,3,0.05,UPI,Completed,65000,52000,195000,185250.0,156000,29250.0
ORD007739,2026-07-05,CUST1644,P010,2,0.05,UPI,Completed,22000,16000,44000,41800.0,32000,9800.0
ORD007740,2026-04-24,CUST1290,P008,2,0.0,Net Banking,Completed,16000,12500,32000,32000.0,25000,7000.0
ORD007741,2025-11-12,CUST0095,P008,1,0.0,Credit Card,Returned,16000,12500,16000,16000.0,12500,3500.0
ORD007742,2025-12-19,CUST0262,P013,1,0.1,UPI,Completed,6000,4200,6000,5400.0,4200,1200.0
ORD007743,2025-08-27,CUST0897,P008,1,0.0,Credit Card,Completed,16000,12500,16000,16000.0,12500,3500.0
ORD007744,2025-04-14,CUST1095,P003,3,0.1,Credit Card,Completed,3000,2100,9000,8100.0,6300,1800.0
ORD007745,2025-01-29,CUST0219,P006,2,0.05,Credit Card,Completed,35000,28500,70000,66500.0,57000,9500.0
ORD007746,2025-03-30,CUST1557,P012,1,0.2,Net Banking,Completed,9000,6500,9000,7200.0,6500,700.0
ORD007747,2026-01-10,CUST0092,P012,1,0.0,Credit Card,Completed,9000,6500,9000,9000.0,6500,2500.0
ORD007748,2026-02-01,CUST0127,P007,1,0.1,Debit Card,Completed,28000,22000,28000,25200.0,22000,3200.0
ORD007749,2026-07-17,CUST0080,P009,1,0.05,Net Banking,Completed,12000,8500,12000,11400.0,8500,2900.0
ORD007750,2025-12-30,CUST1262,P005,2,0.0,Net Banking,Completed,4500,3000,9000,9000.0,6000,3000.0
ORD007751,2025-05-27,CUST0983,P009,2,0.0,UPI,Completed,12000,8500,24000,24000.0,17000,7000.0
ORD007752,2025-11-10,CUST1396,P006,1,0.05,Credit Card,Completed,35000,28500,35000,33250.0,28500,4750.0
ORD007753,2026-07-02,CUST0916,P010,3,0.0,Credit Card,Completed,22000,16000,66000,66000.0,48000,18000.0
ORD007754,2026-03-28,CUST0486,P010,2,0.05,Net Banking,Completed,22000,16000,44000,41800.0,32000,9800.0
ORD007755,2026-05-21,CUST0694,P010,1,0.15,Net Banking,Completed,22000,16000,22000,18700.0,16000,2700.0
ORD007756,2026-05-01,CUST0025,P004,1,0.05,Credit Card,Completed,1500,950,1500,1425.0,950,475.0
ORD007757,2025-04-11,CUST0156,P013,3,0.05,Cash,Completed,6000,4200,18000,17100.0,12600,4500.0
ORD007758,2025-04-17,CUST1541,P001,2,0.1,Credit Card,Completed,65000,52000,130000,117000.0,104000,13000.0
ORD007759,2025-10-18,CUST0632,P001,1,0.1,Net Banking,Completed,65000,52000,65000,58500.0,52000,6500.0
ORD007760,2025-12-15,CUST1554,P014,2,0.0,Net Banking,Completed,2500,1600,5000,5000.0,3200,1800.0
ORD007761,2026-09-09,CUST1734,P010,1,0.1,Net Banking,Completed,22000,16000,22000,19800.0,16000,3800.0
ORD007762,2026-08-11,CUST1081,P005,3,0.05,Cash,Completed,4500,3000,13500,12825.0,9000,3825.0
ORD007763,2025-08-15,CUST1629,P013,4,0.0,Credit Card,Completed,6000,4200,24000,24000.0,16800,7200.0
ORD007764,2026-08-19,CUST0019,P014,2,0.0,UPI,Completed,2500,1600,5000,5000.0,3200,1800.0
ORD007765,2026-08-11,CUST1408,P003,2,0.0,Credit Card,Completed,3000,2100,6000,6000.0,4200,1800.0
ORD007766,2025-02-19,CUST1217,P005,1,0.05,Net Banking,Completed,4500,3000,4500,4275.0,3000,1275.0
ORD007767,2025-06-07,CUST0237,P005,2,0.0,Net Banking,Completed,4500,3000,9000,9000.0,6000,3000.0
ORD007768,2025-11-24,CUST1411,P001,2,0.05,UPI,Completed,65000,52000,130000,123500.0,104000,19500.0
ORD007769,2025-03-18,CUST1450,P014,2,0.05,UPI,Completed,2500,1600,5000,4750.0,3200,1550.0
ORD007770,2026-09-25,CUST0277,P008,2,0.1,Credit Card,Completed,16000,12500,32000,28800.0,25000,3800.0
ORD007771,2026-03-30,CUST1251,P005,3,0.1,Credit Card,Completed,4500,3000,13500,12150.0,9000,3150.0
ORD007772,2025-11-06,CUST0745,P005,1,0.1,UPI,Completed,4500,3000,4500,4050.0,3000,1050.0
ORD007773,2025-11-23,CUST0552,P009,1,0.15,Net Banking,Completed,12000,8500,12000,10200.0,8500,1700.0
ORD007774,2026-05-23,CUST1347,P008,2,0.15,UPI,Completed,16000,12500,32000,27200.0,25000,2200.0
ORD007775,2025-04-17,CUST1177,P013,3,0.15,Debit Card,Completed,6000,4200,18000,15300.0,12600,2700.0
ORD007776,2025-08-29,CUST0639,P001,3,0.0,UPI,Completed,65000,52000,195000,195000.0,156000,39000.0
ORD007777,2026-03-11,CUST0237,P003,2,0.0,Net Banking,Completed,3000,2100,6000,6000.0,4200,1800.0
ORD007778,2025-01-28,CUST0998,P012,3,0.05,Debit Card,Completed,9000,6500,27000,25650.0,19500,6150.0
ORD007779,2025-09-06,CUST0055,P007,2,0.05,Credit Card,Completed,28000,22000,56000,53200.0,44000,9200.0
ORD007780,2025-12-30,CUST1460,P001,1,0.0,Debit Card,Completed,65000,52000,65000,65000.0,52000,13000.0
ORD007781,2026-06-17,CUST0684,P001,3,0.0,UPI,Completed,65000,52000,195000,195000.0,156000,39000.0
ORD007782,2026-04-17,CUST0109,P005,1,0.2,Cash,Cancelled,4500,3000,4500,3600.0,3000,600.0
ORD007783,2026-06-23,CUST1208,P009,1,0.0,Net Banking,Completed,12000,8500,12000,12000.0,8500,3500.0
ORD007784,2026-08-12,CUST1392,P006,1,0.05,Net Banking,Completed,35000,28500,35000,33250.0,28500,4750.0
ORD007785,2026-02-17,CUST1222,P010,1,0.0,UPI,Completed,22000,16000,22000,22000.0,16000,6000.0
ORD007786,2026-07-23,CUST1395,P002,1,0.1,UPI,Completed,18000,13500,18000,16200.0,13500,2700.0
ORD007787,2026-09-23,CUST0373,P011,1,0.05,Credit Card,Completed,4000,2600,4000,3800.0,2600,1200.0
ORD007788,2025-06-14,CUST0973,P009,1,0.0,UPI,Completed,12000,8500,12000,12000.0,8500,3500.0
ORD007789,2026-07-30,CUST1521,P006,1,0.2,Net Banking,Completed,35000,28500,35000,28000.0,28500,-500.0
ORD007790,2025-02-17,CUST1623,P005,1,0.1,Credit Card,Cancelled,4500,3000,4500,4050.0,3000,1050.0
ORD007791,2026-04-29,CUST0201,P005,3,0.1,UPI,Completed,4500,3000,13500,12150.0,9000,3150.0
ORD007792,2025-06-07,CUST0849,P015,3,0.2,UPI,Completed,2200,1400,6600,5280.0,4200,1080.0
ORD007793,2025-05-31,CUST0509,P012,3,0.05,Cash,Completed,9000,6500,27000,25650.0,19500,6150.0
ORD007794,2025-08-13,CUST1346,P003,1,0.1,Cash,Completed,3000,2100,3000,2700.0,2100,600.0
ORD007795,2025-09-17,CUST0275,P014,2,0.0,UPI,Completed,2500,1600,5000,5000.0,3200,1800.0
ORD007796,2026-01-22,CUST0211,P006,1,0.1,UPI,Completed,35000,28500,35000,31500.0,28500,3000.0
ORD007797,2025-09-13,CUST0504,P015,1,0.0,Credit Card,Completed,2200,1400,2200,2200.0,1400,800.0
ORD007798,2025-03-02,CUST1142,P015,2,0.0,UPI,Completed,2200,1400,4400,4400.0,2800,1600.0
ORD007799,2026-01-31,CUST0703,P013,2,0.05,Net Banking,Completed,6000,4200,12000,11400.0,8400,3000.0
ORD007800,2026-02-01,CUST1578,P004,3,0.0,Debit Card,Completed,1500,950,4500,4500.0,2850,1650.0
ORD007801,2025-06-11,CUST0042,P013,2,0.05,Cash,Completed,6000,4200,12000,11400.0,8400,3000.0
ORD007802,2026-01-15,CUST0315,P012,1,0.05,Net Banking,Completed,9000,6500,9000,8550.0,6500,2050.0
ORD007803,2026-03-19,CUST0788,P010,3,0.1,Debit Card,Completed,22000,16000,66000,59400.0,48000,11400.0
ORD007804,2025-12-15,CUST0329,P014,2,0.0,Debit Card,Completed,2500,1600,5000,5000.0,3200,1800.0
ORD007805,2025-01-31,CUST1041,P015,3,0.0,Net Banking,Completed,2200,1400,6600,6600.0,4200,2400.0
ORD007806,2025-03-12,CUST0283,P002,3,0.1,Debit Card,Returned,18000,13500,54000,48600.0,40500,8100.0
ORD007807,2026-02-01,CUST0943,P013,1,0.1,UPI,Completed,6000,4200,6000,5400.0,4200,1200.0
ORD007808,2026-03-14,CUST0258,P003,1,0.0,Debit Card,Completed,3000,2100,3000,3000.0,2100,900.0
ORD007809,2025-01-02,CUST0575,P009,1,0.05,Credit Card,Completed,12000,8500,12000,11400.0,8500,2900.0
ORD007810,2026-07-16,CUST0574,P011,1,0.1,Cash,Completed,4000,2600,4000,3600.0,2600,1000.0
ORD007811,2025-05-15,CUST0612,P011,1,0.0,Credit Card,Completed,4000,2600,4000,4000.0,2600,1400.0
ORD007812,2025-05-26,CUST1043,P009,1,0.05,UPI,Completed,12000,8500,12000,11400.0,8500,2900.0
ORD007813,2025-06-28,CUST1553,P006,4,0.0,UPI,Completed,35000,28500,140000,140000.0,114000,26000.0
ORD007814,2025-09-21,CUST0837,P010,3,0.15,Net Banking,Completed,22000,16000,66000,56100.0,48000,8100.0
ORD007815,2025-11-07,CUST0423,P010,2,0.0,Cash,Completed,22000,16000,44000,44000.0,32000,12000.0
ORD007816,2025-07-23,CUST1490,P014,1,0.0,Debit Card,Completed,2500,1600,2500,2500.0,1600,900.0
ORD007817,2025-01-30,CUST1397,P009,1,0.15,UPI,Completed,12000,8500,12000,10200.0,8500,1700.0
ORD007818,2025-02-28,CUST0758,P004,2,0.0,UPI,Completed,1500,950,3000,3000.0,1900,1100.0
ORD007819,2025-01-09,CUST0763,P011,1,0.05,Credit Card,Completed,4000,2600,4000,3800.0,2600,1200.0
ORD007820,2025-11-20,CUST1105,P005,3,0.0,Cash,Completed,4500,3000,13500,13500.0,9000,4500.0
ORD007821,2025-06-16,CUST1575,P010,4,0.2,Net Banking,Completed,22000,16000,88000,70400.0,64000,6400.0
ORD007822,2025-12-03,CUST1572,P006,1,0.1,Net Banking,Completed,35000,28500,35000,31500.0,28500,3000.0
ORD007823,2026-01-14,CUST0424,P013,2,0.1,Debit Card,Completed,6000,4200,12000,10800.0,8400,2400.0
ORD007824,2025-08-30,CUST0429,P015,1,0.0,Net Banking,Returned,2200,1400,2200,2200.0,1400,800.0
ORD007825,2025-06-09,CUST1412,P009,2,0.0,UPI,Returned,12000,8500,24000,24000.0,17000,7000.0
ORD007826,2025-08-23,CUST1733,P013,1,0.05,UPI,Completed,6000,4200,6000,5700.0,4200,1500.0
ORD007827,2026-03-29,CUST1694,P005,1,0.0,Net Banking,Completed,4500,3000,4500,4500.0,3000,1500.0
ORD007828,2025-07-18,CUST0204,P008,2,0.1,UPI,Completed,16000,12500,32000,28800.0,25000,3800.0
ORD007829,2026-04-22,CUST0196,P011,2,0.05,Debit Card,Completed,4000,2600,8000,7600.0,5200,2400.0
ORD007830,2025-02-02,CUST0728,P001,2,0.1,Debit Card,Completed,65000,52000,130000,117000.0,104000,13000.0
ORD007831,2026-02-12,CUST0285,P005,1,0.0,UPI,Completed,4500,3000,4500,4500.0,3000,1500.0
ORD007832,2025-03-30,CUST0196,P010,2,0.05,UPI,Completed,22000,16000,44000,41800.0,32000,9800.0
ORD007833,2026-08-30,CUST0307,P001,3,0.1,UPI,Completed,65000,52000,195000,175500.0,156000,19500.0
ORD007834,2025-08-09,CUST1688,P010,4,0.05,Debit Card,Completed,22000,16000,88000,83600.0,64000,19600.0
ORD007835,2025-03-10,CUST0014,P014,3,0.1,UPI,Completed,2500,1600,7500,6750.0,4800,1950.0
ORD007836,2025-10-21,CUST1170,P006,3,0.0,Credit Card,Completed,35000,28500,105000,105000.0,85500,19500.0
ORD007837,2025-08-25,CUST1081,P007,2,0.1,Debit Card,Completed,28000,22000,56000,50400.0,44000,6400.0
ORD007838,2025-06-09,CUST0723,P012,2,0.15,UPI,Completed,9000,6500,18000,15300.0,13000,2300.0
ORD007839,2025-10-17,CUST0780,P014,1,0.0,UPI,Completed,2500,1600,2500,2500.0,1600,900.0
ORD007840,2026-07-08,CUST1234,P005,1,0.05,Credit Card,Completed,4500,3000,4500,4275.0,3000,1275.0
ORD007841,2026-08-01,CUST0529,P001,3,0.0,UPI,Completed,65000,52000,195000,195000.0,156000,39000.0
ORD007842,2026-06-17,CUST0798,P006,3,0.1,Debit Card,Completed,35000,28500,105000,94500.0,85500,9000.0
ORD007843,2025-12-01,CUST0344,P010,2,0.05,Cash,Completed,22000,16000,44000,41800.0,32000,9800.0
ORD007844,2026-08-05,CUST1739,P005,1,0.0,UPI,Completed,4500,3000,4500,4500.0,3000,1500.0
ORD007845,2026-05-17,CUST1635,P006,1,0.1,Net Banking,Completed,35000,28500,35000,31500.0,28500,3000.0
ORD007846,2025-09-03,CUST1303,P011,1,0.1,Credit Card,Completed,4000,2600,4000,3600.0,2600,1000.0
ORD007847,2025-11-19,CUST0209,P010,1,0.15,Debit Card,Completed,22000,16000,22000,18700.0,16000,2700.0
ORD007848,2026-09-03,CUST0641,P015,2,0.05,Net Banking,Completed,2200,1400,4400,4180.0,2800,1380.0
ORD007849,2025-11-25,CUST1359,P007,4,0.05,Credit Card,Completed,28000,22000,112000,106400.0,88000,18400.0
ORD007850,2026-07-01,CUST1312,P007,1,0.15,UPI,Completed,28000,22000,28000,23800.0,22000,1800.0
ORD007851,2025-12-05,CUST0252,P002,2,0.05,UPI,Completed,18000,13500,36000,34200.0,27000,7200.0
ORD007852,2025-06-20,CUST1289,P015,1,0.1,Net Banking,Completed,2200,1400,2200,1980.0,1400,580.0
ORD007853,2025-04-20,CUST0271,P012,5,0.1,UPI,Completed,9000,6500,45000,40500.0,32500,8000.0
ORD007854,2025-01-10,CUST0920,P003,3,0.05,Credit Card,Completed,3000,2100,9000,8550.0,6300,2250.0
ORD007855,2025-07-21,CUST1724,P012,1,0.0,Credit Card,Completed,9000,6500,9000,9000.0,6500,2500.0
ORD007856,2025-09-14,CUST0419,P006,5,0.0,UPI,Completed,35000,28500,175000,175000.0,142500,32500.0
ORD007857,2025-09-19,CUST1750,P003,2,0.05,Net Banking,Completed,3000,2100,6000,5700.0,4200,1500.0
ORD007858,2026-03-06,CUST0795,P002,1,0.05,Debit Card,Completed,18000,13500,18000,17100.0,13500,3600.0
ORD007859,2026-05-22,CUST1235,P004,2,0.1,Debit Card,Completed,1500,950,3000,2700.0,1900,800.0
ORD007860,2025-03-07,CUST1389,P005,1,0.05,Credit Card,Completed,4500,3000,4500,4275.0,3000,1275.0
ORD007861,2026-08-02,CUST1100,P011,2,0.0,UPI,Completed,4000,2600,8000,8000.0,5200,2800.0
ORD007862,2026-09-04,CUST1684,P010,4,0.05,Credit Card,Completed,22000,16000,88000,83600.0,64000,19600.0
ORD007863,2026-08-12,CUST1345,P009,3,0.0,Net Banking,Completed,12000,8500,36000,36000.0,25500,10500.0
ORD007864,2025-02-04,CUST0725,P003,1,0.0,Credit Card,Completed,3000,2100,3000,3000.0,2100,900.0
ORD007865,2026-07-11,CUST0433,P003,1,0.0,Cash,Returned,3000,2100,3000,3000.0,2100,900.0
ORD007866,2026-05-06,CUST0109,P006,1,0.0,UPI,Completed,35000,28500,35000,35000.0,28500,6500.0
ORD007867,2026-08-03,CUST0641,P005,1,0.0,Cash,Completed,4500,3000,4500,4500.0,3000,1500.0
ORD007868,2025-09-11,CUST1546,P006,1,0.0,Debit Card,Cancelled,35000,28500,35000,35000.0,28500,6500.0
ORD007869,2025-01-17,CUST1071,P007,2,0.1,Net Banking,Completed,28000,22000,56000,50400.0,44000,6400.0
ORD007870,2025-09-18,CUST0379,P011,2,0.0,UPI,Completed,4000,2600,8000,8000.0,5200,2800.0
ORD007871,2025-09-13,CUST1120,P003,2,0.0,Credit Card,Completed,3000,2100,6000,6000.0,4200,1800.0
ORD007872,2026-02-28,CUST0958,P015,1,0.15,Net Banking,Completed,2200,1400,2200,1870.0,1400,470.0
ORD007873,2026-05-16,CUST0103,P013,1,0.1,Debit Card,Completed,6000,4200,6000,5400.0,4200,1200.0
ORD007874,2025-10-13,CUST0892,P005,1,0.0,UPI,Completed,4500,3000,4500,4500.0,3000,1500.0
ORD007875,2025-01-07,CUST0854,P008,1,0.0,UPI,Completed,16000,12500,16000,16000.0,12500,3500.0
ORD007876,2026-05-12,CUST1170,P004,1,0.1,Debit Card,Completed,1500,950,1500,1350.0,950,400.0
ORD007877,2025-07-18,CUST1051,P010,1,0.05,Net Banking,Completed,22000,16000,22000,20900.0,16000,4900.0
ORD007878,2026-08-26,CUST1756,P002,2,0.0,Credit Card,Completed,18000,13500,36000,36000.0,27000,9000.0
ORD007879,2026-02-22,CUST0530,P004,3,0.0,Credit Card,Completed,1500,950,4500,4500.0,2850,1650.0
ORD007880,2025-02-21,CUST0679,P002,1,0.15,Net Banking,Completed,18000,13500,18000,15300.0,13500,1800.0
ORD007881,2025-08-31,CUST0989,P003,2,0.05,Debit Card,Completed,3000,2100,6000,5700.0,4200,1500.0
ORD007882,2025-08-07,CUST1106,P004,1,0.05,Credit Card,Completed,1500,950,1500,1425.0,950,475.0
ORD007883,2026-06-02,CUST0428,P004,3,0.0,UPI,Completed,1500,950,4500,4500.0,2850,1650.0
ORD007884,2025-04-19,CUST1608,P010,1,0.0,Debit Card,Completed,22000,16000,22000,22000.0,16000,6000.0
ORD007885,2025-12-17,CUST0822,P009,1,0.05,Credit Card,Completed,12000,8500,12000,11400.0,8500,2900.0
ORD007886,2025-03-07,CUST1503,P010,1,0.15,UPI,Completed,22000,16000,22000,18700.0,16000,2700.0
ORD007887,2025-01-10,CUST1790,P006,1,0.0,Debit Card,Completed,35000,28500,35000,35000.0,28500,6500.0
ORD007888,2025-07-21,CUST1186,P009,2,0.2,UPI,Completed,12000,8500,24000,19200.0,17000,2200.0
ORD007889,2025-08-02,CUST0932,P004,5,0.0,UPI,Completed,1500,950,7500,7500.0,4750,2750.0
ORD007890,2025-03-09,CUST1426,P009,3,0.05,Credit Card,Completed,12000,8500,36000,34200.0,25500,8700.0
ORD007891,2025-11-23,CUST1532,P011,1,0.0,Debit Card,Completed,4000,2600,4000,4000.0,2600,1400.0
ORD007892,2025-02-19,CUST1062,P013,2,0.05,UPI,Completed,6000,4200,12000,11400.0,8400,3000.0
ORD007893,2025-01-17,CUST0511,P009,2,0.05,UPI,Returned,12000,8500,24000,22800.0,17000,5800.0
ORD007894,2026-06-07,CUST0393,P006,3,0.1,Credit Card,Completed,35000,28500,105000,94500.0,85500,9000.0
ORD007895,2025-11-02,CUST0713,P005,2,0.05,UPI,Completed,4500,3000,9000,8550.0,6000,2550.0
ORD007896,2026-01-27,CUST0494,P003,2,0.05,Debit Card,Completed,3000,2100,6000,5700.0,4200,1500.0
ORD007897,2025-05-04,CUST1224,P014,2,0.1,Cash,Completed,2500,1600,5000,4500.0,3200,1300.0
ORD007898,2026-05-19,CUST1279,P015,2,0.0,Debit Card,Completed,2200,1400,4400,4400.0,2800,1600.0
ORD007899,2025-08-13,CUST1203,P005,1,0.05,UPI,Completed,4500,3000,4500,4275.0,3000,1275.0
ORD007900,2025-11-14,CUST0547,P015,1,0.0,UPI,Completed,2200,1400,2200,2200.0,1400,800.0
ORD007901,2026-04-18,CUST0594,P003,2,0.05,UPI,Completed,3000,2100,6000,5700.0,4200,1500.0
ORD007902,2026-06-25,CUST0389,P005,3,0.1,UPI,Completed,4500,3000,13500,12150.0,9000,3150.0
ORD007903,2025-12-24,CUST1422,P005,1,0.0,UPI,Cancelled,4500,3000,4500,4500.0,3000,1500.0
ORD007904,2026-04-28,CUST1756,P002,5,0.15,UPI,Completed,18000,13500,90000,76500.0,67500,9000.0
ORD007905,2026-03-05,CUST0158,P014,1,0.15,Net Banking,Completed,2500,1600,2500,2125.0,1600,525.0
ORD007906,2026-05-12,CUST1028,P014,1,0.05,Net Banking,Completed,2500,1600,2500,2375.0,1600,775.0
ORD007907,2026-04-17,CUST0167,P009,1,0.0,Debit Card,Completed,12000,8500,12000,12000.0,8500,3500.0
ORD007908,2026-07-25,CUST1492,P015,4,0.1,UPI,Completed,2200,1400,8800,7920.0,5600,2320.0
ORD007909,2025-10-27,CUST0960,P007,1,0.15,Net Banking,Cancelled,28000,22000,28000,23800.0,22000,1800.0
ORD007910,2025-03-25,CUST0409,P014,1,0.0,UPI,Completed,2500,1600,2500,2500.0,1600,900.0
ORD007911,2026-01-12,CUST1436,P006,1,0.15,UPI,Completed,35000,28500,35000,29750.0,28500,1250.0
ORD007912,2025-11-09,CUST1228,P005,2,0.15,UPI,Completed,4500,3000,9000,7650.0,6000,1650.0
ORD007913,2026-09-21,CUST0194,P015,3,0.05,Credit Card,Completed,2200,1400,6600,6270.0,4200,2070.0
ORD007914,2025-11-16,CUST0235,P004,1,0.1,Credit Card,Completed,1500,950,1500,1350.0,950,400.0
ORD007915,2025-07-23,CUST0718,P008,3,0.05,UPI,Completed,16000,12500,48000,45600.0,37500,8100.0
ORD007916,2025-12-21,CUST1174,P002,4,0.05,UPI,Completed,18000,13500,72000,68400.0,54000,14400.0
ORD007917,2025-10-21,CUST1183,P008,1,0.0,Net Banking,Completed,16000,12500,16000,16000.0,12500,3500.0
ORD007918,2026-05-19,CUST1303,P001,2,0.0,Credit Card,Completed,65000,52000,130000,130000.0,104000,26000.0
ORD007919,2025-05-25,CUST0816,P010,1,0.1,UPI,Completed,22000,16000,22000,19800.0,16000,3800.0
ORD007920,2026-06-23,CUST0404,P001,1,0.0,Credit Card,Completed,65000,52000,65000,65000.0,52000,13000.0
ORD007921,2025-01-17,CUST0893,P003,2,0.05,UPI,Completed,3000,2100,6000,5700.0,4200,1500.0
ORD007922,2026-07-29,CUST0678,P005,2,0.15,Debit Card,Completed,4500,3000,9000,7650.0,6000,1650.0
ORD007923,2026-07-30,CUST1335,P014,1,0.0,UPI,Completed,2500,1600,2500,2500.0,1600,900.0
ORD007924,2025-02-08,CUST0068,P006,1,0.0,Credit Card,Completed,35000,28500,35000,35000.0,28500,6500.0
ORD007925,2025-05-10,CUST1487,P004,4,0.05,Debit Card,Completed,1500,950,6000,5700.0,3800,1900.0
ORD007926,2025-04-25,CUST0088,P007,2,0.0,Net Banking,Completed,28000,22000,56000,56000.0,44000,12000.0
ORD007927,2026-03-26,CUST0217,P007,1,0.1,UPI,Completed,28000,22000,28000,25200.0,22000,3200.0
ORD007928,2025-02-14,CUST0001,P002,2,0.05,Credit Card,Completed,18000,13500,36000,34200.0,27000,7200.0
ORD007929,2025-08-04,CUST1159,P002,1,0.05,Cash,Completed,18000,13500,18000,17100.0,13500,3600.0
ORD007930,2026-08-23,CUST1721,P002,1,0.0,Debit Card,Completed,18000,13500,18000,18000.0,13500,4500.0
ORD007931,2026-02-19,CUST1375,P015,2,0.0,Cash,Completed,2200,1400,4400,4400.0,2800,1600.0
ORD007932,2025-09-22,CUST0140,P014,2,0.0,Net Banking,Completed,2500,1600,5000,5000.0,3200,1800.0
ORD007933,2026-03-16,CUST0618,P015,1,0.0,Debit Card,Completed,2200,1400,2200,2200.0,1400,800.0
ORD007934,2026-09-09,CUST0133,P002,3,0.05,UPI,Completed,18000,13500,54000,51300.0,40500,10800.0
ORD007935,2026-01-16,CUST1644,P013,1,0.05,Debit Card,Completed,6000,4200,6000,5700.0,4200,1500.0
ORD007936,2025-10-28,CUST0178,P009,2,0.0,Debit Card,Completed,12000,8500,24000,24000.0,17000,7000.0
ORD007937,2025-06-20,CUST0810,P014,1,0.0,Credit Card,Completed,2500,1600,2500,2500.0,1600,900.0
ORD007938,2026-09-12,CUST1382,P005,1,0.05,Debit Card,Completed,4500,3000,4500,4275.0,3000,1275.0
ORD007939,2026-02-10,CUST0380,P011,1,0.1,Debit Card,Completed,4000,2600,4000,3600.0,2600,1000.0
ORD007940,2025-12-21,CUST0908,P008,2,0.1,Credit Card,Completed,16000,12500,32000,28800.0,25000,3800.0
ORD007941,2025-06-10,CUST0658,P005,1,0.0,Credit Card,Completed,4500,3000,4500,4500.0,3000,1500.0
ORD007942,2026-07-06,CUST0450,P013,1,0.15,UPI,Completed,6000,4200,6000,5100.0,4200,900.0
ORD007943,2025-01-26,CUST0586,P011,1,0.15,Net Banking,Completed,4000,2600,4000,3400.0,2600,800.0
ORD007944,2025-03-24,CUST0463,P005,1,0.0,Net Banking,Completed,4500,3000,4500,4500.0,3000,1500.0
ORD007945,2025-06-22,CUST0990,P001,1,0.1,Credit Card,Completed,65000,52000,65000,58500.0,52000,6500.0
ORD007946,2025-03-11,CUST1132,P006,2,0.05,UPI,Completed,35000,28500,70000,66500.0,57000,9500.0
ORD007947,2025-01-06,CUST0122,P004,1,0.15,UPI,Completed,1500,950,1500,1275.0,950,325.0
ORD007948,2025-07-14,CUST0017,P015,2,0.05,UPI,Completed,2200,1400,4400,4180.0,2800,1380.0
ORD007949,2026-06-09,CUST1220,P003,4,0.2,UPI,Completed,3000,2100,12000,9600.0,8400,1200.0
ORD007950,2025-03-04,CUST0327,P006,2,0.0,Credit Card,Completed,35000,28500,70000,70000.0,57000,13000.0
ORD007951,2025-01-13,CUST0318,P002,3,0.0,UPI,Completed,18000,13500,54000,54000.0,40500,13500.0
ORD007952,2025-07-24,CUST0809,P008,2,0.1,UPI,Completed,16000,12500,32000,28800.0,25000,3800.0
ORD007953,2025-02-09,CUST1503,P001,4,0.1,Debit Card,Completed,65000,52000,260000,234000.0,208000,26000.0
ORD007954,2025-06-14,CUST1276,P012,1,0.1,Cash,Completed,9000,6500,9000,8100.0,6500,1600.0
ORD007955,2025-01-31,CUST0503,P009,3,0.15,UPI,Completed,12000,8500,36000,30600.0,25500,5100.0
ORD007956,2026-06-13,CUST0119,P008,4,0.1,Credit Card,Completed,16000,12500,64000,57600.0,50000,7600.0
ORD007957,2026-02-02,CUST1698,P001,1,0.1,Cash,Completed,65000,52000,65000,58500.0,52000,6500.0
ORD007958,2026-04-04,CUST0710,P010,1,0.05,Net Banking,Completed,22000,16000,22000,20900.0,16000,4900.0
ORD007959,2025-08-11,CUST1522,P012,4,0.05,Credit Card,Completed,9000,6500,36000,34200.0,26000,8200.0
ORD007960,2026-09-26,CUST1510,P015,2,0.05,UPI,Completed,2200,1400,4400,4180.0,2800,1380.0
ORD007961,2025-03-19,CUST0045,P009,1,0.1,UPI,Completed,12000,8500,12000,10800.0,8500,2300.0
ORD007962,2026-08-23,CUST0314,P002,3,0.05,UPI,Completed,18000,13500,54000,51300.0,40500,10800.0
ORD007963,2026-09-17,CUST1203,P003,1,0.0,Credit Card,Completed,3000,2100,3000,3000.0,2100,900.0
ORD007964,2026-09-04,CUST0418,P002,1,0.0,UPI,Completed,18000,13500,18000,18000.0,13500,4500.0
ORD007965,2026-03-04,CUST0556,P013,2,0.15,Debit Card,Completed,6000,4200,12000,10200.0,8400,1800.0
ORD007966,2026-03-01,CUST1102,P014,2,0.0,UPI,Completed,2500,1600,5000,5000.0,3200,1800.0
ORD007967,2026-01-22,CUST0326,P008,3,0.0,Debit Card,Completed,16000,12500,48000,48000.0,37500,10500.0
ORD007968,2025-08-27,CUST1714,P002,1,0.05,UPI,Completed,18000,13500,18000,17100.0,13500,3600.0
ORD007969,2026-09-15,CUST1381,P010,3,0.0,Credit Card,Completed,22000,16000,66000,66000.0,48000,18000.0
ORD007970,2025-03-31,CUST1440,P002,1,0.05,Debit Card,Completed,18000,13500,18000,17100.0,13500,3600.0
ORD007971,2026-01-20,CUST0515,P015,2,0.0,Debit Card,Completed,2200,1400,4400,4400.0,2800,1600.0
ORD007972,2025-05-19,CUST0214,P001,1,0.0,UPI,Completed,65000,52000,65000,65000.0,52000,13000.0
ORD007973,2026-06-08,CUST0074,P007,1,0.1,UPI,Completed,28000,22000,28000,25200.0,22000,3200.0
ORD007974,2025-09-01,CUST1587,P012,3,0.1,UPI,Completed,9000,6500,27000,24300.0,19500,4800.0
ORD007975,2026-05-20,CUST1603,P002,1,0.0,Credit Card,Completed,18000,13500,18000,18000.0,13500,4500.0
ORD007976,2026-02-26,CUST0509,P010,3,0.1,UPI,Completed,22000,16000,66000,59400.0,48000,11400.0
ORD007977,2025-07-01,CUST0332,P005,1,0.1,Credit Card,Completed,4500,3000,4500,4050.0,3000,1050.0
ORD007978,2025-07-14,CUST1117,P005,1,0.1,UPI,Returned,4500,3000,4500,4050.0,3000,1050.0
ORD007979,2026-09-26,CUST0688,P003,1,0.05,UPI,Completed,3000,2100,3000,2850.0,2100,750.0
ORD007980,2025-02-22,CUST0657,P003,2,0.0,Debit Card,Completed,3000,2100,6000,6000.0,4200,1800.0
ORD007981,2025-06-28,CUST1543,P013,1,0.1,Credit Card,Cancelled,6000,4200,6000,5400.0,4200,1200.0
ORD007982,2025-10-20,CUST1293,P012,2,0.05,UPI,Returned,9000,6500,18000,17100.0,13000,4100.0
ORD007983,2026-01-10,CUST1400,P003,2,0.0,Debit Card,Completed,3000,2100,6000,6000.0,4200,1800.0
ORD007984,2025-02-28,CUST1028,P006,1,0.05,Debit Card,Completed,35000,28500,35000,33250.0,28500,4750.0
ORD007985,2025-02-23,CUST1162,P014,1,0.1,UPI,Completed,2500,1600,2500,2250.0,1600,650.0
ORD007986,2025-09-02,CUST1255,P004,1,0.05,UPI,Completed,1500,950,1500,1425.0,950,475.0
ORD007987,2025-05-29,CUST0600,P013,4,0.0,Debit Card,Completed,6000,4200,24000,24000.0,16800,7200.0
ORD007988,2026-01-03,CUST1553,P003,1,0.1,Cash,Cancelled,3000,2100,3000,2700.0,2100,600.0
ORD007989,2025-01-16,CUST1076,P002,1,0.15,UPI,Completed,18000,13500,18000,15300.0,13500,1800.0
ORD007990,2025-06-25,CUST1670,P013,1,0.05,Debit Card,Completed,6000,4200,6000,5700.0,4200,1500.0
ORD007991,2026-06-24,CUST1747,P003,2,0.05,Net Banking,Completed,3000,2100,6000,5700.0,4200,1500.0
ORD007992,2026-02-10,CUST0325,P004,2,0.1,Credit Card,Completed,1500,950,3000,2700.0,1900,800.0
ORD007993,2026-04-12,CUST0992,P006,4,0.0,UPI,Completed,35000,28500,140000,140000.0,114000,26000.0
ORD007994,2025-05-09,CUST1755,P004,3,0.1,Debit Card,Completed,1500,950,4500,4050.0,2850,1200.0
ORD007995,2025-08-11,CUST0717,P008,1,0.1,UPI,Completed,16000,12500,16000,14400.0,12500,1900.0
ORD007996,2025-09-01,CUST0723,P003,1,0.05,Credit Card,Completed,3000,2100,3000,2850.0,2100,750.0
ORD007997,2026-03-02,CUST0277,P012,2,0.0,UPI,Completed,9000,6500,18000,18000.0,13000,5000.0
ORD007998,2025-12-20,CUST0536,P003,4,0.0,UPI,Completed,3000,2100,12000,12000.0,8400,3600.0
ORD007999,2025-11-22,CUST1510,P003,1,0.1,UPI,Cancelled,3000,2100,3000,2700.0,2100,600.0
ORD008000,2026-08-27,CUST1540,P008,1,0.0,Debit Card,Completed,16000,12500,16000,16000.0,12500,3500.0
ORD008001,2025-01-03,CUST0152,P004,3,0.05,Cash,Completed,1500,950,4500,4275.0,2850,1425.0
ORD008002,2026-04-24,CUST0955,P001,1,0.05,Credit Card,Completed,65000,52000,65000,61750.0,52000,9750.0
ORD008003,2025-03-22,CUST1507,P002,2,0.0,UPI,Cancelled,18000,13500,36000,36000.0,27000,9000.0
ORD008004,2025-02-13,CUST0259,P013,4,0.05,Debit Card,Completed,6000,4200,24000,22800.0,16800,6000.0
ORD008005,2025-06-04,CUST0324,P014,3,0.05,Credit Card,Completed,2500,1600,7500,7125.0,4800,2325.0
ORD008006,2026-06-20,CUST1017,P010,1,0.1,Debit Card,Completed,22000,16000,22000,19800.0,16000,3800.0
ORD008007,2025-04-09,CUST0869,P013,1,0.0,Debit Card,Completed,6000,4200,6000,6000.0,4200,1800.0
ORD008008,2026-02-01,CUST1192,P013,1,0.0,Net Banking,Completed,6000,4200,6000,6000.0,4200,1800.0
ORD008009,2025-06-20,CUST0688,P014,4,0.1,UPI,Completed,2500,1600,10000,9000.0,6400,2600.0
ORD008010,2025-05-28,CUST0310,P002,5,0.1,UPI,Completed,18000,13500,90000,81000.0,67500,13500.0
ORD008011,2025-05-03,CUST0803,P014,3,0.1,UPI,Completed,2500,1600,7500,6750.0,4800,1950.0
ORD008012,2025-04-22,CUST1503,P003,2,0.0,Credit Card,Completed,3000,2100,6000,6000.0,4200,1800.0
ORD008013,2025-05-10,CUST1080,P006,1,0.0,Net Banking,Returned,35000,28500,35000,35000.0,28500,6500.0
ORD008014,2025-03-09,CUST0620,P008,2,0.05,Net Banking,Returned,16000,12500,32000,30400.0,25000,5400.0
ORD008015,2026-08-31,CUST0473,P012,1,0.15,Net Banking,Returned,9000,6500,9000,7650.0,6500,1150.0
ORD008016,2026-06-29,CUST1320,P001,2,0.15,UPI,Completed,65000,52000,130000,110500.0,104000,6500.0
ORD008017,2025-10-13,CUST0461,P009,2,0.1,Debit Card,Completed,12000,8500,24000,21600.0,17000,4600.0
ORD008018,2025-01-05,CUST1348,P001,2,0.0,Credit Card,Completed,65000,52000,130000,130000.0,104000,26000.0
ORD008019,2025-04-28,CUST0814,P010,4,0.1,Net Banking,Completed,22000,16000,88000,79200.0,64000,15200.0
ORD008020,2025-08-18,CUST0846,P002,1,0.15,UPI,Completed,18000,13500,18000,15300.0,13500,1800.0
ORD008021,2025-06-09,CUST1165,P003,2,0.0,UPI,Completed,3000,2100,6000,6000.0,4200,1800.0
ORD008022,2025-10-21,CUST0667,P007,1,0.05,Net Banking,Completed,28000,22000,28000,26600.0,22000,4600.0
ORD008023,2025-07-05,CUST0262,P009,2,0.05,Debit Card,Completed,12000,8500,24000,22800.0,17000,5800.0
ORD008024,2026-07-06,CUST1444,P003,2,0.0,Net Banking,Completed,3000,2100,6000,6000.0,4200,1800.0
ORD008025,2025-08-12,CUST1768,P008,1,0.05,UPI,Completed,16000,12500,16000,15200.0,12500,2700.0
ORD008026,2025-06-01,CUST1265,P015,1,0.15,Net Banking,Completed,2200,1400,2200,1870.0,1400,470.0
ORD008027,2025-05-20,CUST0355,P009,1,0.15,Debit Card,Completed,12000,8500,12000,10200.0,8500,1700.0
ORD008028,2026-01-02,CUST0770,P010,1,0.15,Debit Card,Completed,22000,16000,22000,18700.0,16000,2700.0
ORD008029,2025-05-08,CUST1785,P007,2,0.05,Credit Card,Completed,28000,22000,56000,53200.0,44000,9200.0
ORD008030,2025-12-17,CUST1613,P004,1,0.05,Debit Card,Completed,1500,950,1500,1425.0,950,475.0
ORD008031,2025-05-27,CUST0180,P004,1,,Credit Card,Completed,1500,950,1500,1350.0,950,400.0
ORD008032,2025-10-12,CUST0066,P004,1,0.05,UPI,Completed,1500,950,1500,1425.0,950,475.0
ORD008033,2026-04-14,CUST0820,P006,2,0.0,Credit Card,Completed,35000,28500,70000,70000.0,57000,13000.0
ORD008034,2025-08-06,CUST1372,P004,2,0.1,Debit Card,Completed,1500,950,3000,2700.0,1900,800.0
ORD008035,2026-03-12,CUST0171,P005,1,0.0,UPI,Completed,4500,3000,4500,4500.0,3000,1500.0
ORD008036,2025-05-25,CUST0474,P009,2,0.0,UPI,Completed,12000,8500,24000,24000.0,17000,7000.0
ORD008037,2025-10-04,CUST0534,P012,3,0.0,Debit Card,Completed,9000,6500,27000,27000.0,19500,7500.0
ORD008038,2025-03-01,CUST1391,P007,1,0.15,UPI,Completed,28000,22000,28000,23800.0,22000,1800.0
ORD008039,2026-09-02,CUST1131,P008,2,0.0,UPI,Completed,16000,12500,32000,32000.0,25000,7000.0
ORD008040,2026-01-10,CUST0439,P005,1,0.05,Net Banking,Completed,4500,3000,4500,4275.0,3000,1275.0
ORD008041,2026-02-08,CUST0835,P005,1,0.2,UPI,Completed,4500,3000,4500,3600.0,3000,600.0
ORD008042,2025-04-24,CUST0227,P013,2,0.05,UPI,Completed,6000,4200,12000,11400.0,8400,3000.0
ORD008043,2026-05-10,CUST1468,P011,1,0.0,Credit Card,Completed,4000,2600,4000,4000.0,2600,1400.0
ORD008044,2026-09-07,CUST0442,P007,3,0.05,Credit Card,Completed,28000,22000,84000,79800.0,66000,13800.0
ORD008045,2025-12-02,CUST0396,P011,1,0.0,Credit Card,Completed,4000,2600,4000,4000.0,2600,1400.0
ORD008046,2026-07-23,CUST0728,P013,1,0.0,Net Banking,Completed,6000,4200,6000,6000.0,4200,1800.0
ORD008047,2025-10-12,CUST1605,P014,2,0.15,Debit Card,Completed,2500,1600,5000,4250.0,3200,1050.0
ORD008048,2025-05-09,CUST0084,P012,2,0.0,Credit Card,Completed,9000,6500,18000,18000.0,13000,5000.0
ORD008049,2025-11-11,CUST1639,P008,2,0.1,Credit Card,Completed,16000,12500,32000,28800.0,25000,3800.0
ORD008050,2026-08-21,CUST1575,P009,1,0.05,Credit Card,Completed,12000,8500,12000,11400.0,8500,2900.0
ORD008051,2025-03-12,CUST1037,P015,3,0.0,UPI,Completed,2200,1400,6600,6600.0,4200,2400.0
ORD008052,2025-12-11,CUST0693,P014,4,0.05,Net Banking,Completed,2500,1600,10000,9500.0,6400,3100.0
ORD008053,2025-04-08,CUST0493,P002,2,0.0,UPI,Completed,18000,13500,36000,36000.0,27000,9000.0
ORD008054,2025-10-27,CUST1292,P003,3,0.0,Debit Card,Completed,3000,2100,9000,9000.0,6300,2700.0
ORD008055,2025-06-25,CUST1549,P012,2,0.05,Debit Card,Completed,9000,6500,18000,17100.0,13000,4100.0
ORD008056,2025-03-16,CUST1144,P012,1,0.0,Net Banking,Completed,9000,6500,9000,9000.0,6500,2500.0
ORD008057,2025-05-23,CUST0970,P002,1,0.1,UPI,Completed,18000,13500,18000,16200.0,13500,2700.0
ORD008058,2025-01-23,CUST0353,P010,1,0.0,Credit Card,Completed,22000,16000,22000,22000.0,16000,6000.0
ORD008059,2025-06-30,CUST1081,P007,5,0.05,UPI,Completed,28000,22000,140000,133000.0,110000,23000.0
ORD008060,2025-02-14,CUST0040,P012,1,0.1,Net Banking,Completed,9000,6500,9000,8100.0,6500,1600.0
ORD008061,2026-04-14,CUST1360,P002,2,0.05,Credit Card,Returned,18000,13500,36000,34200.0,27000,7200.0
ORD008062,2025-04-02,CUST0640,P012,1,0.15,UPI,Completed,9000,6500,9000,7650.0,6500,1150.0
ORD008063,2025-09-26,CUST0173,P014,2,0.1,Debit Card,Completed,2500,1600,5000,4500.0,3200,1300.0
ORD008064,2025-02-03,CUST1571,P015,1,0.2,UPI,Cancelled,2200,1400,2200,1760.0,1400,360.0
ORD008065,2026-08-05,CUST0259,P002,3,0.0,UPI,Completed,18000,13500,54000,54000.0,40500,13500.0
ORD008066,2025-12-30,CUST0517,P014,1,0.15,Credit Card,Completed,2500,1600,2500,2125.0,1600,525.0
ORD008067,2025-05-13,CUST0730,P014,3,0.1,UPI,Completed,2500,1600,7500,6750.0,4800,1950.0
ORD008068,2026-01-17,CUST0523,P002,3,0.1,Cash,Completed,18000,13500,54000,48600.0,40500,8100.0
ORD008069,2025-10-04,CUST0839,P015,2,0.15,Credit Card,Completed,2200,1400,4400,3740.0,2800,940.0
ORD008070,2025-06-05,CUST0117,P012,1,0.05,Credit Card,Completed,9000,6500,9000,8550.0,6500,2050.0
ORD008071,2026-01-22,CUST0184,P013,1,0.15,Net Banking,Completed,6000,4200,6000,5100.0,4200,900.0
ORD008072,2026-06-19,CUST1140,P004,3,0.05,Credit Card,Cancelled,1500,950,4500,4275.0,2850,1425.0
ORD008073,2025-07-19,CUST0162,P001,1,0.05,Credit Card,Completed,65000,52000,65000,61750.0,52000,9750.0
ORD008074,2025-10-02,CUST1603,P002,1,0.05,UPI,Completed,18000,13500,18000,17100.0,13500,3600.0
ORD008075,2026-05-16,CUST1736,P003,2,0.0,Net Banking,Completed,3000,2100,6000,6000.0,4200,1800.0
ORD008076,2026-04-04,CUST0543,P007,1,0.05,Net Banking,Completed,28000,22000,28000,26600.0,22000,4600.0
ORD008077,2025-02-19,CUST1611,P010,1,0.2,UPI,Cancelled,22000,16000,22000,17600.0,16000,1600.0
ORD008078,2026-06-16,CUST1261,P001,2,0.1,UPI,Completed,65000,52000,130000,117000.0,104000,13000.0
ORD008079,2026-09-20,CUST0839,P006,1,0.1,Net Banking,Completed,35000,28500,35000,31500.0,28500,3000.0
ORD008080,2025-04-02,CUST1090,P003,1,0.1,Credit Card,Completed,3000,2100,3000,2700.0,2100,600.0
ORD008081,2026-04-01,CUST1094,P003,2,0.0,Credit Card,Completed,3000,2100,6000,6000.0,4200,1800.0
ORD008082,2025-12-05,CUST0447,P004,1,0.0,Debit Card,Completed,1500,950,1500,1500.0,950,550.0
ORD008083,2025-02-22,CUST0416,P013,2,0.0,Debit Card,Completed,6000,4200,12000,12000.0,8400,3600.0
ORD008084,2026-05-11,CUST0532,P004,1,0.0,Net Banking,Completed,1500,950,1500,1500.0,950,550.0
ORD008085,2026-09-27,CUST0441,P007,2,0.1,Net Banking,Completed,28000,22000,56000,50400.0,44000,6400.0
ORD008086,2025-01-04,CUST0738,P003,1,0.1,Net Banking,Completed,3000,2100,3000,2700.0,2100,600.0
ORD008087,2025-10-08,CUST0464,P008,1,0.0,Net Banking,Completed,16000,12500,16000,16000.0,12500,3500.0
ORD008088,2025-10-17,CUST0396,P008,1,0.0,UPI,Completed,16000,12500,16000,16000.0,12500,3500.0
ORD008089,2025-03-14,CUST0711,P011,1,0.0,UPI,Completed,4000,2600,4000,4000.0,2600,1400.0
ORD008090,2025-05-17,CUST1575,P013,3,0.0,Net Banking,Completed,6000,4200,18000,18000.0,12600,5400.0
ORD008091,2026-01-28,CUST1681,P007,1,0.05,UPI,Completed,28000,22000,28000,26600.0,22000,4600.0
ORD008092,2025-07-27,CUST1581,P002,2,0.0,Net Banking,Completed,18000,13500,36000,36000.0,27000,9000.0
ORD008093,2025-09-17,CUST0395,P005,4,0.0,Net Banking,Completed,4500,3000,18000,18000.0,12000,6000.0
ORD008094,2025-09-20,CUST0326,P006,2,0.15,Credit Card,Completed,35000,28500,70000,59500.0,57000,2500.0
ORD008095,2026-05-20,CUST1115,P012,1,0.0,Credit Card,Completed,9000,6500,9000,9000.0,6500,2500.0
ORD008096,2026-07-04,CUST0750,P010,1,0.1,UPI,Completed,22000,16000,22000,19800.0,16000,3800.0
ORD008097,2025-07-22,CUST1094,P004,4,0.1,UPI,Completed,1500,950,6000,5400.0,3800,1600.0
ORD008098,2025-12-13,CUST1190,P013,2,0.0,Debit Card,Completed,6000,4200,12000,12000.0,8400,3600.0
ORD008099,2025-02-21,CUST0642,P010,2,0.1,UPI,Completed,22000,16000,44000,39600.0,32000,7600.0
ORD008100,2026-08-16,CUST0214,P005,1,0.05,Net Banking,Completed,4500,3000,4500,4275.0,3000,1275.0
ORD008101,2025-12-22,CUST1625,P014,3,0.0,UPI,Completed,2500,1600,7500,7500.0,4800,2700.0
ORD008102,2026-06-03,CUST1359,P009,2,0.0,Net Banking,Completed,12000,8500,24000,24000.0,17000,7000.0
ORD008103,2025-12-29,CUST1788,P011,1,0.1,UPI,Completed,4000,2600,4000,3600.0,2600,1000.0
ORD008104,2025-02-14,CUST0369,P007,2,0.05,Credit Card,Completed,28000,22000,56000,53200.0,44000,9200.0
ORD008105,2026-01-13,CUST1608,P002,1,0.05,UPI,Completed,18000,13500,18000,17100.0,13500,3600.0
ORD008106,2026-02-16,CUST1701,P011,1,0.0,UPI,Completed,4000,2600,4000,4000.0,2600,1400.0
ORD008107,2025-05-22,CUST0049,P001,3,0.0,Debit Card,Completed,65000,52000,195000,195000.0,156000,39000.0
ORD008108,2025-09-15,CUST1076,P002,1,0.1,Net Banking,Completed,18000,13500,18000,16200.0,13500,2700.0
ORD008109,2025-02-06,CUST1313,P003,2,0.1,UPI,Completed,3000,2100,6000,5400.0,4200,1200.0
ORD008110,2025-02-14,CUST1650,P011,1,0.05,UPI,Completed,4000,2600,4000,3800.0,2600,1200.0
ORD008111,2026-09-24,CUST1263,P002,1,0.0,Debit Card,Completed,18000,13500,18000,18000.0,13500,4500.0
ORD008112,2025-02-15,CUST0133,P011,1,0.15,Net Banking,Completed,4000,2600,4000,3400.0,2600,800.0
ORD008113,2026-07-19,CUST0999,P003,5,0.1,UPI,Completed,3000,2100,15000,13500.0,10500,3000.0
ORD008114,2025-10-28,CUST0786,P010,1,0.1,UPI,Completed,22000,16000,22000,19800.0,16000,3800.0
ORD008115,2025-10-15,CUST1190,P015,1,0.0,UPI,Completed,2200,1400,2200,2200.0,1400,800.0
ORD008116,2025-09-26,CUST1398,P011,2,0.05,UPI,Completed,4000,2600,8000,7600.0,5200,2400.0
ORD008117,2025-03-03,CUST0373,P011,1,0.15,UPI,Completed,4000,2600,4000,3400.0,2600,800.0
ORD008118,2026-07-20,CUST1502,P015,1,0.0,Credit Card,Completed,2200,1400,2200,2200.0,1400,800.0
ORD008119,2026-08-04,CUST1779,P012,1,0.1,Credit Card,Completed,9000,6500,9000,8100.0,6500,1600.0
ORD008120,2025-08-30,CUST0479,P014,1,0.1,Credit Card,Completed,2500,1600,2500,2250.0,1600,650.0
ORD008121,2025-12-20,CUST0832,P012,1,0.0,UPI,Completed,9000,6500,9000,9000.0,6500,2500.0
ORD008122,2025-03-12,CUST0650,P009,1,0.1,Credit Card,Completed,12000,8500,12000,10800.0,8500,2300.0
ORD008123,2026-02-17,CUST1615,P004,1,0.0,UPI,Completed,1500,950,1500,1500.0,950,550.0
ORD008124,2026-09-04,CUST0682,P012,3,0.1,UPI,Completed,9000,6500,27000,24300.0,19500,4800.0
ORD008125,2025-03-02,CUST1659,P009,1,0.2,Credit Card,Completed,12000,8500,12000,9600.0,8500,1100.0
ORD008126,2026-09-07,CUST0688,P011,4,0.2,UPI,Cancelled,4000,2600,16000,12800.0,10400,2400.0
ORD008127,2026-03-28,CUST1324,P003,2,0.1,Net Banking,Completed,3000,2100,6000,5400.0,4200,1200.0
ORD008128,2026-01-28,CUST0082,P012,1,0.05,UPI,Completed,9000,6500,9000,8550.0,6500,2050.0
ORD008129,2026-09-23,CUST0087,P001,4,0.1,Debit Card,Completed,65000,52000,260000,234000.0,208000,26000.0
ORD008130,2026-06-13,CUST0225,P011,1,0.1,Credit Card,Completed,4000,2600,4000,3600.0,2600,1000.0
ORD008131,2025-11-01,CUST0016,P005,1,0.0,Credit Card,Completed,4500,3000,4500,4500.0,3000,1500.0
ORD008132,2025-07-10,CUST0822,P010,1,0.0,Debit Card,Completed,22000,16000,22000,22000.0,16000,6000.0
ORD008133,2025-03-19,CUST1382,P010,2,0.05,UPI,Completed,22000,16000,44000,41800.0,32000,9800.0
ORD008134,2026-07-12,CUST0163,P014,2,0.0,UPI,Completed,2500,1600,5000,5000.0,3200,1800.0
ORD008135,2026-08-28,CUST1634,P002,1,0.15,UPI,Completed,18000,13500,18000,15300.0,13500,1800.0
ORD008136,2026-06-09,CUST1692,P004,1,0.05,Credit Card,Completed,1500,950,1500,1425.0,950,475.0
ORD008137,2025-10-28,CUST0514,P002,2,0.0,Credit Card,Completed,18000,13500,36000,36000.0,27000,9000.0
ORD008138,2025-01-17,CUST0350,P002,1,0.05,Debit Card,Completed,18000,13500,18000,17100.0,13500,3600.0
ORD008139,2026-07-28,CUST0681,P013,1,0.15,UPI,Completed,6000,4200,6000,5100.0,4200,900.0
ORD008140,2026-03-10,CUST1488,P003,2,0.15,Cash,Completed,3000,2100,6000,5100.0,4200,900.0
ORD008141,2025-02-12,CUST1399,P005,3,0.0,UPI,Completed,4500,3000,13500,13500.0,9000,4500.0
ORD008142,2025-03-09,CUST1116,P004,1,0.1,UPI,Completed,1500,950,1500,1350.0,950,400.0
ORD008143,2026-01-15,CUST0181,P002,1,0.05,Net Banking,Completed,18000,13500,18000,17100.0,13500,3600.0
ORD008144,2025-07-31,CUST0743,P015,3,0.05,UPI,Completed,2200,1400,6600,6270.0,4200,2070.0
ORD008145,2025-07-22,CUST1325,P011,1,0.1,Cash,Completed,4000,2600,4000,3600.0,2600,1000.0
ORD008146,2025-04-19,CUST0660,P014,2,0.0,UPI,Completed,2500,1600,5000,5000.0,3200,1800.0
ORD008147,2025-10-11,CUST1213,P014,4,0.05,UPI,Completed,2500,1600,10000,9500.0,6400,3100.0
ORD008148,2026-08-29,CUST1338,P010,3,0.0,UPI,Completed,22000,16000,66000,66000.0,48000,18000.0
ORD008149,2025-08-13,CUST0493,P002,1,0.0,Credit Card,Completed,18000,13500,18000,18000.0,13500,4500.0
ORD008150,2025-04-28,CUST0923,P014,1,0.0,Credit Card,Completed,2500,1600,2500,2500.0,1600,900.0
ORD008151,2026-08-26,CUST0128,P006,1,0.0,UPI,Completed,35000,28500,35000,35000.0,28500,6500.0
ORD008152,2025-12-06,CUST1543,P007,4,0.1,UPI,Completed,28000,22000,112000,100800.0,88000,12800.0
ORD008153,2025-10-08,CUST1450,P012,5,0.0,UPI,Completed,9000,6500,45000,45000.0,32500,12500.0
ORD008154,2026-05-06,CUST1583,P010,1,0.05,UPI,Completed,22000,16000,22000,20900.0,16000,4900.0
ORD008155,2025-01-19,CUST0565,P006,2,0.05,Net Banking,Completed,35000,28500,70000,66500.0,57000,9500.0
ORD008156,2025-06-24,CUST1211,P007,3,0.15,Credit Card,Completed,28000,22000,84000,71400.0,66000,5400.0
ORD008157,2026-04-14,CUST0550,P001,1,0.1,Debit Card,Completed,65000,52000,65000,58500.0,52000,6500.0
ORD008158,2026-09-10,CUST0453,P006,1,0.2,UPI,Completed,35000,28500,35000,28000.0,28500,-500.0
ORD008159,2025-05-22,CUST0471,P011,1,0.0,UPI,Completed,4000,2600,4000,4000.0,2600,1400.0
ORD008160,2026-04-08,CUST0988,P003,1,0.1,Credit Card,Cancelled,3000,2100,3000,2700.0,2100,600.0
ORD008161,2025-10-25,CUST0738,P001,3,0.0,Net Banking,Completed,65000,52000,195000,195000.0,156000,39000.0
ORD008162,2026-04-15,CUST1589,P008,4,0.1,Net Banking,Completed,16000,12500,64000,57600.0,50000,7600.0
ORD008163,2026-01-08,CUST0224,P004,1,0.05,Credit Card,Completed,1500,950,1500,1425.0,950,475.0
ORD008164,2026-04-13,CUST0154,P010,1,0.1,UPI,Completed,22000,16000,22000,19800.0,16000,3800.0
ORD008165,2026-03-14,CUST0560,P008,1,0.0,UPI,Completed,16000,12500,16000,16000.0,12500,3500.0
ORD008166,2026-03-19,CUST0351,P010,3,0.0,Debit Card,Completed,22000,16000,66000,66000.0,48000,18000.0
ORD008167,2026-04-01,CUST1171,P014,2,0.1,UPI,Completed,2500,1600,5000,4500.0,3200,1300.0
ORD008168,2025-09-05,CUST1600,P011,2,0.15,Net Banking,Completed,4000,2600,8000,6800.0,5200,1600.0
ORD008169,2025-05-22,CUST0349,P004,2,0.0,Debit Card,Completed,1500,950,3000,3000.0,1900,1100.0
ORD008170,2026-02-06,CUST0182,P004,1,0.15,Net Banking,Completed,1500,950,1500,1275.0,950,325.0
ORD008171,2025-08-10,CUST0637,P012,1,0.0,Credit Card,Returned,9000,6500,9000,9000.0,6500,2500.0
ORD008172,2025-07-03,CUST1018,P014,5,0.1,Debit Card,Completed,2500,1600,12500,11250.0,8000,3250.0
ORD008173,2025-12-30,CUST0179,P010,1,0.2,UPI,Completed,22000,16000,22000,17600.0,16000,1600.0
ORD008174,2025-07-07,CUST1063,P004,2,0.0,Credit Card,Completed,1500,950,3000,3000.0,1900,1100.0
ORD008175,2025-04-23,CUST0772,P006,1,0.05,UPI,Completed,35000,28500,35000,33250.0,28500,4750.0
ORD008176,2025-06-30,CUST0894,P014,2,0.0,Debit Card,Completed,2500,1600,5000,5000.0,3200,1800.0
ORD008177,2025-07-18,CUST1027,P009,2,0.05,Credit Card,Completed,12000,8500,24000,22800.0,17000,5800.0
ORD008178,2025-03-11,CUST1016,P005,2,0.1,Debit Card,Completed,4500,3000,9000,8100.0,6000,2100.0
ORD008179,2026-08-21,CUST0064,P012,3,0.1,Debit Card,Cancelled,9000,6500,27000,24300.0,19500,4800.0
ORD008180,2026-04-30,CUST0029,P013,1,0.2,Debit Card,Completed,6000,4200,6000,4800.0,4200,600.0
ORD008181,2026-02-03,CUST0372,P010,2,0.0,UPI,Completed,22000,16000,44000,44000.0,32000,12000.0
ORD008182,2026-07-05,CUST1547,P014,1,0.05,Net Banking,Completed,2500,1600,2500,2375.0,1600,775.0
ORD008183,2025-01-10,CUST0097,P015,3,0.05,UPI,Completed,2200,1400,6600,6270.0,4200,2070.0
ORD008184,2025-01-03,CUST1466,P008,1,0.15,Net Banking,Completed,16000,12500,16000,13600.0,12500,1100.0
ORD008185,2026-04-23,CUST1227,P008,3,0.0,Credit Card,Completed,16000,12500,48000,48000.0,37500,10500.0
ORD008186,2025-03-08,CUST1435,P004,1,0.2,Net Banking,Completed,1500,950,1500,1200.0,950,250.0
ORD008187,2025-04-07,CUST0993,P015,1,0.05,Credit Card,Completed,2200,1400,2200,2090.0,1400,690.0
ORD008188,2026-06-15,CUST0021,P011,1,0.1,Debit Card,Completed,4000,2600,4000,3600.0,2600,1000.0
ORD008189,2025-11-14,CUST1575,P010,5,0.05,Credit Card,Completed,22000,16000,110000,104500.0,80000,24500.0
ORD008190,2025-04-08,CUST0735,P009,1,0.15,Debit Card,Completed,12000,8500,12000,10200.0,8500,1700.0
ORD008191,2025-02-26,CUST1126,P009,1,0.05,UPI,Completed,12000,8500,12000,11400.0,8500,2900.0
ORD008192,2025-04-17,CUST1070,P005,1,0.1,Debit Card,Completed,4500,3000,4500,4050.0,3000,1050.0
ORD008193,2025-03-29,CUST0066,P006,1,0.1,UPI,Completed,35000,28500,35000,31500.0,28500,3000.0
ORD008194,2026-01-06,CUST0603,P005,1,0.05,Debit Card,Completed,4500,3000,4500,4275.0,3000,1275.0
ORD008195,2026-01-10,CUST1188,P003,2,0.0,UPI,Completed,3000,2100,6000,6000.0,4200,1800.0
ORD008196,2025-02-21,CUST1135,P011,1,0.1,UPI,Completed,4000,2600,4000,3600.0,2600,1000.0
ORD008197,2025-02-10,CUST0338,P008,2,0.0,Net Banking,Completed,16000,12500,32000,32000.0,25000,7000.0
ORD008198,2025-04-01,CUST0123,P009,1,0.1,Net Banking,Completed,12000,8500,12000,10800.0,8500,2300.0
ORD008199,2025-02-08,CUST1729,P015,1,0.1,Debit Card,Completed,2200,1400,2200,1980.0,1400,580.0
ORD008200,2025-01-13,CUST0447,P004,2,0.05,Net Banking,Completed,1500,950,3000,2850.0,1900,950.0
ORD008201,2026-08-31,CUST0611,P009,1,0.05,UPI,Completed,12000,8500,12000,11400.0,8500,2900.0
ORD008202,2026-09-13,CUST1315,P009,1,0.1,UPI,Completed,12000,8500,12000,10800.0,8500,2300.0
ORD008203,2025-04-14,CUST0671,P007,1,0.1,UPI,Completed,28000,22000,28000,25200.0,22000,3200.0
ORD008204,2025-02-12,CUST1436,P008,1,0.1,UPI,Completed,16000,12500,16000,14400.0,12500,1900.0
ORD008205,2025-07-28,CUST0615,P015,2,0.0,UPI,Completed,2200,1400,4400,4400.0,2800,1600.0
ORD008206,2026-08-23,CUST0897,P003,2,0.15,Debit Card,Completed,3000,2100,6000,5100.0,4200,900.0
ORD008207,2026-08-28,CUST0281,P015,2,0.05,UPI,Completed,2200,1400,4400,4180.0,2800,1380.0
ORD008208,2026-04-21,CUST1067,P005,1,0.15,UPI,Completed,4500,3000,4500,3825.0,3000,825.0
ORD008209,2026-09-30,CUST1510,P003,1,0.0,Credit Card,Completed,3000,2100,3000,3000.0,2100,900.0
ORD008210,2025-04-19,CUST0596,P007,1,0.0,UPI,Completed,28000,22000,28000,28000.0,22000,6000.0
ORD008211,2026-07-13,CUST0703,P006,2,0.05,Credit Card,Completed,35000,28500,70000,66500.0,57000,9500.0
ORD008212,2025-08-02,CUST1075,P011,1,0.0,UPI,Returned,4000,2600,4000,4000.0,2600,1400.0
ORD008213,2026-08-27,CUST0210,P003,1,0.2,Cash,Completed,3000,2100,3000,2400.0,2100,300.0
ORD008214,2026-02-13,CUST0126,P009,3,0.0,UPI,Completed,12000,8500,36000,36000.0,25500,10500.0
ORD008215,2026-07-07,CUST0492,P012,1,0.0,Net Banking,Completed,9000,6500,9000,9000.0,6500,2500.0
ORD008216,2026-09-25,CUST1533,P001,5,0.0,Credit Card,Completed,65000,52000,325000,325000.0,260000,65000.0
ORD008217,2025-03-18,CUST0960,P010,1,0.0,UPI,Completed,22000,16000,22000,22000.0,16000,6000.0
ORD008218,2025-04-05,CUST0970,P003,3,0.05,UPI,Completed,3000,2100,9000,8550.0,6300,2250.0
ORD008219,2025-09-26,CUST0581,P015,1,0.05,Debit Card,Completed,2200,1400,2200,2090.0,1400,690.0
ORD008220,2025-12-27,CUST0777,P015,3,0.05,Cash,Completed,2200,1400,6600,6270.0,4200,2070.0
ORD008221,2026-06-14,CUST0258,P015,1,0.0,UPI,Completed,2200,1400,2200,2200.0,1400,800.0
ORD008222,2025-06-11,CUST1212,P011,1,0.0,UPI,Completed,4000,2600,4000,4000.0,2600,1400.0
ORD008223,2026-04-10,CUST0230,P015,1,0.0,Credit Card,Completed,2200,1400,2200,2200.0,1400,800.0
ORD008224,2026-07-18,CUST0189,P010,5,0.1,Credit Card,Completed,22000,16000,110000,99000.0,80000,19000.0
ORD008225,2026-07-02,CUST1439,P011,5,0.1,Net Banking,Completed,4000,2600,20000,18000.0,13000,5000.0
ORD008226,2025-07-06,CUST0010,P007,1,0.1,,Completed,28000,22000,28000,25200.0,22000,3200.0
ORD008227,2025-02-21,CUST1138,P003,2,0.2,UPI,Completed,3000,2100,6000,4800.0,4200,600.0
ORD008228,2026-05-03,CUST1100,P014,2,0.15,Net Banking,Completed,2500,1600,5000,4250.0,3200,1050.0
ORD008229,2026-06-15,CUST0676,P003,1,0.05,Credit Card,Completed,3000,2100,3000,2850.0,2100,750.0
ORD008230,2026-01-31,CUST0502,P002,1,0.05,Debit Card,Completed,18000,13500,18000,17100.0,13500,3600.0
ORD008231,2025-04-02,CUST0085,P009,5,0.15,Debit Card,Completed,12000,8500,60000,51000.0,42500,8500.0
ORD008232,2025-12-23,CUST0049,P011,1,0.1,UPI,Completed,4000,2600,4000,3600.0,2600,1000.0
ORD008233,2026-09-03,CUST1519,P004,1,0.0,UPI,Completed,1500,950,1500,1500.0,950,550.0
ORD008234,2025-05-24,CUST0838,P010,1,0.05,UPI,Completed,22000,16000,22000,20900.0,16000,4900.0
ORD008235,2025-07-18,CUST1008,P013,1,0.2,Cash,Completed,6000,4200,6000,4800.0,4200,600.0
ORD008236,2025-11-19,CUST0689,P006,2,0.1,Net Banking,Completed,35000,28500,70000,63000.0,57000,6000.0
ORD008237,2025-11-28,CUST0387,P002,1,0.0,UPI,Completed,18000,13500,18000,18000.0,13500,4500.0
ORD008238,2025-09-21,CUST0970,P009,1,0.2,Debit Card,Completed,12000,8500,12000,9600.0,8500,1100.0
ORD008239,2025-08-05,CUST1413,P015,1,0.2,Debit Card,Completed,2200,1400,2200,1760.0,1400,360.0
ORD008240,2026-07-10,CUST1006,P007,1,0.0,UPI,Completed,28000,22000,28000,28000.0,22000,6000.0
ORD008241,2026-03-10,CUST0218,P010,1,0.15,Credit Card,Completed,22000,16000,22000,18700.0,16000,2700.0
ORD008242,2026-04-05,CUST1725,P005,3,0.15,Debit Card,Completed,4500,3000,13500,11475.0,9000,2475.0
ORD008243,2026-05-18,CUST1005,P007,1,0.0,UPI,Completed,28000,22000,28000,28000.0,22000,6000.0
ORD008244,2026-04-14,CUST1370,P014,2,0.1,Net Banking,Completed,2500,1600,5000,4500.0,3200,1300.0
ORD008245,2026-01-01,CUST1254,P004,1,0.0,Debit Card,Completed,1500,950,1500,1500.0,950,550.0
ORD008246,2025-08-27,CUST0255,P013,1,0.1,UPI,Completed,6000,4200,6000,5400.0,4200,1200.0
ORD008247,2026-09-16,CUST0236,P010,1,0.15,Net Banking,Completed,22000,16000,22000,18700.0,16000,2700.0
ORD008248,2026-08-04,CUST1050,P013,2,0.05,UPI,Completed,6000,4200,12000,11400.0,8400,3000.0
ORD008249,2026-07-15,CUST1608,P015,3,0.05,Net Banking,Completed,2200,1400,6600,6270.0,4200,2070.0
ORD008250,2026-01-31,CUST1285,P007,1,0.15,UPI,Completed,28000,22000,28000,23800.0,22000,1800.0
ORD008251,2026-01-30,CUST1790,P002,1,0.2,Debit Card,Completed,18000,13500,18000,14400.0,13500,900.0
ORD008252,2026-09-19,CUST0271,P007,2,0.0,Net Banking,Completed,28000,22000,56000,56000.0,44000,12000.0
ORD008253,2025-03-16,CUST0123,P015,1,0.15,UPI,Completed,2200,1400,2200,1870.0,1400,470.0
ORD008254,2025-04-08,CUST0656,P004,2,0.0,Credit Card,Completed,1500,950,3000,3000.0,1900,1100.0
ORD008255,2026-01-18,CUST1281,P004,1,0.0,Credit Card,Completed,1500,950,1500,1500.0,950,550.0
ORD008256,2026-09-15,CUST1680,P001,2,0.1,Credit Card,Cancelled,65000,52000,130000,117000.0,104000,13000.0
ORD008257,2026-01-05,CUST1445,P012,2,0.1,UPI,Cancelled,9000,6500,18000,16200.0,13000,3200.0
ORD008258,2025-10-12,CUST0259,P003,1,0.1,Cash,Completed,3000,2100,3000,2700.0,2100,600.0
ORD008259,2025-09-13,CUST0948,P005,2,0.0,Debit Card,Completed,4500,3000,9000,9000.0,6000,3000.0
ORD008260,2025-11-05,CUST0047,P005,1,0.0,UPI,Completed,4500,3000,4500,4500.0,3000,1500.0
ORD008261,2026-09-21,CUST0863,P002,1,0.15,Debit Card,Completed,18000,13500,18000,15300.0,13500,1800.0
ORD008262,2025-06-25,CUST0525,P004,1,0.0,Credit Card,Completed,1500,950,1500,1500.0,950,550.0
ORD008263,2025-08-16,CUST0888,P001,2,0.0,Net Banking,Completed,65000,52000,130000,130000.0,104000,26000.0
ORD008264,2025-12-13,CUST0208,P015,1,0.1,UPI,Completed,2200,1400,2200,1980.0,1400,580.0
ORD008265,2026-09-10,CUST1335,P009,4,0.1,UPI,Completed,12000,8500,48000,43200.0,34000,9200.0
ORD008266,2025-12-08,CUST0747,P001,2,0.05,UPI,Completed,65000,52000,130000,123500.0,104000,19500.0
ORD008267,2025-08-27,CUST0149,P006,1,0.0,Cash,Cancelled,35000,28500,35000,35000.0,28500,6500.0
ORD008268,2026-09-04,CUST0438,P007,3,0.15,Credit Card,Completed,28000,22000,84000,71400.0,66000,5400.0
ORD008269,2025-12-16,CUST0155,P003,1,0.2,UPI,Completed,3000,2100,3000,2400.0,2100,300.0
ORD008270,2026-03-31,CUST1702,P012,2,0.0,Credit Card,Completed,9000,6500,18000,18000.0,13000,5000.0
ORD008271,2026-03-17,CUST1114,P015,1,0.05,UPI,Cancelled,2200,1400,2200,2090.0,1400,690.0
ORD008272,2026-08-11,CUST1722,P001,2,0.0,UPI,Completed,65000,52000,130000,130000.0,104000,26000.0
ORD008273,2026-05-30,CUST0358,P007,2,0.1,Debit Card,Completed,28000,22000,56000,50400.0,44000,6400.0
ORD008274,2025-03-22,CUST1198,P003,2,0.0,UPI,Completed,3000,2100,6000,6000.0,4200,1800.0
ORD008275,2025-12-27,CUST1241,P013,1,0.1,Credit Card,Completed,6000,4200,6000,5400.0,4200,1200.0
ORD008276,2025-10-15,CUST0456,P010,1,0.05,Credit Card,Completed,22000,16000,22000,20900.0,16000,4900.0
ORD008277,2025-01-08,CUST0776,P012,1,0.05,Credit Card,Completed,9000,6500,9000,8550.0,6500,2050.0
ORD008278,2025-03-28,CUST1633,P012,1,0.15,UPI,Completed,9000,6500,9000,7650.0,6500,1150.0
ORD008279,2025-10-13,CUST0629,P006,1,0.05,Credit Card,Cancelled,35000,28500,35000,33250.0,28500,4750.0
ORD008280,2026-02-03,CUST1223,P013,2,0.1,UPI,Completed,6000,4200,12000,10800.0,8400,2400.0
ORD008281,2025-03-15,CUST0832,P012,3,0.05,Credit Card,Completed,9000,6500,27000,25650.0,19500,6150.0
ORD008282,2026-03-15,CUST0486,P014,1,0.0,UPI,Completed,2500,1600,2500,2500.0,1600,900.0
ORD008283,2025-05-03,CUST0533,P006,1,0.05,Credit Card,Cancelled,35000,28500,35000,33250.0,28500,4750.0
ORD008284,2026-01-12,CUST0200,P014,3,0.05,Credit Card,Completed,2500,1600,7500,7125.0,4800,2325.0
ORD008285,2025-05-23,CUST0371,P012,3,0.05,Debit Card,Completed,9000,6500,27000,25650.0,19500,6150.0
ORD008286,2025-06-07,CUST1014,P004,1,0.1,Debit Card,Completed,1500,950,1500,1350.0,950,400.0
ORD008287,2026-03-06,CUST0853,P012,1,0.05,Credit Card,Completed,9000,6500,9000,8550.0,6500,2050.0
ORD008288,2026-03-24,CUST1472,P011,2,0.15,UPI,Completed,4000,2600,8000,6800.0,5200,1600.0
ORD008289,2026-02-14,CUST0248,P006,3,0.05,Credit Card,Completed,35000,28500,105000,99750.0,85500,14250.0
ORD008290,2026-01-06,CUST0788,P011,1,0.0,Cash,Completed,4000,2600,4000,4000.0,2600,1400.0
ORD008291,2025-04-19,CUST0264,P010,2,0.0,UPI,Completed,22000,16000,44000,44000.0,32000,12000.0
ORD008292,2025-02-05,CUST1082,P004,2,0.15,UPI,Completed,1500,950,3000,2550.0,1900,650.0
ORD008293,2025-03-31,CUST1326,P015,1,0.0,UPI,Completed,2200,1400,2200,2200.0,1400,800.0
ORD008294,2026-02-19,CUST0031,P013,2,0.0,Credit Card,Completed,6000,4200,12000,12000.0,8400,3600.0
ORD008295,2025-10-23,CUST1522,P008,1,0.0,UPI,Completed,16000,12500,16000,16000.0,12500,3500.0
ORD008296,2025-02-15,CUST1273,P009,2,0.05,Net Banking,Completed,12000,8500,24000,22800.0,17000,5800.0
ORD008297,2026-05-03,CUST0605,P002,2,0.05,Credit Card,Completed,18000,13500,36000,34200.0,27000,7200.0
ORD008298,2026-09-11,CUST1295,P007,1,0.0,UPI,Completed,28000,22000,28000,28000.0,22000,6000.0
ORD008299,2025-06-19,CUST1630,P009,2,0.05,Cash,Completed,12000,8500,24000,22800.0,17000,5800.0
ORD008300,2025-05-26,CUST1690,P009,2,0.05,UPI,Completed,12000,8500,24000,22800.0,17000,5800.0
ORD008301,2026-02-24,CUST1418,P012,5,0.1,UPI,Completed,9000,6500,45000,40500.0,32500,8000.0
ORD008302,2026-07-27,CUST0502,P005,1,0.1,UPI,Completed,4500,3000,4500,4050.0,3000,1050.0
ORD008303,2025-01-03,CUST1616,P001,1,0.1,UPI,Completed,65000,52000,65000,58500.0,52000,6500.0
ORD008304,2026-08-17,CUST1108,P006,5,0.05,Debit Card,Completed,35000,28500,175000,166250.0,142500,23750.0
ORD008305,2025-09-20,CUST1389,P015,2,0.0,UPI,Completed,2200,1400,4400,4400.0,2800,1600.0
ORD008306,2025-11-17,CUST0886,P008,4,0.1,Debit Card,Completed,16000,12500,64000,57600.0,50000,7600.0
ORD008307,2026-08-30,CUST0549,P001,1,0.0,Debit Card,Completed,65000,52000,65000,65000.0,52000,13000.0
ORD008308,2026-07-30,CUST1366,P002,1,0.05,UPI,Completed,18000,13500,18000,17100.0,13500,3600.0
ORD008309,2025-09-03,CUST0839,P013,1,0.15,Credit Card,Completed,6000,4200,6000,5100.0,4200,900.0
ORD008310,2026-08-12,CUST1431,P013,3,0.2,Credit Card,Completed,6000,4200,18000,14400.0,12600,1800.0
ORD008311,2026-04-22,CUST1449,P001,3,0.15,Net Banking,Completed,65000,52000,195000,165750.0,156000,9750.0
ORD008312,2025-09-16,CUST1768,P005,2,0.2,UPI,Completed,4500,3000,9000,7200.0,6000,1200.0
ORD008313,2025-04-03,CUST1117,P002,1,0.15,UPI,Completed,18000,13500,18000,15300.0,13500,1800.0
ORD008314,2026-06-17,CUST0848,P015,1,0.1,Net Banking,Completed,2200,1400,2200,1980.0,1400,580.0
ORD008315,2026-07-28,CUST0614,P010,2,0.0,UPI,Completed,22000,16000,44000,44000.0,32000,12000.0
ORD008316,2025-12-05,CUST0412,P010,2,0.2,UPI,Completed,22000,16000,44000,35200.0,32000,3200.0
ORD008317,2025-09-17,CUST0432,P014,2,0.15,Credit Card,Completed,2500,1600,5000,4250.0,3200,1050.0
ORD008318,2025-08-25,CUST0678,P004,1,0.0,UPI,Completed,1500,950,1500,1500.0,950,550.0
ORD008319,2025-05-21,CUST0159,P001,1,0.05,Credit Card,Completed,65000,52000,65000,61750.0,52000,9750.0
ORD008320,2026-04-25,CUST0014,P007,1,0.0,Net Banking,Completed,28000,22000,28000,28000.0,22000,6000.0
ORD008321,2026-08-02,CUST0373,P008,2,0.2,Credit Card,Returned,16000,12500,32000,25600.0,25000,600.0
ORD008322,2025-12-16,CUST0225,P005,1,0.05,Credit Card,Completed,4500,3000,4500,4275.0,3000,1275.0
ORD008323,2026-07-24,CUST1529,P002,4,0.0,UPI,Completed,18000,13500,72000,72000.0,54000,18000.0
ORD008324,2025-05-10,CUST1097,P008,2,0.0,Net Banking,Completed,16000,12500,32000,32000.0,25000,7000.0
ORD008325,2026-06-21,CUST1273,P001,1,0.2,Debit Card,Completed,65000,52000,65000,52000.0,52000,0.0
ORD008326,2025-01-11,CUST0511,P015,1,0.1,UPI,Cancelled,2200,1400,2200,1980.0,1400,580.0
ORD008327,2025-09-14,CUST0603,P007,4,0.05,UPI,Completed,28000,22000,112000,106400.0,88000,18400.0
ORD008328,2026-01-04,CUST0216,P001,1,0.05,Net Banking,Completed,65000,52000,65000,61750.0,52000,9750.0
ORD008329,2026-01-29,CUST1626,P012,1,0.0,Credit Card,Completed,9000,6500,9000,9000.0,6500,2500.0
ORD008330,2026-08-16,CUST1565,P006,4,0.0,Credit Card,Completed,35000,28500,140000,140000.0,114000,26000.0
ORD008331,2026-02-23,CUST0988,P013,2,0.05,Credit Card,Completed,6000,4200,12000,11400.0,8400,3000.0
ORD008332,2025-01-19,CUST1244,P006,2,0.05,UPI,Completed,35000,28500,70000,66500.0,57000,9500.0
ORD008333,2025-04-20,CUST0840,P015,1,0.05,UPI,Completed,2200,1400,2200,2090.0,1400,690.0
ORD008334,2026-03-13,CUST0727,P005,3,0.05,Net Banking,Completed,4500,3000,13500,12825.0,9000,3825.0
ORD008335,2026-05-20,CUST1245,P015,1,0.0,Credit Card,Completed,2200,1400,2200,2200.0,1400,800.0
ORD008336,2025-02-03,CUST1413,P002,1,0.15,Credit Card,Completed,18000,13500,18000,15300.0,13500,1800.0
ORD008337,2025-10-15,CUST0554,P002,1,0.0,UPI,Completed,18000,13500,18000,18000.0,13500,4500.0
ORD008338,2025-09-12,CUST1671,P009,1,0.0,UPI,Completed,12000,8500,12000,12000.0,8500,3500.0
ORD008339,2026-09-30,CUST1066,P005,4,0.0,UPI,Completed,4500,3000,18000,18000.0,12000,6000.0
ORD008340,2025-05-14,CUST0676,P005,2,0.0,UPI,Completed,4500,3000,9000,9000.0,6000,3000.0
ORD008341,2026-05-14,CUST0873,P007,2,0.0,Credit Card,Completed,28000,22000,56000,56000.0,44000,12000.0
ORD008342,2026-02-01,CUST0283,P006,4,0.05,Credit Card,Completed,35000,28500,140000,133000.0,114000,19000.0
ORD008343,2026-05-02,CUST1082,P002,1,0.1,UPI,Completed,18000,13500,18000,16200.0,13500,2700.0
ORD008344,2026-08-21,CUST0834,P011,1,0.0,Cash,Completed,4000,2600,4000,4000.0,2600,1400.0
ORD008345,2026-08-10,CUST0537,P001,2,0.05,Credit Card,Completed,65000,52000,130000,123500.0,104000,19500.0
ORD008346,2025-08-01,CUST1097,P005,2,0.15,Net Banking,Completed,4500,3000,9000,7650.0,6000,1650.0
ORD008347,2025-12-16,CUST0923,P004,1,0.0,UPI,Completed,1500,950,1500,1500.0,950,550.0
ORD008348,2025-01-19,CUST1153,P012,1,0.1,UPI,Completed,9000,6500,9000,8100.0,6500,1600.0
ORD008349,2025-04-29,CUST1623,P003,1,0.0,Credit Card,Cancelled,3000,2100,3000,3000.0,2100,900.0
ORD008350,2025-10-29,CUST0842,P002,1,0.0,UPI,Completed,18000,13500,18000,18000.0,13500,4500.0
ORD008351,2025-10-12,CUST1450,P010,1,0.05,UPI,Completed,22000,16000,22000,20900.0,16000,4900.0
ORD008352,2025-08-15,CUST0948,P002,1,0.0,UPI,Completed,18000,13500,18000,18000.0,13500,4500.0
ORD008353,2026-05-22,CUST0665,P014,1,0.15,UPI,Completed,2500,1600,2500,2125.0,1600,525.0
ORD008354,2026-05-16,CUST1718,P015,1,0.0,Credit Card,Completed,2200,1400,2200,2200.0,1400,800.0
ORD008355,2025-07-31,CUST1149,P004,1,0.05,Debit Card,Completed,1500,950,1500,1425.0,950,475.0
ORD008356,2025-12-22,CUST0067,P002,5,0.1,UPI,Completed,18000,13500,90000,81000.0,67500,13500.0
ORD008357,2026-05-02,CUST0006,P004,4,0.0,UPI,Completed,1500,950,6000,6000.0,3800,2200.0
ORD008358,2025-11-17,CUST0637,P003,2,0.1,Net Banking,Completed,3000,2100,6000,5400.0,4200,1200.0
ORD008359,2025-08-11,CUST0314,P009,5,0.05,UPI,Completed,12000,8500,60000,57000.0,42500,14500.0
ORD008360,2026-07-17,CUST1350,P007,5,0.1,Debit Card,Completed,28000,22000,140000,126000.0,110000,16000.0
ORD008361,2025-07-10,CUST0565,P014,1,0.1,Net Banking,Completed,2500,1600,2500,2250.0,1600,650.0
ORD008362,2026-05-15,CUST1602,P013,1,0.0,UPI,Completed,6000,4200,6000,6000.0,4200,1800.0
ORD008363,2026-05-10,CUST0826,P011,4,0.05,UPI,Completed,4000,2600,16000,15200.0,10400,4800.0
ORD008364,2025-08-25,CUST0506,P015,2,0.0,Cash,Returned,2200,1400,4400,4400.0,2800,1600.0
ORD008365,2025-01-22,CUST1106,P012,1,0.0,UPI,Completed,9000,6500,9000,9000.0,6500,2500.0
ORD008366,2026-09-14,CUST1623,P003,2,0.0,UPI,Completed,3000,2100,6000,6000.0,4200,1800.0
ORD008367,2025-11-23,CUST1026,P013,1,0.2,Credit Card,Completed,6000,4200,6000,4800.0,4200,600.0
ORD008368,2026-06-29,CUST0204,P015,1,0.05,UPI,Completed,2200,1400,2200,2090.0,1400,690.0
ORD008369,2025-05-07,CUST0662,P014,1,0.0,Cash,Completed,2500,1600,2500,2500.0,1600,900.0
ORD008370,2025-12-31,CUST0805,P008,1,0.0,UPI,Completed,16000,12500,16000,16000.0,12500,3500.0
ORD008371,2025-02-13,CUST0404,P009,1,0.0,Credit Card,Completed,12000,8500,12000,12000.0,8500,3500.0
ORD008372,2026-06-03,CUST1127,P013,3,0.0,Credit Card,Completed,6000,4200,18000,18000.0,12600,5400.0
ORD008373,2025-05-08,CUST0536,P007,1,0.05,Credit Card,Completed,28000,22000,28000,26600.0,22000,4600.0
ORD008374,2026-08-26,CUST1392,P006,1,0.0,Credit Card,Completed,35000,28500,35000,35000.0,28500,6500.0
ORD008375,2025-05-10,CUST1236,P004,1,0.0,Cash,Completed,1500,950,1500,1500.0,950,550.0
ORD008376,2026-06-13,CUST0577,P005,2,0.1,Net Banking,Completed,4500,3000,9000,8100.0,6000,2100.0
ORD008377,2025-11-17,CUST1233,P008,5,0.15,UPI,Completed,16000,12500,80000,68000.0,62500,5500.0
ORD008378,2025-07-05,CUST0763,P003,1,0.05,Credit Card,Completed,3000,2100,3000,2850.0,2100,750.0
ORD008379,2026-09-14,CUST0117,P002,1,0.1,UPI,Completed,18000,13500,18000,16200.0,13500,2700.0
ORD008380,2025-12-14,CUST0628,P003,1,0.0,Credit Card,Cancelled,3000,2100,3000,3000.0,2100,900.0
ORD008381,2026-04-26,CUST0749,P012,2,0.1,UPI,Completed,9000,6500,18000,16200.0,13000,3200.0
ORD008382,2026-08-10,CUST1502,P007,1,0.0,Debit Card,Completed,28000,22000,28000,28000.0,22000,6000.0
ORD008383,2025-12-27,CUST0105,P008,1,0.1,UPI,Completed,16000,12500,16000,14400.0,12500,1900.0
ORD008384,2025-10-14,CUST0495,P001,1,0.15,Debit Card,Completed,65000,52000,65000,55250.0,52000,3250.0
ORD008385,2025-07-01,CUST1795,P013,1,0.1,UPI,Completed,6000,4200,6000,5400.0,4200,1200.0
ORD008386,2026-03-27,CUST0046,P007,4,0.1,Net Banking,Completed,28000,22000,112000,100800.0,88000,12800.0
ORD008387,2025-04-07,CUST0823,P009,1,0.05,Credit Card,Completed,12000,8500,12000,11400.0,8500,2900.0
ORD008388,2026-07-17,CUST1355,P012,1,0.0,Net Banking,Completed,9000,6500,9000,9000.0,6500,2500.0
ORD008389,2025-11-10,CUST1240,P013,3,0.1,Debit Card,Completed,6000,4200,18000,16200.0,12600,3600.0
ORD008390,2026-06-30,CUST0982,P014,3,0.05,Cash,Completed,2500,1600,7500,7125.0,4800,2325.0
ORD008391,2025-01-21,CUST0960,P014,1,0.0,Debit Card,Completed,2500,1600,2500,2500.0,1600,900.0
ORD008392,2026-07-30,CUST1516,P015,5,0.05,Debit Card,Completed,2200,1400,11000,10450.0,7000,3450.0
ORD008393,2026-05-12,CUST0845,P003,2,0.1,UPI,Completed,3000,2100,6000,5400.0,4200,1200.0
ORD008394,2026-02-07,CUST0449,P015,1,0.0,Credit Card,Returned,2200,1400,2200,2200.0,1400,800.0
ORD008395,2025-05-04,CUST0536,P003,1,0.1,UPI,Completed,3000,2100,3000,2700.0,2100,600.0
ORD008396,2026-09-05,CUST0511,P008,1,0.1,UPI,Completed,16000,12500,16000,14400.0,12500,1900.0
ORD008397,2025-04-29,CUST1482,P004,1,0.0,Debit Card,Completed,1500,950,1500,1500.0,950,550.0
ORD008398,2026-08-13,CUST1571,P014,1,0.05,UPI,Completed,2500,1600,2500,2375.0,1600,775.0
ORD008399,2026-04-22,CUST1560,P008,2,0.2,Credit Card,Completed,16000,12500,32000,25600.0,25000,600.0
ORD008400,2025-04-13,CUST0540,P005,3,0.15,UPI,Returned,4500,3000,13500,11475.0,9000,2475.0
ORD008401,2025-11-29,CUST1508,P014,1,0.05,UPI,Completed,2500,1600,2500,2375.0,1600,775.0
ORD008402,2026-04-04,CUST0016,P003,1,0.0,UPI,Completed,3000,2100,3000,3000.0,2100,900.0
ORD008403,2025-05-10,CUST1595,P015,1,0.0,UPI,Completed,2200,1400,2200,2200.0,1400,800.0
ORD008404,2025-05-14,CUST0243,P004,2,0.0,UPI,Completed,1500,950,3000,3000.0,1900,1100.0
ORD008405,2025-06-06,CUST1231,P014,2,0.0,Credit Card,Completed,2500,1600,5000,5000.0,3200,1800.0
ORD008406,2026-03-01,CUST0912,P004,1,0.15,UPI,Completed,1500,950,1500,1275.0,950,325.0
ORD008407,2026-03-11,CUST1295,P008,2,0.2,Net Banking,Completed,16000,12500,32000,25600.0,25000,600.0
ORD008408,2026-01-24,CUST0761,P006,1,0.1,Cash,Completed,35000,28500,35000,31500.0,28500,3000.0
ORD008409,2025-11-14,CUST0705,P007,2,0.05,UPI,Completed,28000,22000,56000,53200.0,44000,9200.0
ORD008410,2026-05-20,CUST1754,P009,1,0.0,UPI,Completed,12000,8500,12000,12000.0,8500,3500.0
ORD008411,2025-07-09,CUST0115,P015,1,0.05,UPI,Completed,2200,1400,2200,2090.0,1400,690.0
ORD008412,2026-09-04,CUST1604,P006,1,0.1,Net Banking,Completed,35000,28500,35000,31500.0,28500,3000.0
ORD008413,2026-02-15,CUST1323,P003,3,0.05,Credit Card,Completed,3000,2100,9000,8550.0,6300,2250.0
ORD008414,2025-02-21,CUST1507,P015,2,0.1,Debit Card,Completed,2200,1400,4400,3960.0,2800,1160.0
ORD008415,2026-07-15,CUST0397,P013,4,0.1,Net Banking,Returned,6000,4200,24000,21600.0,16800,4800.0
ORD008416,2026-03-22,CUST0394,P003,1,0.1,Net Banking,Completed,3000,2100,3000,2700.0,2100,600.0
ORD008417,2026-09-04,CUST1099,P011,1,0.05,Net Banking,Completed,4000,2600,4000,3800.0,2600,1200.0
ORD008418,2026-03-20,CUST0978,P003,1,0.1,Debit Card,Completed,3000,2100,3000,2700.0,2100,600.0
ORD008419,2026-01-17,CUST1506,P012,2,0.0,Net Banking,Returned,9000,6500,18000,18000.0,13000,5000.0
ORD008420,2026-01-09,CUST1127,P010,3,0.1,Net Banking,Completed,22000,16000,66000,59400.0,48000,11400.0
ORD008421,2026-07-20,CUST0297,P002,3,0.0,Credit Card,Completed,18000,13500,54000,54000.0,40500,13500.0
ORD008422,2026-01-10,CUST1002,P001,2,0.0,Cash,Completed,65000,52000,130000,130000.0,104000,26000.0
ORD008423,2026-01-24,CUST0178,P011,2,0.0,Debit Card,Completed,4000,2600,8000,8000.0,5200,2800.0
ORD008424,2026-04-24,CUST1239,P010,4,0.0,Credit Card,Completed,22000,16000,88000,88000.0,64000,24000.0
ORD008425,2026-02-08,CUST0967,P001,1,0.2,Credit Card,Completed,65000,52000,65000,52000.0,52000,0.0
ORD008426,2026-08-16,CUST0315,P004,3,0.05,Debit Card,Completed,1500,950,4500,4275.0,2850,1425.0
ORD008427,2026-04-13,CUST1063,P003,4,0.15,Credit Card,Completed,3000,2100,12000,10200.0,8400,1800.0
ORD008428,2026-08-20,CUST0259,P005,2,0.0,Net Banking,Completed,4500,3000,9000,9000.0,6000,3000.0
ORD008429,2026-05-20,CUST1740,P012,2,0.0,UPI,Completed,9000,6500,18000,18000.0,13000,5000.0
ORD008430,2025-03-24,CUST0007,P009,1,0.05,Net Banking,Completed,12000,8500,12000,11400.0,8500,2900.0
ORD008431,2025-11-15,CUST0049,P012,1,0.0,UPI,Completed,9000,6500,9000,9000.0,6500,2500.0
ORD008432,2025-03-08,CUST1562,P013,2,0.1,UPI,Completed,6000,4200,12000,10800.0,8400,2400.0
ORD008433,2026-02-18,CUST0161,P008,1,0.05,Net Banking,Completed,16000,12500,16000,15200.0,12500,2700.0
ORD008434,2026-03-29,CUST0176,P012,1,0.1,UPI,Cancelled,9000,6500,9000,8100.0,6500,1600.0
ORD008435,2025-07-17,CUST1615,P009,3,0.05,Net Banking,Completed,12000,8500,36000,34200.0,25500,8700.0
ORD008436,2025-09-16,CUST1026,P013,1,0.05,UPI,Completed,6000,4200,6000,5700.0,4200,1500.0
ORD008437,2025-10-25,CUST1001,P005,1,0.0,Net Banking,Completed,4500,3000,4500,4500.0,3000,1500.0
ORD008438,2025-10-07,CUST0455,P008,2,0.1,UPI,Completed,16000,12500,32000,28800.0,25000,3800.0
ORD008439,2025-10-27,CUST1668,P004,1,0.1,UPI,Completed,1500,950,1500,1350.0,950,400.0
ORD008440,2025-05-09,CUST0276,P005,1,0.05,Net Banking,Completed,4500,3000,4500,4275.0,3000,1275.0
ORD008441,2026-05-13,CUST0498,P015,1,0.0,UPI,Completed,2200,1400,2200,2200.0,1400,800.0
ORD008442,2026-03-14,CUST1653,P012,1,0.1,Net Banking,Completed,9000,6500,9000,8100.0,6500,1600.0
ORD008443,2025-10-19,CUST0676,P003,1,0.15,Net Banking,Cancelled,3000,2100,3000,2550.0,2100,450.0
ORD008444,2025-07-26,CUST1052,P005,3,0.0,UPI,Completed,4500,3000,13500,13500.0,9000,4500.0
ORD008445,2025-10-21,CUST1357,P012,1,0.1,Credit Card,Completed,9000,6500,9000,8100.0,6500,1600.0
ORD008446,2025-01-29,CUST1025,P003,1,0.05,UPI,Completed,3000,2100,3000,2850.0,2100,750.0
ORD008447,2025-06-28,CUST1212,P005,5,0.05,UPI,Completed,4500,3000,22500,21375.0,15000,6375.0
ORD008448,2025-02-10,CUST0056,P011,3,0.2,Credit Card,Completed,4000,2600,12000,9600.0,7800,1800.0
ORD008449,2026-04-15,CUST0547,P014,1,0.1,Credit Card,Completed,2500,1600,2500,2250.0,1600,650.0
ORD008450,2025-07-11,CUST1136,P005,2,0.1,Cash,Completed,4500,3000,9000,8100.0,6000,2100.0
ORD008451,2025-12-10,CUST1334,P006,2,0.05,UPI,Completed,35000,28500,70000,66500.0,57000,9500.0
ORD008452,2026-09-18,CUST0036,P009,2,0.0,UPI,Completed,12000,8500,24000,24000.0,17000,7000.0
ORD008453,2025-10-05,CUST0439,P001,3,0.1,Credit Card,Completed,65000,52000,195000,175500.0,156000,19500.0
ORD008454,2025-12-21,CUST1753,P012,1,0.15,UPI,Completed,9000,6500,9000,7650.0,6500,1150.0
ORD008455,2026-06-13,CUST1616,P010,1,0.1,Debit Card,Completed,22000,16000,22000,19800.0,16000,3800.0
ORD008456,2025-03-27,CUST0595,P014,1,0.0,Credit Card,Completed,2500,1600,2500,2500.0,1600,900.0
ORD008457,2025-11-13,CUST1601,P006,2,0.0,Net Banking,Completed,35000,28500,70000,70000.0,57000,13000.0
ORD008458,2025-12-03,CUST1349,P001,2,0.05,Debit Card,Completed,65000,52000,130000,123500.0,104000,19500.0
ORD008459,2025-05-25,CUST1664,P006,1,0.05,Credit Card,Completed,35000,28500,35000,33250.0,28500,4750.0
ORD008460,2025-11-11,CUST0307,P002,1,0.0,Debit Card,Completed,18000,13500,18000,18000.0,13500,4500.0
ORD008461,2025-08-13,CUST1558,P008,4,0.0,Net Banking,Completed,16000,12500,64000,64000.0,50000,14000.0
ORD008462,2026-02-27,CUST1752,P011,1,0.1,Net Banking,Completed,4000,2600,4000,3600.0,2600,1000.0
ORD008463,2025-02-23,CUST0619,P003,1,0.1,UPI,Completed,3000,2100,3000,2700.0,2100,600.0
ORD008464,2025-03-09,CUST1133,P010,3,0.1,Credit Card,Completed,22000,16000,66000,59400.0,48000,11400.0
ORD008465,2026-09-11,CUST1396,P014,1,0.15,Credit Card,Completed,2500,1600,2500,2125.0,1600,525.0
ORD008466,2025-11-30,CUST0357,P006,1,0.0,Credit Card,Completed,35000,28500,35000,35000.0,28500,6500.0
ORD008467,2025-03-18,CUST0181,P006,1,0.15,UPI,Completed,35000,28500,35000,29750.0,28500,1250.0
ORD008468,2026-06-23,CUST1380,P015,2,0.1,Debit Card,Completed,2200,1400,4400,3960.0,2800,1160.0
ORD008469,2025-06-04,CUST1700,P004,1,0.2,UPI,Completed,1500,950,1500,1200.0,950,250.0
ORD008470,2025-03-13,CUST0068,P005,4,0.0,UPI,Completed,4500,3000,18000,18000.0,12000,6000.0
ORD008471,2026-05-16,CUST0292,P002,1,0.0,UPI,Completed,18000,13500,18000,18000.0,13500,4500.0
ORD008472,2026-03-23,CUST0692,P010,2,0.1,UPI,Completed,22000,16000,44000,39600.0,32000,7600.0
ORD008473,2026-07-13,CUST0181,P015,1,0.15,UPI,Completed,2200,1400,2200,1870.0,1400,470.0
ORD008474,2025-12-25,CUST1490,P010,1,0.1,Debit Card,Completed,22000,16000,22000,19800.0,16000,3800.0
ORD008475,2025-10-04,CUST0434,P008,2,0.1,Cash,Completed,16000,12500,32000,28800.0,25000,3800.0
ORD008476,2025-11-09,CUST1488,P010,1,0.05,Credit Card,Completed,22000,16000,22000,20900.0,16000,4900.0
ORD008477,2025-04-15,CUST1705,P007,2,0.1,UPI,Completed,28000,22000,56000,50400.0,44000,6400.0
ORD008478,2025-04-05,CUST0914,P010,1,0.1,Net Banking,Completed,22000,16000,22000,19800.0,16000,3800.0
ORD008479,2025-08-07,CUST1558,P006,1,0.1,UPI,Completed,35000,28500,35000,31500.0,28500,3000.0
ORD008480,2025-05-08,CUST0066,P007,2,0.1,UPI,Completed,28000,22000,56000,50400.0,44000,6400.0
ORD008481,2025-07-19,CUST1045,P012,2,0.0,UPI,Completed,9000,6500,18000,18000.0,13000,5000.0
ORD008482,2025-11-28,CUST1636,P001,1,0.1,Credit Card,Completed,65000,52000,65000,58500.0,52000,6500.0
ORD008483,2026-07-01,CUST0384,P014,4,0.05,Net Banking,Completed,2500,1600,10000,9500.0,6400,3100.0
ORD008484,2025-10-19,CUST1639,P014,1,0.2,Net Banking,Completed,2500,1600,2500,2000.0,1600,400.0
ORD008485,2025-03-07,CUST1583,P005,1,0.1,Credit Card,Completed,4500,3000,4500,4050.0,3000,1050.0
ORD008486,2026-07-22,CUST0039,P007,1,0.1,Credit Card,Completed,28000,22000,28000,25200.0,22000,3200.0
ORD008487,2026-02-08,CUST1309,P001,1,0.2,UPI,Completed,65000,52000,65000,52000.0,52000,0.0
ORD008488,2026-08-29,CUST0822,P002,1,0.0,Credit Card,Completed,18000,13500,18000,18000.0,13500,4500.0
ORD008489,2026-09-10,CUST0602,P009,3,0.0,Net Banking,Completed,12000,8500,36000,36000.0,25500,10500.0
ORD008490,2026-08-19,CUST1621,P012,2,0.1,Credit Card,Completed,9000,6500,18000,16200.0,13000,3200.0
ORD008491,2025-05-26,CUST0785,P003,1,0.0,UPI,Completed,3000,2100,3000,3000.0,2100,900.0
ORD008492,2026-06-14,CUST1360,P006,4,0.0,UPI,Completed,35000,28500,140000,140000.0,114000,26000.0
ORD008493,2026-02-06,CUST1212,P015,1,0.15,Credit Card,Completed,2200,1400,2200,1870.0,1400,470.0
ORD008494,2025-05-05,CUST0671,P007,1,0.05,Credit Card,Returned,28000,22000,28000,26600.0,22000,4600.0
ORD008495,2026-05-29,CUST1267,P009,1,0.0,Credit Card,Completed,12000,8500,12000,12000.0,8500,3500.0
ORD008496,2025-11-28,CUST1097,P005,1,0.0,Debit Card,Completed,4500,3000,4500,4500.0,3000,1500.0
ORD008497,2026-04-25,CUST0479,P004,2,0.0,Credit Card,Completed,1500,950,3000,3000.0,1900,1100.0
ORD008498,2026-02-02,CUST0561,P011,1,0.05,Debit Card,Completed,4000,2600,4000,3800.0,2600,1200.0
ORD008499,2025-01-30,CUST0101,P012,2,0.0,Net Banking,Completed,9000,6500,18000,18000.0,13000,5000.0
ORD008500,2025-02-25,CUST0514,P015,2,0.15,Net Banking,Completed,2200,1400,4400,3740.0,2800,940.0
ORD008501,2026-09-23,CUST1780,P002,3,0.05,UPI,Completed,18000,13500,54000,51300.0,40500,10800.0
ORD008502,2025-05-12,CUST0176,P003,2,0.0,Debit Card,Completed,3000,2100,6000,6000.0,4200,1800.0
ORD008503,2025-08-19,CUST0238,P015,1,0.0,Debit Card,Completed,2200,1400,2200,2200.0,1400,800.0
ORD008504,2026-01-30,CUST0910,P005,1,0.1,UPI,Completed,4500,3000,4500,4050.0,3000,1050.0
ORD008505,2025-06-01,CUST1083,P011,2,0.0,Net Banking,Completed,4000,2600,8000,8000.0,5200,2800.0
ORD008506,2026-05-17,CUST1123,P015,1,0.05,UPI,Completed,2200,1400,2200,2090.0,1400,690.0
ORD008507,2026-05-21,CUST0871,P013,1,0.15,Net Banking,Completed,6000,4200,6000,5100.0,4200,900.0
ORD008508,2026-01-21,CUST0495,P002,2,0.05,UPI,Completed,18000,13500,36000,34200.0,27000,7200.0
ORD008509,2026-06-17,CUST0947,P013,1,0.0,Debit Card,Completed,6000,4200,6000,6000.0,4200,1800.0
ORD008510,2026-03-24,CUST1538,P004,2,0.1,UPI,Completed,1500,950,3000,2700.0,1900,800.0
ORD008511,2026-08-03,CUST0755,P001,1,0.0,Credit Card,Completed,65000,52000,65000,65000.0,52000,13000.0
ORD008512,2025-05-06,CUST1321,P004,5,0.0,UPI,Returned,1500,950,7500,7500.0,4750,2750.0
ORD008513,2026-07-09,CUST0211,P007,2,0.0,UPI,Completed,28000,22000,56000,56000.0,44000,12000.0
ORD008514,2026-05-04,CUST1147,P015,1,0.15,Cash,Completed,2200,1400,2200,1870.0,1400,470.0
ORD008515,2026-09-04,CUST1253,P014,2,0.15,UPI,Completed,2500,1600,5000,4250.0,3200,1050.0
ORD008516,2026-03-22,CUST1618,P012,2,0.0,Credit Card,Completed,9000,6500,18000,18000.0,13000,5000.0
ORD008517,2026-04-15,CUST1680,P003,2,0.05,Debit Card,Completed,3000,2100,6000,5700.0,4200,1500.0
ORD008518,2025-12-15,CUST1412,P010,2,0.0,UPI,Completed,22000,16000,44000,44000.0,32000,12000.0
ORD008519,2026-05-23,CUST0140,P008,2,0.1,UPI,Completed,16000,12500,32000,28800.0,25000,3800.0
ORD008520,2026-04-02,CUST0541,P006,1,0.0,UPI,Completed,35000,28500,35000,35000.0,28500,6500.0
ORD008521,2026-01-20,CUST1415,P006,1,0.0,Debit Card,Completed,35000,28500,35000,35000.0,28500,6500.0
ORD008522,2026-03-24,CUST0270,P014,4,0.1,Net Banking,Completed,2500,1600,10000,9000.0,6400,2600.0
ORD008523,2026-09-20,CUST1783,P015,1,0.0,Net Banking,Completed,2200,1400,2200,2200.0,1400,800.0
ORD008524,2025-04-25,CUST1036,P001,1,0.0,Cash,Completed,65000,52000,65000,65000.0,52000,13000.0
ORD008525,2026-03-28,CUST1413,P005,1,0.1,Credit Card,Completed,4500,3000,4500,4050.0,3000,1050.0
ORD008526,2025-04-29,CUST1361,P003,3,0.1,Cash,Completed,3000,2100,9000,8100.0,6300,1800.0
ORD008527,2025-04-03,CUST0506,P015,2,0.1,UPI,Completed,2200,1400,4400,3960.0,2800,1160.0
ORD008528,2026-06-05,CUST1130,P010,3,0.15,Credit Card,Completed,22000,16000,66000,56100.0,48000,8100.0
ORD008529,2026-08-08,CUST0032,P015,3,0.05,Credit Card,Completed,2200,1400,6600,6270.0,4200,2070.0
ORD008530,2026-06-22,CUST1098,P001,3,0.0,UPI,Completed,65000,52000,195000,195000.0,156000,39000.0
ORD008531,2026-03-09,CUST1195,P008,2,0.0,Net Banking,Completed,16000,12500,32000,32000.0,25000,7000.0
ORD008532,2025-05-25,CUST1093,P007,1,0.0,UPI,Completed,28000,22000,28000,28000.0,22000,6000.0
ORD008533,2025-03-09,CUST0813,P007,1,0.0,Debit Card,Completed,28000,22000,28000,28000.0,22000,6000.0
ORD008534,2025-05-11,CUST0362,P012,2,0.05,Credit Card,Completed,9000,6500,18000,17100.0,13000,4100.0
ORD008535,2025-10-08,CUST1673,P010,1,0.0,UPI,Completed,22000,16000,22000,22000.0,16000,6000.0
ORD008536,2026-07-20,CUST1457,P014,2,0.05,UPI,Completed,2500,1600,5000,4750.0,3200,1550.0
ORD008537,2026-05-28,CUST0929,P010,2,0.0,UPI,Completed,22000,16000,44000,44000.0,32000,12000.0
ORD008538,2025-01-01,CUST0100,P010,2,0.05,Cash,Completed,22000,16000,44000,41800.0,32000,9800.0
ORD008539,2026-03-08,CUST1682,P004,1,0.1,Debit Card,Completed,1500,950,1500,1350.0,950,400.0
ORD008540,2026-01-26,CUST0009,P013,1,0.05,Credit Card,Completed,6000,4200,6000,5700.0,4200,1500.0
ORD008541,2025-09-23,CUST1598,P015,2,0.0,UPI,Completed,2200,1400,4400,4400.0,2800,1600.0
ORD008542,2026-02-03,CUST0697,P011,1,0.2,Credit Card,Completed,4000,2600,4000,3200.0,2600,600.0
ORD008543,2025-09-13,CUST1053,P006,2,0.1,UPI,Completed,35000,28500,70000,63000.0,57000,6000.0
ORD008544,2026-01-30,CUST1138,P013,2,0.05,Debit Card,Completed,6000,4200,12000,11400.0,8400,3000.0
ORD008545,2025-06-23,CUST0462,P009,5,0.05,UPI,Completed,12000,8500,60000,57000.0,42500,14500.0
ORD008546,2025-02-14,CUST0921,P015,3,0.1,Credit Card,Completed,2200,1400,6600,5940.0,4200,1740.0
ORD008547,2025-05-21,CUST1167,P014,1,0.0,Debit Card,Completed,2500,1600,2500,2500.0,1600,900.0
ORD008548,2026-06-23,CUST0390,P003,2,0.0,Credit Card,Completed,3000,2100,6000,6000.0,4200,1800.0
ORD008549,2025-02-19,CUST0632,P015,1,0.1,Debit Card,Completed,2200,1400,2200,1980.0,1400,580.0
ORD008550,2025-03-02,CUST0682,P009,1,0.05,Debit Card,Cancelled,12000,8500,12000,11400.0,8500,2900.0
ORD008551,2025-08-31,CUST0157,P004,2,0.0,UPI,Completed,1500,950,3000,3000.0,1900,1100.0
ORD008552,2025-09-26,CUST0335,P005,2,0.0,Debit Card,Completed,4500,3000,9000,9000.0,6000,3000.0
ORD008553,2025-05-20,CUST0260,P007,2,0.0,Debit Card,Completed,28000,22000,56000,56000.0,44000,12000.0
ORD008554,2025-06-06,CUST0082,P006,1,0.15,Credit Card,Completed,35000,28500,35000,29750.0,28500,1250.0
ORD008555,2026-08-20,CUST0754,P010,3,0.0,UPI,Completed,22000,16000,66000,66000.0,48000,18000.0
ORD008556,2026-08-19,CUST1465,P008,1,0.0,UPI,Completed,16000,12500,16000,16000.0,12500,3500.0
ORD008557,2025-10-03,CUST1196,P008,3,0.1,Net Banking,Completed,16000,12500,48000,43200.0,37500,5700.0
ORD008558,2025-01-31,CUST1255,P008,2,0.05,Credit Card,Completed,16000,12500,32000,30400.0,25000,5400.0
ORD008559,2025-01-08,CUST0720,P003,1,0.05,UPI,Completed,3000,2100,3000,2850.0,2100,750.0
ORD008560,2025-02-02,CUST0075,P015,1,0.05,UPI,Completed,2200,1400,2200,2090.0,1400,690.0
ORD008561,2026-03-28,CUST1294,P014,1,0.05,UPI,Completed,2500,1600,2500,2375.0,1600,775.0
ORD008562,2026-03-25,CUST0626,P010,3,0.1,UPI,Completed,22000,16000,66000,59400.0,48000,11400.0
ORD008563,2025-02-06,CUST0062,P006,3,0.0,Credit Card,Completed,35000,28500,105000,105000.0,85500,19500.0
ORD008564,2025-02-03,CUST0874,P007,2,0.05,UPI,Completed,28000,22000,56000,53200.0,44000,9200.0
ORD008565,2026-03-31,CUST0320,P009,1,0.2,Net Banking,Completed,12000,8500,12000,9600.0,8500,1100.0
ORD008566,2026-03-20,CUST0102,P010,2,0.0,Net Banking,Completed,22000,16000,44000,44000.0,32000,12000.0
ORD008567,2025-08-25,CUST1453,P010,1,0.0,Credit Card,Completed,22000,16000,22000,22000.0,16000,6000.0
ORD008568,2025-07-31,CUST0874,P014,2,0.0,Net Banking,Completed,2500,1600,5000,5000.0,3200,1800.0
ORD008569,2025-05-20,CUST1746,P012,1,0.0,Credit Card,Completed,9000,6500,9000,9000.0,6500,2500.0
ORD008570,2026-08-31,CUST0954,P015,3,0.0,Debit Card,Completed,2200,1400,6600,6600.0,4200,2400.0
ORD008571,2025-12-27,CUST0255,P004,2,0.0,UPI,Completed,1500,950,3000,3000.0,1900,1100.0
ORD008572,2025-10-31,CUST1556,P005,1,0.0,UPI,Completed,4500,3000,4500,4500.0,3000,1500.0
ORD008573,2025-10-23,CUST0570,P008,3,0.05,UPI,Completed,16000,12500,48000,45600.0,37500,8100.0
ORD008574,2025-06-01,CUST0112,P001,2,0.0,UPI,Completed,65000,52000,130000,130000.0,104000,26000.0
ORD008575,2025-08-11,CUST0985,P012,1,0.1,Debit Card,Completed,9000,6500,9000,8100.0,6500,1600.0
ORD008576,2025-07-15,CUST1337,P006,1,0.1,UPI,Completed,35000,28500,35000,31500.0,28500,3000.0
ORD008577,2026-08-23,CUST0998,P015,2,0.05,UPI,Completed,2200,1400,4400,4180.0,2800,1380.0
ORD008578,2025-10-26,CUST0461,P004,3,0.2,Net Banking,Completed,1500,950,4500,3600.0,2850,750.0
ORD008579,2026-06-13,CUST0708,P005,3,0.1,Debit Card,Completed,4500,3000,13500,12150.0,9000,3150.0
ORD008580,2026-05-03,CUST0887,P011,2,0.1,Credit Card,Completed,4000,2600,8000,7200.0,5200,2000.0
ORD008581,2025-07-30,CUST1486,P005,1,0.0,UPI,Completed,4500,3000,4500,4500.0,3000,1500.0
ORD008582,2025-08-20,CUST1116,P002,1,0.1,Net Banking,Cancelled,18000,13500,18000,16200.0,13500,2700.0
ORD008583,2026-01-02,CUST1076,P008,1,0.15,UPI,Completed,16000,12500,16000,13600.0,12500,1100.0
ORD008584,2026-04-26,CUST0520,P015,3,0.0,Debit Card,Completed,2200,1400,6600,6600.0,4200,2400.0
ORD008585,2026-08-05,CUST0812,P002,4,0.1,Debit Card,Completed,18000,13500,72000,64800.0,54000,10800.0
ORD008586,2026-07-26,CUST1122,P004,1,0.1,Credit Card,Completed,1500,950,1500,1350.0,950,400.0
ORD008587,2025-06-28,CUST0236,P012,3,0.0,Net Banking,Completed,9000,6500,27000,27000.0,19500,7500.0
ORD008588,2026-04-29,CUST1398,P013,2,0.05,UPI,Completed,6000,4200,12000,11400.0,8400,3000.0
ORD008589,2026-08-12,CUST1605,P005,1,0.0,Net Banking,Completed,4500,3000,4500,4500.0,3000,1500.0
ORD008590,2026-05-10,CUST0927,P014,2,0.0,Credit Card,Completed,2500,1600,5000,5000.0,3200,1800.0
ORD008591,2026-07-01,CUST0557,P001,3,0.0,Debit Card,Returned,65000,52000,195000,195000.0,156000,39000.0
ORD008592,2025-01-16,CUST0649,P006,1,0.05,Cash,Completed,35000,28500,35000,33250.0,28500,4750.0
ORD008593,2026-04-11,CUST0234,P002,3,0.1,Credit Card,Completed,18000,13500,54000,48600.0,40500,8100.0
ORD008594,2026-02-06,CUST1056,P014,1,0.15,Net Banking,Completed,2500,1600,2500,2125.0,1600,525.0
ORD008595,2025-10-21,CUST1313,P005,1,0.05,UPI,Completed,4500,3000,4500,4275.0,3000,1275.0
ORD008596,2025-06-20,CUST1662,P015,1,0.0,Net Banking,Completed,2200,1400,2200,2200.0,1400,800.0
ORD008597,2025-02-01,CUST0579,P006,3,0.0,Debit Card,Completed,35000,28500,105000,105000.0,85500,19500.0
ORD008598,2025-09-20,CUST0542,P011,1,0.15,Cash,Completed,4000,2600,4000,3400.0,2600,800.0
ORD008599,2025-08-03,CUST0114,P008,3,0.05,Net Banking,Completed,16000,12500,48000,45600.0,37500,8100.0
ORD008600,2026-07-12,CUST0204,P009,2,0.1,UPI,Completed,12000,8500,24000,21600.0,17000,4600.0
ORD008601,2025-07-08,CUST1053,P013,2,0.0,Credit Card,Completed,6000,4200,12000,12000.0,8400,3600.0
ORD008602,2026-08-06,CUST0643,P015,3,0.05,Net Banking,Completed,2200,1400,6600,6270.0,4200,2070.0
ORD008603,2026-08-23,CUST0474,P012,1,0.0,Debit Card,Completed,9000,6500,9000,9000.0,6500,2500.0
ORD008604,2025-09-18,CUST0697,P006,3,0.0,Credit Card,Completed,35000,28500,105000,105000.0,85500,19500.0
ORD008605,2025-07-01,CUST0253,P005,1,0.1,UPI,Completed,4500,3000,4500,4050.0,3000,1050.0
ORD008606,2026-05-20,CUST0905,P012,2,0.05,Credit Card,Completed,9000,6500,18000,17100.0,13000,4100.0
ORD008607,2025-12-08,CUST0386,P004,2,0.0,Debit Card,Completed,1500,950,3000,3000.0,1900,1100.0
ORD008608,2025-01-22,CUST0062,P002,3,0.1,Debit Card,Completed,18000,13500,54000,48600.0,40500,8100.0
ORD008609,2025-03-15,CUST0515,P002,1,0.05,Credit Card,Completed,18000,13500,18000,17100.0,13500,3600.0
ORD008610,2026-08-25,CUST0430,P007,2,0.0,UPI,Completed,28000,22000,56000,56000.0,44000,12000.0
ORD008611,2025-06-15,CUST0580,P005,1,0.15,Debit Card,Completed,4500,3000,4500,3825.0,3000,825.0
ORD008612,2025-08-22,CUST1561,P007,1,0.0,Net Banking,Completed,28000,22000,28000,28000.0,22000,6000.0
ORD008613,2026-01-10,CUST1715,P013,1,0.1,Credit Card,Completed,6000,4200,6000,5400.0,4200,1200.0
ORD008614,2026-03-09,CUST1165,P011,1,0.1,Net Banking,Completed,4000,2600,4000,3600.0,2600,1000.0
ORD008615,2025-11-30,CUST0743,P001,3,0.0,Credit Card,Completed,65000,52000,195000,195000.0,156000,39000.0
ORD008616,2026-08-30,CUST1324,P001,2,0.05,Net Banking,Completed,65000,52000,130000,123500.0,104000,19500.0
ORD008617,2026-06-24,CUST0675,P005,1,0.0,Net Banking,Completed,4500,3000,4500,4500.0,3000,1500.0
ORD008618,2025-02-04,CUST0311,P002,3,0.05,Cash,Completed,18000,13500,54000,51300.0,40500,10800.0
ORD008619,2026-03-20,CUST0471,P008,1,0.1,Net Banking,Completed,16000,12500,16000,14400.0,12500,1900.0
ORD008620,2025-08-19,CUST1417,P014,2,0.0,UPI,Completed,2500,1600,5000,5000.0,3200,1800.0
ORD008621,2025-11-14,CUST1666,P015,3,0.0,Net Banking,Returned,2200,1400,6600,6600.0,4200,2400.0
ORD008622,2025-12-09,CUST1469,P003,3,0.05,Debit Card,Completed,3000,2100,9000,8550.0,6300,2250.0
ORD008623,2026-03-06,CUST1782,P001,1,0.05,UPI,Completed,65000,52000,65000,61750.0,52000,9750.0
ORD008624,2026-09-29,CUST0809,P013,2,0.1,UPI,Completed,6000,4200,12000,10800.0,8400,2400.0
ORD008625,2026-04-11,CUST0172,P002,1,0.1,Credit Card,Completed,18000,13500,18000,16200.0,13500,2700.0
ORD008626,2025-03-20,CUST0576,P010,3,0.1,Net Banking,Completed,22000,16000,66000,59400.0,48000,11400.0
ORD008627,2026-07-27,CUST0031,P010,2,0.1,Debit Card,Cancelled,22000,16000,44000,39600.0,32000,7600.0
ORD008628,2026-03-25,CUST0047,P007,3,0.0,Credit Card,Completed,28000,22000,84000,84000.0,66000,18000.0
ORD008629,2025-10-09,CUST0130,P006,1,0.05,UPI,Completed,35000,28500,35000,33250.0,28500,4750.0
ORD008630,2025-02-26,CUST0352,P012,2,0.05,Credit Card,Completed,9000,6500,18000,17100.0,13000,4100.0
ORD008631,2025-07-10,CUST0978,P008,2,0.2,UPI,Returned,16000,12500,32000,25600.0,25000,600.0
ORD008632,2026-04-08,CUST1646,P007,2,0.05,Credit Card,Completed,28000,22000,56000,53200.0,44000,9200.0
ORD008633,2025-02-11,CUST1605,P014,2,0.2,Cash,Completed,2500,1600,5000,4000.0,3200,800.0
ORD008634,2026-05-01,CUST0058,P010,4,0.1,Net Banking,Completed,22000,16000,88000,79200.0,64000,15200.0
ORD008635,2025-06-22,CUST1130,P013,3,0.1,UPI,Completed,6000,4200,18000,16200.0,12600,3600.0
ORD008636,2025-09-07,CUST0812,P008,1,0.05,Credit Card,Completed,16000,12500,16000,15200.0,12500,2700.0
ORD008637,2026-05-25,CUST1354,P003,3,0.05,Credit Card,Completed,3000,2100,9000,8550.0,6300,2250.0
ORD008638,2026-05-17,CUST0768,P006,1,0.05,UPI,Completed,35000,28500,35000,33250.0,28500,4750.0
ORD008639,2025-07-12,CUST0683,P013,2,0.0,Cash,Completed,6000,4200,12000,12000.0,8400,3600.0
ORD008640,2025-06-14,CUST1407,P007,3,0.15,Credit Card,Completed,28000,22000,84000,71400.0,66000,5400.0
ORD008641,2025-03-31,CUST1186,P015,1,0.1,Credit Card,Completed,2200,1400,2200,1980.0,1400,580.0
ORD008642,2025-02-27,CUST0997,P010,3,0.1,Debit Card,Cancelled,22000,16000,66000,59400.0,48000,11400.0
ORD008643,2025-09-20,CUST0286,P011,3,0.05,UPI,Completed,4000,2600,12000,11400.0,7800,3600.0
ORD008644,2025-08-31,CUST1095,P001,2,0.0,UPI,Completed,65000,52000,130000,130000.0,104000,26000.0
ORD008645,2025-08-07,CUST1791,P001,1,0.1,UPI,Completed,65000,52000,65000,58500.0,52000,6500.0
ORD008646,2025-01-09,CUST1478,P007,1,0.05,Credit Card,Cancelled,28000,22000,28000,26600.0,22000,4600.0
ORD008647,2026-03-06,CUST0886,P013,4,0.15,UPI,Completed,6000,4200,24000,20400.0,16800,3600.0
ORD008648,2025-01-13,CUST1591,P011,1,0.1,Net Banking,Completed,4000,2600,4000,3600.0,2600,1000.0
ORD008649,2025-08-13,CUST0397,P013,2,0.0,Debit Card,Completed,6000,4200,12000,12000.0,8400,3600.0
ORD008650,2025-03-08,CUST1539,P003,1,0.1,Net Banking,Completed,3000,2100,3000,2700.0,2100,600.0
ORD008651,2026-05-18,CUST0026,P003,1,0.1,Net Banking,Completed,3000,2100,3000,2700.0,2100,600.0
ORD008652,2025-07-03,CUST0313,P015,3,0.05,Debit Card,Completed,2200,1400,6600,6270.0,4200,2070.0
ORD008653,2025-07-27,CUST0126,P005,1,0.05,UPI,Completed,4500,3000,4500,4275.0,3000,1275.0
ORD008654,2026-06-12,CUST1432,P015,5,0.0,Debit Card,Cancelled,2200,1400,11000,11000.0,7000,4000.0
ORD008655,2025-10-27,CUST1589,P011,2,0.0,UPI,Completed,4000,2600,8000,8000.0,5200,2800.0
ORD008656,2025-08-29,CUST1222,P006,2,0.1,UPI,Completed,35000,28500,70000,63000.0,57000,6000.0
ORD008657,2026-03-31,CUST0811,P002,1,0.0,Debit Card,Completed,18000,13500,18000,18000.0,13500,4500.0
ORD008658,2026-06-14,CUST0188,P003,4,0.1,Debit Card,Completed,3000,2100,12000,10800.0,8400,2400.0
ORD008659,2025-09-01,CUST0698,P006,1,0.05,UPI,Completed,35000,28500,35000,33250.0,28500,4750.0
ORD008660,2026-07-17,CUST0810,P003,2,0.15,Credit Card,Completed,3000,2100,6000,5100.0,4200,900.0
ORD008661,2025-08-26,CUST0716,P014,1,0.2,UPI,Completed,2500,1600,2500,2000.0,1600,400.0
ORD008662,2025-09-03,CUST1508,P005,1,0.1,Debit Card,Completed,4500,3000,4500,4050.0,3000,1050.0
ORD008663,2025-12-11,CUST0450,P009,2,0.05,Cash,Completed,12000,8500,24000,22800.0,17000,5800.0
ORD008664,2026-04-29,CUST0523,P012,2,0.05,Debit Card,Completed,9000,6500,18000,17100.0,13000,4100.0
ORD008665,2025-11-06,CUST1378,P003,1,0.0,Net Banking,Completed,3000,2100,3000,3000.0,2100,900.0
ORD008666,2026-07-15,CUST0986,P012,2,0.0,Credit Card,Returned,9000,6500,18000,18000.0,13000,5000.0
ORD008667,2025-10-11,CUST0658,P011,3,0.05,UPI,Completed,4000,2600,12000,11400.0,7800,3600.0
ORD008668,2025-02-07,CUST0597,P013,1,0.1,Debit Card,Completed,6000,4200,6000,5400.0,4200,1200.0
ORD008669,2025-02-01,CUST0100,P013,1,0.0,UPI,Completed,6000,4200,6000,6000.0,4200,1800.0
ORD008670,2025-08-31,CUST0616,P006,1,0.05,Credit Card,Completed,35000,28500,35000,33250.0,28500,4750.0
ORD008671,2026-07-07,CUST0948,P011,1,0.05,Debit Card,Completed,4000,2600,4000,3800.0,2600,1200.0
ORD008672,2025-10-19,CUST1582,P005,1,0.15,Net Banking,Returned,4500,3000,4500,3825.0,3000,825.0
ORD008673,2026-09-07,CUST0556,P005,1,0.0,Credit Card,Completed,4500,3000,4500,4500.0,3000,1500.0
ORD008674,2025-10-19,CUST0278,P011,2,0.0,Cash,Completed,4000,2600,8000,8000.0,5200,2800.0
ORD008675,2026-09-11,CUST1717,P014,1,0.15,Credit Card,Completed,2500,1600,2500,2125.0,1600,525.0
ORD008676,2026-01-17,CUST1723,P014,2,0.0,UPI,Completed,2500,1600,5000,5000.0,3200,1800.0
ORD008677,2026-08-22,CUST1650,P006,5,0.1,Credit Card,Completed,35000,28500,175000,157500.0,142500,15000.0
ORD008678,2026-08-01,CUST0491,P006,4,0.1,Net Banking,Completed,35000,28500,140000,126000.0,114000,12000.0
ORD008679,2025-05-18,CUST0255,P001,3,0.05,Credit Card,Returned,65000,52000,195000,185250.0,156000,29250.0
ORD008680,2025-07-19,CUST0381,P011,1,0.05,Debit Card,Completed,4000,2600,4000,3800.0,2600,1200.0
ORD008681,2025-12-01,CUST0892,P015,1,0.15,Credit Card,Completed,2200,1400,2200,1870.0,1400,470.0
ORD008682,2026-08-28,CUST0542,P009,3,0.0,Credit Card,Completed,12000,8500,36000,36000.0,25500,10500.0
ORD008683,2026-03-23,CUST1288,P005,1,0.0,UPI,Cancelled,4500,3000,4500,4500.0,3000,1500.0
ORD008684,2025-12-14,CUST1634,P001,1,0.05,UPI,Completed,65000,52000,65000,61750.0,52000,9750.0
ORD008685,2025-10-05,CUST0825,P008,2,0.05,UPI,Completed,16000,12500,32000,30400.0,25000,5400.0
ORD008686,2026-06-16,CUST0879,P007,1,0.05,Credit Card,Completed,28000,22000,28000,26600.0,22000,4600.0
ORD008687,2026-02-03,CUST1353,P007,3,0.15,Net Banking,Completed,28000,22000,84000,71400.0,66000,5400.0
ORD008688,2026-01-26,CUST1139,P015,3,0.15,Net Banking,Completed,2200,1400,6600,5610.0,4200,1410.0
ORD008689,2026-08-25,CUST1300,P014,2,0.0,UPI,Completed,2500,1600,5000,5000.0,3200,1800.0
ORD008690,2026-07-16,CUST1512,P005,3,0.0,Credit Card,Completed,4500,3000,13500,13500.0,9000,4500.0
ORD008691,2025-01-10,CUST0281,P001,1,0.0,Credit Card,Completed,65000,52000,65000,65000.0,52000,13000.0
ORD008692,2026-08-14,CUST1299,P009,2,0.15,Credit Card,Completed,12000,8500,24000,20400.0,17000,3400.0
ORD008693,2026-07-03,CUST0773,P011,1,0.05,Debit Card,Completed,4000,2600,4000,3800.0,2600,1200.0
ORD008694,2025-02-28,CUST0843,P009,2,0.05,UPI,Completed,12000,8500,24000,22800.0,17000,5800.0
ORD008695,2025-03-29,CUST0719,P008,1,0.1,Net Banking,Completed,16000,12500,16000,14400.0,12500,1900.0
ORD008696,2026-04-04,CUST0328,P005,2,0.05,Net Banking,Completed,4500,3000,9000,8550.0,6000,2550.0
ORD008697,2025-04-14,CUST0211,P014,5,0.0,UPI,Completed,2500,1600,12500,12500.0,8000,4500.0
ORD008698,2025-04-14,CUST0727,P003,1,0.05,Debit Card,Cancelled,3000,2100,3000,2850.0,2100,750.0
ORD008699,2025-09-11,CUST0923,P008,1,0.1,UPI,Completed,16000,12500,16000,14400.0,12500,1900.0
ORD008700,2025-12-01,CUST0552,P001,1,0.1,UPI,Completed,65000,52000,65000,58500.0,52000,6500.0
ORD008701,2026-04-08,CUST0026,P003,1,0.1,Cash,Completed,3000,2100,3000,2700.0,2100,600.0
ORD008702,2026-07-03,CUST0027,P012,1,0.0,Debit Card,Completed,9000,6500,9000,9000.0,6500,2500.0
ORD008703,2025-10-28,CUST0702,P011,3,0.0,UPI,Completed,4000,2600,12000,12000.0,7800,4200.0
ORD008704,2026-07-09,CUST1107,P007,1,0.1,Debit Card,Completed,28000,22000,28000,25200.0,22000,3200.0
ORD008705,2026-09-20,CUST0682,P014,2,0.15,Net Banking,Completed,2500,1600,5000,4250.0,3200,1050.0
ORD008706,2025-12-07,CUST0413,P015,2,0.0,Net Banking,Completed,2200,1400,4400,4400.0,2800,1600.0
ORD008707,2026-05-07,CUST0167,P004,1,0.0,UPI,Completed,1500,950,1500,1500.0,950,550.0
ORD008708,2025-03-25,CUST1724,P007,1,0.1,Net Banking,Completed,28000,22000,28000,25200.0,22000,3200.0
ORD008709,2025-09-16,CUST0169,P012,2,0.05,Net Banking,Completed,9000,6500,18000,17100.0,13000,4100.0
ORD008710,2025-12-26,CUST0229,P011,3,0.0,Credit Card,Completed,4000,2600,12000,12000.0,7800,4200.0
ORD008711,2025-03-28,CUST1633,P013,1,0.05,Credit Card,Completed,6000,4200,6000,5700.0,4200,1500.0
ORD008712,2026-03-04,CUST0367,P014,1,0.2,UPI,Completed,2500,1600,2500,2000.0,1600,400.0
ORD008713,2026-01-02,CUST0528,P005,1,0.1,UPI,Completed,4500,3000,4500,4050.0,3000,1050.0
ORD008714,2025-12-09,CUST0791,P006,1,0.05,Credit Card,Completed,35000,28500,35000,33250.0,28500,4750.0
ORD008715,2025-12-13,CUST1671,P014,1,0.1,Net Banking,Completed,2500,1600,2500,2250.0,1600,650.0
ORD008716,2025-04-06,CUST1562,P007,2,0.0,Net Banking,Completed,28000,22000,56000,56000.0,44000,12000.0
ORD008717,2025-09-12,CUST0524,P015,3,0.05,Credit Card,Completed,2200,1400,6600,6270.0,4200,2070.0
ORD008718,2025-05-16,CUST1096,P013,1,0.05,Net Banking,Completed,6000,4200,6000,5700.0,4200,1500.0
ORD008719,2025-09-05,CUST1669,P010,2,0.05,Debit Card,Completed,22000,16000,44000,41800.0,32000,9800.0
ORD008720,2026-05-14,CUST0106,P012,1,0.15,Credit Card,Completed,9000,6500,9000,7650.0,6500,1150.0
ORD008721,2026-05-01,CUST0732,P007,2,0.0,UPI,Completed,28000,22000,56000,56000.0,44000,12000.0
ORD008722,2026-02-06,CUST0965,P007,2,0.0,UPI,Completed,28000,22000,56000,56000.0,44000,12000.0
ORD008723,2026-08-27,CUST1713,P007,3,0.15,UPI,Completed,28000,22000,84000,71400.0,66000,5400.0
ORD008724,2026-02-16,CUST1306,P011,1,0.0,UPI,Completed,4000,2600,4000,4000.0,2600,1400.0
ORD008725,2026-03-24,CUST0133,P013,1,0.05,UPI,Cancelled,6000,4200,6000,5700.0,4200,1500.0
ORD008726,2025-09-04,CUST0534,P013,2,0.05,Debit Card,Completed,6000,4200,12000,11400.0,8400,3000.0
ORD008727,2026-02-25,CUST0975,P007,1,0.2,UPI,Completed,28000,22000,28000,22400.0,22000,400.0
ORD008728,2025-05-04,CUST0269,P003,1,0.05,Credit Card,Completed,3000,2100,3000,2850.0,2100,750.0
ORD008729,2025-09-17,CUST1436,P015,1,0.05,Cash,Completed,2200,1400,2200,2090.0,1400,690.0
ORD008730,2025-06-18,CUST0673,P012,2,0.05,Net Banking,Returned,9000,6500,18000,17100.0,13000,4100.0
ORD008731,2025-04-21,CUST1643,P003,1,0.2,Debit Card,Completed,3000,2100,3000,2400.0,2100,300.0
ORD008732,2025-10-17,CUST0791,P007,5,0.1,UPI,Completed,28000,22000,140000,126000.0,110000,16000.0
ORD008733,2026-08-22,CUST1771,P014,1,0.0,Debit Card,Cancelled,2500,1600,2500,2500.0,1600,900.0
ORD008734,2025-01-13,CUST0018,P002,1,0.1,Credit Card,Completed,18000,13500,18000,16200.0,13500,2700.0
ORD008735,2025-09-20,CUST1778,P014,2,0.1,Debit Card,Completed,2500,1600,5000,4500.0,3200,1300.0
ORD008736,2025-01-23,CUST0117,P002,1,0.1,Credit Card,Returned,18000,13500,18000,16200.0,13500,2700.0
ORD008737,2025-07-19,CUST0798,P003,2,0.1,Credit Card,Completed,3000,2100,6000,5400.0,4200,1200.0
ORD008738,2025-08-30,CUST1168,P014,2,0.05,Cash,Completed,2500,1600,5000,4750.0,3200,1550.0
ORD008739,2025-08-27,CUST1741,P004,1,0.1,UPI,Completed,1500,950,1500,1350.0,950,400.0
ORD008740,2025-10-30,CUST0551,P006,3,0.1,UPI,Completed,35000,28500,105000,94500.0,85500,9000.0
ORD008741,2025-06-14,CUST0929,P013,1,0.0,Credit Card,Completed,6000,4200,6000,6000.0,4200,1800.0
ORD008742,2025-06-25,CUST1690,P008,4,0.0,Credit Card,Completed,16000,12500,64000,64000.0,50000,14000.0
ORD008743,2025-01-29,CUST1712,P010,3,0.0,UPI,Completed,22000,16000,66000,66000.0,48000,18000.0
ORD008744,2026-06-19,CUST0753,P010,1,0.1,Net Banking,Completed,22000,16000,22000,19800.0,16000,3800.0
ORD008745,2025-10-21,CUST0422,P007,1,0.1,Credit Card,Completed,28000,22000,28000,25200.0,22000,3200.0
ORD008746,2026-04-22,CUST1393,P004,1,0.05,Credit Card,Completed,1500,950,1500,1425.0,950,475.0
ORD008747,2026-01-18,CUST0646,P002,1,0.1,Debit Card,Completed,18000,13500,18000,16200.0,13500,2700.0
ORD008748,2026-07-10,CUST0558,P002,2,0.1,Debit Card,Completed,18000,13500,36000,32400.0,27000,5400.0
ORD008749,2025-10-23,CUST0050,P015,1,0.15,Cash,Completed,2200,1400,2200,1870.0,1400,470.0
ORD008750,2025-11-30,CUST0678,P004,4,0.0,UPI,Completed,1500,950,6000,6000.0,3800,2200.0
ORD008751,2025-09-05,CUST0106,P006,1,0.05,UPI,Completed,35000,28500,35000,33250.0,28500,4750.0
ORD008752,2025-08-29,CUST1240,P003,1,0.1,UPI,Completed,3000,2100,3000,2700.0,2100,600.0
ORD008753,2025-04-16,CUST0658,P006,1,0.0,Net Banking,Completed,35000,28500,35000,35000.0,28500,6500.0
ORD008754,2026-07-15,CUST1449,P005,1,0.0,Credit Card,Completed,4500,3000,4500,4500.0,3000,1500.0
ORD008755,2025-05-03,CUST1096,P005,3,0.05,Net Banking,Returned,4500,3000,13500,12825.0,9000,3825.0
ORD008756,2025-02-04,CUST0988,P002,2,0.1,Cash,Cancelled,18000,13500,36000,32400.0,27000,5400.0
ORD008757,2026-09-10,CUST0842,P008,1,0.05,Credit Card,Completed,16000,12500,16000,15200.0,12500,2700.0
ORD008758,2026-02-20,CUST1783,P005,3,0.05,UPI,Completed,4500,3000,13500,12825.0,9000,3825.0
ORD008759,2026-09-13,CUST0446,P011,3,0.05,Credit Card,Completed,4000,2600,12000,11400.0,7800,3600.0
ORD008760,2026-09-29,CUST1210,P002,2,0.0,UPI,Completed,18000,13500,36000,36000.0,27000,9000.0
ORD008761,2025-11-23,CUST0070,P007,3,0.15,Net Banking,Cancelled,28000,22000,84000,71400.0,66000,5400.0
ORD008762,2025-10-22,CUST0150,P013,2,0.0,UPI,Completed,6000,4200,12000,12000.0,8400,3600.0
ORD008763,2026-03-08,CUST1270,P015,2,0.05,Credit Card,Completed,2200,1400,4400,4180.0,2800,1380.0
ORD008764,2025-12-13,CUST0774,P009,1,0.0,UPI,Completed,12000,8500,12000,12000.0,8500,3500.0
ORD008765,2025-02-06,CUST1562,P009,1,0.05,UPI,Completed,12000,8500,12000,11400.0,8500,2900.0
ORD008766,2026-05-27,CUST1676,P001,2,0.15,UPI,Completed,65000,52000,130000,110500.0,104000,6500.0
ORD008767,2026-06-19,CUST1123,P007,3,0.2,Credit Card,Completed,28000,22000,84000,67200.0,66000,1200.0
ORD008768,2025-01-18,CUST1302,P009,2,0.05,UPI,Completed,12000,8500,24000,22800.0,17000,5800.0
ORD008769,2025-01-27,CUST1587,P006,4,0.0,Debit Card,Completed,35000,28500,140000,140000.0,114000,26000.0
ORD008770,2026-06-20,CUST1687,P001,1,0.0,Debit Card,Completed,65000,52000,65000,65000.0,52000,13000.0
ORD008771,2025-01-29,CUST0944,P002,2,0.0,Cash,Completed,18000,13500,36000,36000.0,27000,9000.0
ORD008772,2026-09-27,CUST0455,P004,2,0.1,Net Banking,Completed,1500,950,3000,2700.0,1900,800.0
ORD008773,2025-04-27,CUST1128,P014,2,0.05,Credit Card,Completed,2500,1600,5000,4750.0,3200,1550.0
ORD008774,2025-05-12,CUST0946,P004,2,0.1,Net Banking,Completed,1500,950,3000,2700.0,1900,800.0
ORD008775,2025-10-16,CUST0601,P002,1,0.1,Credit Card,Completed,18000,13500,18000,16200.0,13500,2700.0
ORD008776,2025-08-24,CUST0653,P008,1,0.0,Credit Card,Completed,16000,12500,16000,16000.0,12500,3500.0
ORD008777,2025-02-11,CUST0725,P002,5,0.1,Credit Card,Completed,18000,13500,90000,81000.0,67500,13500.0
ORD008778,2025-06-09,CUST0233,P003,1,0.1,UPI,Completed,3000,2100,3000,2700.0,2100,600.0
ORD008779,2025-05-05,CUST1418,P014,1,0.05,Debit Card,Completed,2500,1600,2500,2375.0,1600,775.0
ORD008780,2025-09-17,CUST1525,P004,1,0.15,UPI,Completed,1500,950,1500,1275.0,950,325.0
ORD008781,2025-10-03,CUST1719,P009,1,0.1,Credit Card,Completed,12000,8500,12000,10800.0,8500,2300.0
ORD008782,2025-08-01,CUST0251,P010,3,0.05,Credit Card,Completed,22000,16000,66000,62700.0,48000,14700.0
ORD008783,2026-04-18,CUST1545,P001,2,0.15,Net Banking,Completed,65000,52000,130000,110500.0,104000,6500.0
ORD008784,2026-07-24,CUST0079,P008,4,0.1,UPI,Completed,16000,12500,64000,57600.0,50000,7600.0
ORD008785,2026-03-07,CUST1076,P012,1,0.05,Credit Card,Completed,9000,6500,9000,8550.0,6500,2050.0
ORD008786,2025-03-21,CUST0898,P015,2,0.05,Net Banking,Completed,2200,1400,4400,4180.0,2800,1380.0
ORD008787,2025-08-16,CUST0921,P014,3,0.15,UPI,Completed,2500,1600,7500,6375.0,4800,1575.0
ORD008788,2025-04-05,CUST0781,P005,5,0.0,Net Banking,Completed,4500,3000,22500,22500.0,15000,7500.0
ORD008789,2026-02-28,CUST0226,P007,4,0.05,Net Banking,Completed,28000,22000,112000,106400.0,88000,18400.0
ORD008790,2026-05-31,CUST1075,P008,2,0.05,Credit Card,Completed,16000,12500,32000,30400.0,25000,5400.0
ORD008791,2025-06-14,CUST1210,P015,1,0.05,Debit Card,Completed,2200,1400,2200,2090.0,1400,690.0
ORD008792,2026-03-02,CUST1058,P005,1,0.1,Cash,Completed,4500,3000,4500,4050.0,3000,1050.0
ORD008793,2025-02-11,CUST0803,P008,3,0.05,Credit Card,Completed,16000,12500,48000,45600.0,37500,8100.0
ORD008794,2026-02-07,CUST0742,P010,3,0.0,UPI,Completed,22000,16000,66000,66000.0,48000,18000.0
ORD008795,2026-02-20,CUST0131,P011,2,0.15,Net Banking,Completed,4000,2600,8000,6800.0,5200,1600.0
ORD008796,2025-10-27,CUST1023,P008,1,0.1,UPI,Completed,16000,12500,16000,14400.0,12500,1900.0
ORD008797,2025-02-24,CUST0632,P009,2,0.15,UPI,Completed,12000,8500,24000,20400.0,17000,3400.0
ORD008798,2025-12-02,CUST1467,P002,1,0.0,Net Banking,Completed,18000,13500,18000,18000.0,13500,4500.0
ORD008799,2026-03-06,CUST0838,P003,1,0.1,,Completed,3000,2100,3000,2700.0,2100,600.0
ORD008800,2025-11-30,CUST0759,P001,1,0.1,Debit Card,Completed,65000,52000,65000,58500.0,52000,6500.0
ORD008801,2026-02-10,CUST1456,P004,4,0.05,Credit Card,Completed,1500,950,6000,5700.0,3800,1900.0
ORD008802,2025-01-30,CUST0704,P015,1,0.1,Debit Card,Completed,2200,1400,2200,1980.0,1400,580.0
ORD008803,2026-06-19,CUST0497,P015,2,0.0,UPI,Completed,2200,1400,4400,4400.0,2800,1600.0
ORD008804,2026-06-01,CUST1427,P005,1,0.05,Credit Card,Completed,4500,3000,4500,4275.0,3000,1275.0
ORD008805,2026-07-29,CUST0323,P011,2,0.1,UPI,Completed,4000,2600,8000,7200.0,5200,2000.0
ORD008806,2025-08-09,CUST1234,P001,2,0.05,UPI,Completed,65000,52000,130000,123500.0,104000,19500.0
ORD008807,2026-08-17,CUST0615,P008,4,0.1,UPI,Completed,16000,12500,64000,57600.0,50000,7600.0
ORD008808,2026-05-09,CUST0329,P002,1,0.0,UPI,Completed,18000,13500,18000,18000.0,13500,4500.0
ORD008809,2025-09-10,CUST1396,P001,1,0.1,Cash,Completed,65000,52000,65000,58500.0,52000,6500.0
ORD008810,2026-07-18,CUST1484,P002,3,0.0,Credit Card,Completed,18000,13500,54000,54000.0,40500,13500.0
ORD008811,2025-11-17,CUST0133,P015,1,0.05,Credit Card,Cancelled,2200,1400,2200,2090.0,1400,690.0
ORD008812,2025-02-08,CUST0835,P013,1,0.0,Credit Card,Completed,6000,4200,6000,6000.0,4200,1800.0
ORD008813,2026-04-10,CUST0651,P005,2,0.05,Cash,Completed,4500,3000,9000,8550.0,6000,2550.0
ORD008814,2026-02-15,CUST0121,P009,2,0.1,Debit Card,Completed,12000,8500,24000,21600.0,17000,4600.0
ORD008815,2026-02-16,CUST0606,P009,1,0.1,Debit Card,Completed,12000,8500,12000,10800.0,8500,2300.0
ORD008816,2026-05-07,CUST1476,P002,1,0.05,UPI,Completed,18000,13500,18000,17100.0,13500,3600.0
ORD008817,2026-03-14,CUST0965,P002,3,0.0,Credit Card,Completed,18000,13500,54000,54000.0,40500,13500.0
ORD008818,2026-04-24,CUST0129,P003,2,0.05,UPI,Completed,3000,2100,6000,5700.0,4200,1500.0
ORD008819,2025-03-13,CUST1115,P007,1,0.1,Debit Card,Completed,28000,22000,28000,25200.0,22000,3200.0
ORD008820,2026-08-05,CUST1628,P011,1,0.0,UPI,Cancelled,4000,2600,4000,4000.0,2600,1400.0
ORD008821,2025-08-08,CUST1599,P003,2,0.05,Debit Card,Completed,3000,2100,6000,5700.0,4200,1500.0
ORD008822,2025-01-04,CUST0029,P001,1,0.05,UPI,Completed,65000,52000,65000,61750.0,52000,9750.0
ORD008823,2025-10-17,CUST0722,P014,3,0.0,Credit Card,Completed,2500,1600,7500,7500.0,4800,2700.0
ORD008824,2026-01-15,CUST1548,P014,2,0.0,Credit Card,Completed,2500,1600,5000,5000.0,3200,1800.0
ORD008825,2025-12-21,CUST0333,P014,1,0.0,UPI,Completed,2500,1600,2500,2500.0,1600,900.0
ORD008826,2025-03-21,CUST1321,P006,4,0.05,UPI,Completed,35000,28500,140000,133000.0,114000,19000.0
ORD008827,2025-03-07,CUST1154,P003,1,0.0,UPI,Completed,3000,2100,3000,3000.0,2100,900.0
ORD008828,2025-05-16,CUST1317,P001,1,0.05,Credit Card,Completed,65000,52000,65000,61750.0,52000,9750.0
ORD008829,2026-02-03,CUST1197,P014,2,0.0,Debit Card,Completed,2500,1600,5000,5000.0,3200,1800.0
ORD008830,2025-12-13,CUST1744,P013,2,0.05,Credit Card,Completed,6000,4200,12000,11400.0,8400,3000.0
ORD008831,2025-02-28,CUST0944,P004,1,0.0,Credit Card,Completed,1500,950,1500,1500.0,950,550.0
ORD008832,2026-06-03,CUST1048,P013,1,0.1,Credit Card,Completed,6000,4200,6000,5400.0,4200,1200.0
ORD008833,2025-08-25,CUST1123,P001,1,0.15,Credit Card,Completed,65000,52000,65000,55250.0,52000,3250.0
ORD008834,2025-03-20,CUST1430,P001,1,0.1,UPI,Completed,65000,52000,65000,58500.0,52000,6500.0
ORD008835,2026-07-12,CUST0356,P012,2,0.05,Credit Card,Completed,9000,6500,18000,17100.0,13000,4100.0
ORD008836,2025-04-25,CUST0139,P002,2,0.1,UPI,Cancelled,18000,13500,36000,32400.0,27000,5400.0
ORD008837,2026-04-07,CUST1527,P010,1,0.0,Credit Card,Completed,22000,16000,22000,22000.0,16000,6000.0
ORD008838,2026-09-18,CUST1198,P008,1,0.0,Debit Card,Completed,16000,12500,16000,16000.0,12500,3500.0
ORD008839,2025-05-06,CUST0029,P002,1,0.0,Credit Card,Completed,18000,13500,18000,18000.0,13500,4500.0
ORD008840,2026-08-25,CUST0931,P011,1,0.0,UPI,Completed,4000,2600,4000,4000.0,2600,1400.0
ORD008841,2026-07-27,CUST0496,P002,1,0.0,UPI,Cancelled,18000,13500,18000,18000.0,13500,4500.0
ORD008842,2026-05-15,CUST1014,P015,1,0.05,UPI,Cancelled,2200,1400,2200,2090.0,1400,690.0
ORD008843,2025-04-12,CUST0655,P011,1,0.0,Credit Card,Completed,4000,2600,4000,4000.0,2600,1400.0
ORD008844,2026-09-18,CUST0828,P011,2,0.15,Credit Card,Completed,4000,2600,8000,6800.0,5200,1600.0
ORD008845,2025-06-23,CUST0351,P010,3,0.15,UPI,Completed,22000,16000,66000,56100.0,48000,8100.0
ORD008846,2026-03-28,CUST0554,P010,1,0.2,Debit Card,Completed,22000,16000,22000,17600.0,16000,1600.0
ORD008847,2025-04-02,CUST0299,P008,4,0.0,Credit Card,Completed,16000,12500,64000,64000.0,50000,14000.0
ORD008848,2026-01-20,CUST1744,P012,3,0.15,Debit Card,Completed,9000,6500,27000,22950.0,19500,3450.0
ORD008849,2025-07-24,CUST1216,P006,5,0.1,Debit Card,Completed,35000,28500,175000,157500.0,142500,15000.0
ORD008850,2025-12-29,CUST1696,P012,3,0.15,Debit Card,Completed,9000,6500,27000,22950.0,19500,3450.0
ORD008851,2026-05-13,CUST0064,P011,2,0.05,Net Banking,Completed,4000,2600,8000,7600.0,5200,2400.0
ORD008852,2026-06-21,CUST0755,P004,2,0.1,UPI,Completed,1500,950,3000,2700.0,1900,800.0
ORD008853,2025-08-22,CUST0770,P003,1,0.0,UPI,Completed,3000,2100,3000,3000.0,2100,900.0
ORD008854,2025-01-16,CUST1688,P001,2,0.0,Debit Card,Completed,65000,52000,130000,130000.0,104000,26000.0
ORD008855,2025-05-21,CUST1239,P011,2,0.0,Credit Card,Completed,4000,2600,8000,8000.0,5200,2800.0
ORD008856,2026-09-12,CUST0834,P003,2,0.15,Cash,Completed,3000,2100,6000,5100.0,4200,900.0
ORD008857,2026-02-24,CUST0166,P012,2,0.0,UPI,Completed,9000,6500,18000,18000.0,13000,5000.0
ORD008858,2026-04-01,CUST1567,P014,1,0.0,UPI,Completed,2500,1600,2500,2500.0,1600,900.0
ORD008859,2025-10-27,CUST1256,P009,2,0.15,Credit Card,Completed,12000,8500,24000,20400.0,17000,3400.0
ORD008860,2025-12-05,CUST1565,P005,1,0.0,UPI,Completed,4500,3000,4500,4500.0,3000,1500.0
ORD008861,2025-10-30,CUST1219,P013,2,0.15,UPI,Completed,6000,4200,12000,10200.0,8400,1800.0
ORD008862,2026-08-15,CUST0506,P006,3,0.1,Net Banking,Completed,35000,28500,105000,94500.0,85500,9000.0
ORD008863,2025-03-17,CUST1358,P005,3,0.0,UPI,Completed,4500,3000,13500,13500.0,9000,4500.0
ORD008864,2026-09-16,CUST1792,P001,3,0.0,Credit Card,Completed,65000,52000,195000,195000.0,156000,39000.0
ORD008865,2025-11-12,CUST0793,P010,1,0.05,UPI,Completed,22000,16000,22000,20900.0,16000,4900.0
ORD008866,2026-05-15,CUST1328,P001,4,0.2,UPI,Completed,65000,52000,260000,208000.0,208000,0.0
ORD008867,2025-03-16,CUST0833,P004,1,0.15,UPI,Completed,1500,950,1500,1275.0,950,325.0
ORD008868,2026-01-01,CUST1461,P015,3,0.0,UPI,Completed,2200,1400,6600,6600.0,4200,2400.0
ORD008869,2026-06-30,CUST1347,P003,1,0.05,UPI,Completed,3000,2100,3000,2850.0,2100,750.0
ORD008870,2026-01-31,CUST1526,P011,1,0.05,Cash,Completed,4000,2600,4000,3800.0,2600,1200.0
ORD008871,2025-08-19,CUST0858,P008,2,0.1,Debit Card,Completed,16000,12500,32000,28800.0,25000,3800.0
ORD008872,2025-01-28,CUST1417,P012,2,0.0,Debit Card,Completed,9000,6500,18000,18000.0,13000,5000.0
ORD008873,2026-04-20,CUST0806,P012,1,0.0,UPI,Completed,9000,6500,9000,9000.0,6500,2500.0
ORD008874,2025-10-22,CUST1623,P007,2,0.1,UPI,Completed,28000,22000,56000,50400.0,44000,6400.0
ORD008875,2026-03-03,CUST1173,P015,2,0.05,Debit Card,Completed,2200,1400,4400,4180.0,2800,1380.0
ORD008876,2025-04-01,CUST0761,P011,1,0.0,Debit Card,Cancelled,4000,2600,4000,4000.0,2600,1400.0
ORD008877,2025-04-25,CUST0833,P015,2,0.1,Credit Card,Completed,2200,1400,4400,3960.0,2800,1160.0
ORD008878,2025-06-08,CUST1429,P007,1,0.05,Credit Card,Completed,28000,22000,28000,26600.0,22000,4600.0
ORD008879,2025-09-15,CUST0283,P015,2,0.05,Credit Card,Completed,2200,1400,4400,4180.0,2800,1380.0
ORD008880,2026-01-08,CUST1386,P008,1,0.1,UPI,Completed,16000,12500,16000,14400.0,12500,1900.0
ORD008881,2025-03-31,CUST0379,P014,2,0.05,Debit Card,Completed,2500,1600,5000,4750.0,3200,1550.0
ORD008882,2025-10-25,CUST0198,P010,1,0.1,UPI,Completed,22000,16000,22000,19800.0,16000,3800.0
ORD008883,2025-01-31,CUST1015,P007,1,0.15,UPI,Completed,28000,22000,28000,23800.0,22000,1800.0
ORD008884,2025-12-24,CUST1024,P010,2,0.1,Debit Card,Completed,22000,16000,44000,39600.0,32000,7600.0
ORD008885,2026-04-15,CUST0556,P002,2,0.1,UPI,Completed,18000,13500,36000,32400.0,27000,5400.0
ORD008886,2025-05-08,CUST0356,P004,4,0.1,Debit Card,Completed,1500,950,6000,5400.0,3800,1600.0
ORD008887,2025-09-27,CUST1564,P015,3,0.05,Net Banking,Completed,2200,1400,6600,6270.0,4200,2070.0
ORD008888,2026-05-13,CUST1453,P011,2,0.0,UPI,Completed,4000,2600,8000,8000.0,5200,2800.0
ORD008889,2026-02-17,CUST1041,P006,1,0.0,Credit Card,Completed,35000,28500,35000,35000.0,28500,6500.0
ORD008890,2025-07-28,CUST0639,P003,1,0.1,Credit Card,Completed,3000,2100,3000,2700.0,2100,600.0
ORD008891,2025-11-02,CUST0379,P015,1,0.05,UPI,Completed,2200,1400,2200,2090.0,1400,690.0
ORD008892,2025-07-10,CUST0680,P003,1,0.05,Debit Card,Returned,3000,2100,3000,2850.0,2100,750.0
ORD008893,2025-12-23,CUST0506,P015,3,0.1,Debit Card,Completed,2200,1400,6600,5940.0,4200,1740.0
ORD008894,2026-04-02,CUST1780,P006,1,0.0,Debit Card,Completed,35000,28500,35000,35000.0,28500,6500.0
ORD008895,2026-03-25,CUST0899,P001,1,0.1,Net Banking,Completed,65000,52000,65000,58500.0,52000,6500.0
ORD008896,2025-03-09,CUST0076,P014,1,0.05,UPI,Completed,2500,1600,2500,2375.0,1600,775.0
ORD008897,2026-04-12,CUST0231,P001,1,0.05,Debit Card,Completed,65000,52000,65000,61750.0,52000,9750.0
ORD008898,2025-12-26,CUST1740,P005,1,0.0,Debit Card,Completed,4500,3000,4500,4500.0,3000,1500.0
ORD008899,2026-01-22,CUST0962,P001,2,0.0,UPI,Completed,65000,52000,130000,130000.0,104000,26000.0
ORD008900,2025-05-08,CUST1272,P010,1,0.0,Cash,Completed,22000,16000,22000,22000.0,16000,6000.0
ORD008901,2026-04-30,CUST0302,P008,2,0.05,UPI,Completed,16000,12500,32000,30400.0,25000,5400.0
ORD008902,2025-09-01,CUST0726,P002,2,0.05,Debit Card,Completed,18000,13500,36000,34200.0,27000,7200.0
ORD008903,2025-01-19,CUST0215,P006,3,0.1,Debit Card,Completed,35000,28500,105000,94500.0,85500,9000.0
ORD008904,2026-01-31,CUST1182,P010,2,0.05,Credit Card,Completed,22000,16000,44000,41800.0,32000,9800.0
ORD008905,2025-08-17,CUST0069,P010,3,0.1,UPI,Completed,22000,16000,66000,59400.0,48000,11400.0
ORD008906,2026-01-03,CUST0393,P005,2,0.1,UPI,Completed,4500,3000,9000,8100.0,6000,2100.0
ORD008907,2025-02-27,CUST1109,P010,1,0.0,UPI,Completed,22000,16000,22000,22000.0,16000,6000.0
ORD008908,2025-10-08,CUST0267,P012,4,0.0,Credit Card,Completed,9000,6500,36000,36000.0,26000,10000.0
ORD008909,2026-07-11,CUST1093,P012,1,0.0,UPI,Completed,9000,6500,9000,9000.0,6500,2500.0
ORD008910,2025-04-12,CUST0611,P004,1,0.15,Credit Card,Completed,1500,950,1500,1275.0,950,325.0
ORD008911,2025-02-17,CUST1371,P001,1,0.15,UPI,Completed,65000,52000,65000,55250.0,52000,3250.0
ORD008912,2026-07-16,CUST1009,P014,2,0.0,UPI,Completed,2500,1600,5000,5000.0,3200,1800.0
ORD008913,2026-08-16,CUST0962,P014,1,0.05,Credit Card,Completed,2500,1600,2500,2375.0,1600,775.0
ORD008914,2025-02-28,CUST0728,P003,2,0.2,Debit Card,Completed,3000,2100,6000,4800.0,4200,600.0
ORD008915,2025-06-10,CUST0673,P013,2,0.1,Debit Card,Completed,6000,4200,12000,10800.0,8400,2400.0
ORD008916,2025-04-13,CUST0423,P012,2,0.05,UPI,Completed,9000,6500,18000,17100.0,13000,4100.0
ORD008917,2026-02-16,CUST1630,P004,1,0.0,UPI,Completed,1500,950,1500,1500.0,950,550.0
ORD008918,2025-07-02,CUST1198,P002,2,0.0,Cash,Completed,18000,13500,36000,36000.0,27000,9000.0
ORD008919,2026-02-21,CUST1701,P012,1,0.1,UPI,Completed,9000,6500,9000,8100.0,6500,1600.0
ORD008920,2025-04-26,CUST0115,P002,1,0.1,Debit Card,Completed,18000,13500,18000,16200.0,13500,2700.0
ORD008921,2026-02-03,CUST0220,P002,1,0.05,Credit Card,Completed,18000,13500,18000,17100.0,13500,3600.0
ORD008922,2026-03-13,CUST0031,P011,2,0.0,UPI,Completed,4000,2600,8000,8000.0,5200,2800.0
ORD008923,2025-11-14,CUST1547,P001,2,0.15,Debit Card,Completed,65000,52000,130000,110500.0,104000,6500.0
ORD008924,2026-08-29,CUST1367,P010,2,0.1,Cash,Completed,22000,16000,44000,39600.0,32000,7600.0
ORD008925,2025-09-07,CUST1401,P002,2,0.0,Net Banking,Completed,18000,13500,36000,36000.0,27000,9000.0
ORD008926,2026-03-23,CUST1154,P006,2,0.0,Debit Card,Completed,35000,28500,70000,70000.0,57000,13000.0
ORD008927,2026-05-12,CUST0617,P003,1,0.05,Credit Card,Completed,3000,2100,3000,2850.0,2100,750.0
ORD008928,2025-12-09,CUST0539,P010,1,0.0,UPI,Completed,22000,16000,22000,22000.0,16000,6000.0
ORD008929,2026-03-03,CUST0739,P005,3,0.0,Credit Card,Completed,4500,3000,13500,13500.0,9000,4500.0
ORD008930,2025-08-28,CUST1026,P001,2,0.0,UPI,Completed,65000,52000,130000,130000.0,104000,26000.0
ORD008931,2025-02-28,CUST0871,P008,2,0.2,Net Banking,Completed,16000,12500,32000,25600.0,25000,600.0
ORD008932,2026-06-11,CUST0101,P013,1,0.1,UPI,Completed,6000,4200,6000,5400.0,4200,1200.0
ORD008933,2025-07-22,CUST1557,P004,2,0.0,Credit Card,Completed,1500,950,3000,3000.0,1900,1100.0
ORD008934,2026-04-11,CUST1082,P009,2,0.15,Credit Card,Completed,12000,8500,24000,20400.0,17000,3400.0
ORD008935,2025-10-23,CUST1413,P004,1,0.1,Credit Card,Cancelled,1500,950,1500,1350.0,950,400.0
ORD008936,2025-10-14,CUST0692,P014,3,0.0,UPI,Completed,2500,1600,7500,7500.0,4800,2700.0
ORD008937,2025-03-14,CUST0941,P015,1,0.15,UPI,Completed,2200,1400,2200,1870.0,1400,470.0
ORD008938,2026-06-07,CUST0341,P015,1,0.05,Credit Card,Completed,2200,1400,2200,2090.0,1400,690.0
ORD008939,2025-12-03,CUST0861,P015,1,0.1,Debit Card,Completed,2200,1400,2200,1980.0,1400,580.0
ORD008940,2025-11-14,CUST1044,P002,2,0.05,Credit Card,Returned,18000,13500,36000,34200.0,27000,7200.0
ORD008941,2025-07-22,CUST1279,P003,2,0.05,Credit Card,Completed,3000,2100,6000,5700.0,4200,1500.0
ORD008942,2025-08-19,CUST1341,P005,2,0.0,Debit Card,Completed,4500,3000,9000,9000.0,6000,3000.0
ORD008943,2026-07-17,CUST0038,P012,4,0.05,Debit Card,Completed,9000,6500,36000,34200.0,26000,8200.0
ORD008944,2025-02-26,CUST0660,P010,1,0.05,UPI,Completed,22000,16000,22000,20900.0,16000,4900.0
ORD008945,2026-02-24,CUST1561,P015,2,0.15,UPI,Completed,2200,1400,4400,3740.0,2800,940.0
ORD008946,2025-10-07,CUST1410,P013,2,0.1,Net Banking,Completed,6000,4200,12000,10800.0,8400,2400.0
ORD008947,2025-11-01,CUST1657,P013,5,0.0,Credit Card,Completed,6000,4200,30000,30000.0,21000,9000.0
ORD008948,2026-04-11,CUST0928,P014,1,0.0,UPI,Completed,2500,1600,2500,2500.0,1600,900.0
ORD008949,2025-06-23,CUST1050,P006,4,0.15,UPI,Cancelled,35000,28500,140000,119000.0,114000,5000.0
ORD008950,2025-09-23,CUST0454,P007,1,0.05,Debit Card,Completed,28000,22000,28000,26600.0,22000,4600.0
ORD008951,2025-09-04,CUST1705,P004,3,0.0,Debit Card,Completed,1500,950,4500,4500.0,2850,1650.0
ORD008952,2025-03-19,CUST1347,P007,2,0.1,Net Banking,Completed,28000,22000,56000,50400.0,44000,6400.0
ORD008953,2025-09-10,CUST0737,P015,3,0.15,Credit Card,Returned,2200,1400,6600,5610.0,4200,1410.0
ORD008954,2026-04-20,CUST1537,P010,1,0.1,UPI,Completed,22000,16000,22000,19800.0,16000,3800.0
ORD008955,2025-06-25,CUST0819,P003,1,0.0,Debit Card,Completed,3000,2100,3000,3000.0,2100,900.0
ORD008956,2026-02-25,CUST0773,P007,1,0.05,UPI,Completed,28000,22000,28000,26600.0,22000,4600.0
ORD008957,2026-07-26,CUST0013,P004,2,0.1,UPI,Completed,1500,950,3000,2700.0,1900,800.0
ORD008958,2026-04-06,CUST0915,P013,2,0.15,UPI,Completed,6000,4200,12000,10200.0,8400,1800.0
ORD008959,2025-09-11,CUST1584,P013,4,0.2,UPI,Completed,6000,4200,24000,19200.0,16800,2400.0
ORD008960,2026-06-04,CUST0921,P008,1,0.05,Net Banking,Completed,16000,12500,16000,15200.0,12500,2700.0
ORD008961,2025-04-17,CUST0825,P009,1,0.1,Credit Card,Completed,12000,8500,12000,10800.0,8500,2300.0
ORD008962,2025-06-20,CUST0371,P007,1,0.0,UPI,Completed,28000,22000,28000,28000.0,22000,6000.0
ORD008963,2025-02-27,CUST1315,P008,1,0.0,Credit Card,Completed,16000,12500,16000,16000.0,12500,3500.0
ORD008964,2025-12-03,CUST0332,P008,3,0.05,Debit Card,Completed,16000,12500,48000,45600.0,37500,8100.0
ORD008965,2025-12-08,CUST1630,P002,3,0.2,Net Banking,Completed,18000,13500,54000,43200.0,40500,2700.0
ORD008966,2025-10-17,CUST0261,P009,5,0.0,Net Banking,Completed,12000,8500,60000,60000.0,42500,17500.0
ORD008967,2025-03-25,CUST1229,P006,1,0.0,UPI,Completed,35000,28500,35000,35000.0,28500,6500.0
ORD008968,2025-04-27,CUST0697,P011,1,0.15,Net Banking,Completed,4000,2600,4000,3400.0,2600,800.0
ORD008969,2026-06-18,CUST0687,P004,1,0.0,UPI,Completed,1500,950,1500,1500.0,950,550.0
ORD008970,2025-08-07,CUST0950,P015,2,0.0,UPI,Completed,2200,1400,4400,4400.0,2800,1600.0
ORD008971,2025-04-12,CUST0387,P005,4,0.1,UPI,Completed,4500,3000,18000,16200.0,12000,4200.0
ORD008972,2026-04-01,CUST0821,P010,1,0.1,UPI,Completed,22000,16000,22000,19800.0,16000,3800.0
ORD008973,2026-06-10,CUST0468,P005,1,0.05,Net Banking,Completed,4500,3000,4500,4275.0,3000,1275.0
ORD008974,2025-09-23,CUST1439,P007,2,0.15,Debit Card,Completed,28000,22000,56000,47600.0,44000,3600.0
ORD008975,2025-10-14,CUST0069,P014,2,0.0,Debit Card,Completed,2500,1600,5000,5000.0,3200,1800.0
ORD008976,2025-05-21,CUST1496,P009,1,0.15,Net Banking,Completed,12000,8500,12000,10200.0,8500,1700.0
ORD008977,2026-02-10,CUST1128,P007,3,0.1,Credit Card,Completed,28000,22000,84000,75600.0,66000,9600.0
ORD008978,2025-10-20,CUST1782,P009,1,0.05,UPI,Completed,12000,8500,12000,11400.0,8500,2900.0
ORD008979,2025-01-31,CUST1185,P004,4,0.1,Debit Card,Completed,1500,950,6000,5400.0,3800,1600.0
ORD008980,2025-06-20,CUST0200,P010,1,0.0,Net Banking,Completed,22000,16000,22000,22000.0,16000,6000.0
ORD008981,2025-12-21,CUST0216,P014,1,0.0,Cash,Completed,2500,1600,2500,2500.0,1600,900.0
ORD008982,2025-07-24,CUST0212,P010,1,0.15,Credit Card,Completed,22000,16000,22000,18700.0,16000,2700.0
ORD008983,2026-04-23,CUST0508,P004,1,0.0,Net Banking,Completed,1500,950,1500,1500.0,950,550.0
ORD008984,2025-10-18,CUST0016,P006,2,0.0,Net Banking,Completed,35000,28500,70000,70000.0,57000,13000.0
ORD008985,2025-04-21,CUST1522,P008,2,0.05,UPI,Completed,16000,12500,32000,30400.0,25000,5400.0
ORD008986,2025-03-09,CUST0884,P014,2,0.0,Debit Card,Completed,2500,1600,5000,5000.0,3200,1800.0
ORD008987,2026-01-08,CUST0332,P009,2,0.15,UPI,Returned,12000,8500,24000,20400.0,17000,3400.0
ORD008988,2025-07-15,CUST0717,P001,1,0.15,Credit Card,Completed,65000,52000,65000,55250.0,52000,3250.0
ORD008989,2025-05-06,CUST0551,P001,1,0.05,Net Banking,Completed,65000,52000,65000,61750.0,52000,9750.0
ORD008990,2025-09-19,CUST1625,P013,5,0.05,Net Banking,Cancelled,6000,4200,30000,28500.0,21000,7500.0
ORD008991,2025-06-04,CUST0942,P008,3,0.05,Credit Card,Completed,16000,12500,48000,45600.0,37500,8100.0
ORD008992,2026-08-04,CUST0256,P011,1,0.0,Net Banking,Completed,4000,2600,4000,4000.0,2600,1400.0
ORD008993,2025-04-18,CUST0992,P007,1,0.0,UPI,Completed,28000,22000,28000,28000.0,22000,6000.0
ORD008994,2026-02-27,CUST1790,P009,2,0.0,UPI,Completed,12000,8500,24000,24000.0,17000,7000.0
ORD008995,2025-02-04,CUST0728,P011,1,0.05,UPI,Completed,4000,2600,4000,3800.0,2600,1200.0
ORD008996,2025-02-13,CUST0880,P003,2,0.1,Debit Card,Completed,3000,2100,6000,5400.0,4200,1200.0
ORD008997,2026-02-20,CUST0815,P010,2,0.15,Net Banking,Completed,22000,16000,44000,37400.0,32000,5400.0
ORD008998,2025-10-12,CUST1196,P012,1,0.1,Credit Card,Completed,9000,6500,9000,8100.0,6500,1600.0
ORD008999,2026-03-23,CUST0649,P005,1,0.1,Cash,Completed,4500,3000,4500,4050.0,3000,1050.0
ORD009000,2026-06-02,CUST1000,P003,2,,Debit Card,Completed,3000,2100,6000,6000.0,4200,1800.0
ORD009001,2025-01-27,CUST1522,P015,1,0.15,Credit Card,Completed,2200,1400,2200,1870.0,1400,470.0
ORD009002,2025-08-15,CUST0471,P005,1,0.15,Debit Card,Completed,4500,3000,4500,3825.0,3000,825.0
ORD009003,2026-03-01,CUST1408,P010,2,0.15,Net Banking,Completed,22000,16000,44000,37400.0,32000,5400.0
ORD009004,2026-07-22,CUST0690,P001,2,0.0,UPI,Completed,65000,52000,130000,130000.0,104000,26000.0
ORD009005,2026-01-03,CUST1613,P014,1,0.1,UPI,Completed,2500,1600,2500,2250.0,1600,650.0
ORD009006,2025-11-06,CUST0700,P011,3,0.1,UPI,Cancelled,4000,2600,12000,10800.0,7800,3000.0
ORD009007,2025-04-15,CUST0507,P004,2,0.0,Net Banking,Completed,1500,950,3000,3000.0,1900,1100.0
ORD009008,2025-01-18,CUST0992,P006,1,0.2,Net Banking,Completed,35000,28500,35000,28000.0,28500,-500.0
ORD009009,2025-07-24,CUST1010,P002,1,0.0,Credit Card,Completed,18000,13500,18000,18000.0,13500,4500.0
ORD009010,2025-02-12,CUST1551,P013,2,0.0,Net Banking,Completed,6000,4200,12000,12000.0,8400,3600.0
ORD009011,2025-03-30,CUST0804,P007,1,0.05,Credit Card,Completed,28000,22000,28000,26600.0,22000,4600.0
ORD009012,2026-08-09,CUST0831,P008,1,0.0,Credit Card,Completed,16000,12500,16000,16000.0,12500,3500.0
ORD009013,2025-06-06,CUST1349,P001,2,0.15,Net Banking,Completed,65000,52000,130000,110500.0,104000,6500.0
ORD009014,2025-09-23,CUST0214,P013,2,0.05,Credit Card,Completed,6000,4200,12000,11400.0,8400,3000.0
ORD009015,2025-05-14,CUST1232,P004,2,0.05,Credit Card,Completed,1500,950,3000,2850.0,1900,950.0
ORD009016,2026-04-09,CUST0169,P011,2,0.1,UPI,Completed,4000,2600,8000,7200.0,5200,2000.0
ORD009017,2026-08-24,CUST1354,P004,1,0.0,UPI,Completed,1500,950,1500,1500.0,950,550.0
ORD009018,2025-05-12,CUST1304,P013,1,0.1,Debit Card,Completed,6000,4200,6000,5400.0,4200,1200.0
ORD009019,2025-02-03,CUST0978,P005,2,0.1,UPI,Completed,4500,3000,9000,8100.0,6000,2100.0
ORD009020,2025-03-24,CUST1329,P014,3,0.05,Debit Card,Completed,2500,1600,7500,7125.0,4800,2325.0
ORD009021,2025-05-12,CUST0146,P012,2,0.2,Debit Card,Completed,9000,6500,18000,14400.0,13000,1400.0
ORD009022,2026-03-04,CUST1799,P012,1,0.05,Credit Card,Cancelled,9000,6500,9000,8550.0,6500,2050.0
ORD009023,2025-07-23,CUST0516,P004,5,0.1,Debit Card,Cancelled,1500,950,7500,6750.0,4750,2000.0
ORD009024,2025-12-02,CUST1114,P009,1,0.15,Cash,Completed,12000,8500,12000,10200.0,8500,1700.0
ORD009025,2026-05-12,CUST0453,P007,1,0.1,UPI,Completed,28000,22000,28000,25200.0,22000,3200.0
ORD009026,2026-03-18,CUST0060,P013,1,0.05,Credit Card,Completed,6000,4200,6000,5700.0,4200,1500.0
ORD009027,2025-09-15,CUST1335,P002,1,0.0,Net Banking,Completed,18000,13500,18000,18000.0,13500,4500.0
ORD009028,2025-10-19,CUST0528,P001,2,0.1,UPI,Completed,65000,52000,130000,117000.0,104000,13000.0
ORD009029,2025-05-05,CUST1251,P009,1,0.2,UPI,Completed,12000,8500,12000,9600.0,8500,1100.0
ORD009030,2025-06-24,CUST1024,P001,1,0.05,Credit Card,Completed,65000,52000,65000,61750.0,52000,9750.0
ORD009031,2026-05-07,CUST0474,P006,1,0.0,Credit Card,Cancelled,35000,28500,35000,35000.0,28500,6500.0
ORD009032,2025-03-21,CUST1565,P015,2,0.05,UPI,Completed,2200,1400,4400,4180.0,2800,1380.0
ORD009033,2026-09-11,CUST1687,P015,3,0.1,Credit Card,Completed,2200,1400,6600,5940.0,4200,1740.0
ORD009034,2025-11-01,CUST0757,P002,3,0.0,Credit Card,Completed,18000,13500,54000,54000.0,40500,13500.0
ORD009035,2026-05-25,CUST0782,P004,1,0.15,Credit Card,Completed,1500,950,1500,1275.0,950,325.0
ORD009036,2025-12-10,CUST1103,P006,2,0.15,Debit Card,Completed,35000,28500,70000,59500.0,57000,2500.0
ORD009037,2026-07-24,CUST0433,P005,1,0.05,Debit Card,Completed,4500,3000,4500,4275.0,3000,1275.0
ORD009038,2025-04-01,CUST1177,P011,1,0.0,Credit Card,Completed,4000,2600,4000,4000.0,2600,1400.0
ORD009039,2025-06-18,CUST0401,P006,3,0.1,Credit Card,Completed,35000,28500,105000,94500.0,85500,9000.0
ORD009040,2025-11-30,CUST1303,P003,1,0.0,Debit Card,Completed,3000,2100,3000,3000.0,2100,900.0
ORD009041,2026-09-26,CUST0057,P005,1,0.05,Credit Card,Completed,4500,3000,4500,4275.0,3000,1275.0
ORD009042,2025-08-24,CUST1003,P002,1,0.0,Net Banking,Completed,18000,13500,18000,18000.0,13500,4500.0
ORD009043,2026-02-03,CUST0186,P007,1,0.05,Credit Card,Completed,28000,22000,28000,26600.0,22000,4600.0
ORD009044,2026-08-11,CUST0398,P003,1,0.0,Credit Card,Completed,3000,2100,3000,3000.0,2100,900.0
ORD009045,2026-04-22,CUST0605,P001,2,0.1,UPI,Completed,65000,52000,130000,117000.0,104000,13000.0
ORD009046,2026-06-19,CUST0788,P014,1,0.1,Net Banking,Completed,2500,1600,2500,2250.0,1600,650.0
ORD009047,2026-08-08,CUST0158,P008,4,0.2,Credit Card,Completed,16000,12500,64000,51200.0,50000,1200.0
ORD009048,2025-03-29,CUST1717,P008,2,0.0,Debit Card,Completed,16000,12500,32000,32000.0,25000,7000.0
ORD009049,2026-09-07,CUST1383,P003,3,0.0,Credit Card,Completed,3000,2100,9000,9000.0,6300,2700.0
ORD009050,2026-08-29,CUST1464,P013,3,0.05,UPI,Completed,6000,4200,18000,17100.0,12600,4500.0
ORD009051,2025-09-10,CUST0589,P007,2,0.0,Credit Card,Completed,28000,22000,56000,56000.0,44000,12000.0
ORD009052,2025-12-24,CUST0466,P009,2,0.0,UPI,Completed,12000,8500,24000,24000.0,17000,7000.0
ORD009053,2025-02-27,CUST1687,P008,1,0.05,Credit Card,Completed,16000,12500,16000,15200.0,12500,2700.0
ORD009054,2026-02-03,CUST0446,P003,2,0.05,UPI,Completed,3000,2100,6000,5700.0,4200,1500.0
ORD009055,2026-06-05,CUST1774,P015,1,0.0,UPI,Cancelled,2200,1400,2200,2200.0,1400,800.0
ORD009056,2026-06-09,CUST0801,P013,1,0.05,UPI,Completed,6000,4200,6000,5700.0,4200,1500.0
ORD009057,2026-02-21,CUST1767,P002,1,0.05,Debit Card,Completed,18000,13500,18000,17100.0,13500,3600.0
ORD009058,2026-01-28,CUST1512,P013,2,0.0,Debit Card,Cancelled,6000,4200,12000,12000.0,8400,3600.0
ORD009059,2025-08-10,CUST1554,P010,4,0.15,UPI,Completed,22000,16000,88000,74800.0,64000,10800.0
ORD009060,2025-11-25,CUST1097,P007,1,0.0,Credit Card,Completed,28000,22000,28000,28000.0,22000,6000.0
ORD009061,2026-01-07,CUST0929,P007,2,0.0,Credit Card,Completed,28000,22000,56000,56000.0,44000,12000.0
ORD009062,2026-05-26,CUST1725,P009,3,0.0,Credit Card,Completed,12000,8500,36000,36000.0,25500,10500.0
ORD009063,2025-06-02,CUST0017,P005,1,0.0,UPI,Completed,4500,3000,4500,4500.0,3000,1500.0
ORD009064,2026-04-25,CUST1555,P004,1,0.15,UPI,Completed,1500,950,1500,1275.0,950,325.0
ORD009065,2026-08-06,CUST0731,P008,1,0.0,Net Banking,Completed,16000,12500,16000,16000.0,12500,3500.0
ORD009066,2025-01-20,CUST0326,P014,3,0.1,Net Banking,Completed,2500,1600,7500,6750.0,4800,1950.0
ORD009067,2026-08-16,CUST0995,P004,1,0.05,Credit Card,Completed,1500,950,1500,1425.0,950,475.0
ORD009068,2025-08-16,CUST1656,P004,1,0.1,Debit Card,Completed,1500,950,1500,1350.0,950,400.0
ORD009069,2025-12-12,CUST0613,P012,1,0.15,Credit Card,Cancelled,9000,6500,9000,7650.0,6500,1150.0
ORD009070,2025-01-19,CUST0546,P014,3,0.1,UPI,Completed,2500,1600,7500,6750.0,4800,1950.0
ORD009071,2026-03-20,CUST0596,P012,4,0.0,Net Banking,Completed,9000,6500,36000,36000.0,26000,10000.0
ORD009072,2026-01-03,CUST0921,P002,1,0.1,UPI,Cancelled,18000,13500,18000,16200.0,13500,2700.0
ORD009073,2026-09-11,CUST1732,P013,4,0.05,Debit Card,Completed,6000,4200,24000,22800.0,16800,6000.0
ORD009074,2025-05-27,CUST0842,P015,1,0.05,Credit Card,Completed,2200,1400,2200,2090.0,1400,690.0
ORD009075,2026-05-19,CUST1226,P001,1,0.1,Debit Card,Completed,65000,52000,65000,58500.0,52000,6500.0
ORD009076,2026-03-06,CUST0344,P004,4,0.2,Credit Card,Completed,1500,950,6000,4800.0,3800,1000.0
ORD009077,2026-03-16,CUST1547,P007,2,0.0,Debit Card,Completed,28000,22000,56000,56000.0,44000,12000.0
ORD009078,2025-07-17,CUST0859,P012,1,0.1,UPI,Completed,9000,6500,9000,8100.0,6500,1600.0
ORD009079,2025-10-14,CUST1424,P009,2,0.0,UPI,Completed,12000,8500,24000,24000.0,17000,7000.0
ORD009080,2026-07-19,CUST1242,P009,3,0.05,Net Banking,Completed,12000,8500,36000,34200.0,25500,8700.0
ORD009081,2026-01-04,CUST0445,P012,3,0.15,Debit Card,Completed,9000,6500,27000,22950.0,19500,3450.0
ORD009082,2025-08-28,CUST1789,P010,3,0.05,Net Banking,Completed,22000,16000,66000,62700.0,48000,14700.0
ORD009083,2025-10-14,CUST0222,P015,2,0.0,Credit Card,Completed,2200,1400,4400,4400.0,2800,1600.0
ORD009084,2026-01-30,CUST1407,P001,3,0.05,Credit Card,Cancelled,65000,52000,195000,185250.0,156000,29250.0
ORD009085,2026-06-02,CUST0592,P005,2,0.1,Credit Card,Completed,4500,3000,9000,8100.0,6000,2100.0
ORD009086,2026-07-15,CUST1031,P007,2,0.05,UPI,Completed,28000,22000,56000,53200.0,44000,9200.0
ORD009087,2025-03-01,CUST1296,P013,2,0.0,Debit Card,Completed,6000,4200,12000,12000.0,8400,3600.0
ORD009088,2026-06-29,CUST1763,P007,1,0.05,Net Banking,Completed,28000,22000,28000,26600.0,22000,4600.0
ORD009089,2025-10-30,CUST1018,P010,1,0.15,Net Banking,Completed,22000,16000,22000,18700.0,16000,2700.0
ORD009090,2025-09-01,CUST0016,P006,1,0.1,Credit Card,Completed,35000,28500,35000,31500.0,28500,3000.0
ORD009091,2025-07-26,CUST1448,P011,2,0.1,Credit Card,Completed,4000,2600,8000,7200.0,5200,2000.0
ORD009092,2026-01-10,CUST0524,P010,1,0.1,Net Banking,Completed,22000,16000,22000,19800.0,16000,3800.0
ORD009093,2025-10-10,CUST0803,P004,1,0.0,Debit Card,Completed,1500,950,1500,1500.0,950,550.0
ORD009094,2026-04-23,CUST1777,P003,1,0.05,Net Banking,Completed,3000,2100,3000,2850.0,2100,750.0
ORD009095,2025-01-22,CUST0021,P012,1,0.05,Debit Card,Completed,9000,6500,9000,8550.0,6500,2050.0
ORD009096,2026-07-13,CUST1714,P013,2,0.0,Net Banking,Completed,6000,4200,12000,12000.0,8400,3600.0
ORD009097,2025-12-15,CUST0228,P009,1,0.0,UPI,Completed,12000,8500,12000,12000.0,8500,3500.0
ORD009098,2026-05-04,CUST1008,P015,1,0.1,Debit Card,Completed,2200,1400,2200,1980.0,1400,580.0
ORD009099,2025-09-15,CUST1312,P012,2,0.0,UPI,Completed,9000,6500,18000,18000.0,13000,5000.0
ORD009100,2025-02-16,CUST0809,P013,3,0.0,Debit Card,Returned,6000,4200,18000,18000.0,12600,5400.0
ORD009101,2025-01-27,CUST1158,P010,1,0.0,Debit Card,Completed,22000,16000,22000,22000.0,16000,6000.0
ORD009102,2025-01-27,CUST1307,P004,1,0.0,UPI,Completed,1500,950,1500,1500.0,950,550.0
ORD009103,2026-02-01,CUST0404,P008,4,0.05,Credit Card,Completed,16000,12500,64000,60800.0,50000,10800.0
ORD009104,2025-05-25,CUST1689,P013,1,0.1,UPI,Completed,6000,4200,6000,5400.0,4200,1200.0
ORD009105,2026-08-10,CUST1090,P001,4,0.0,UPI,Completed,65000,52000,260000,260000.0,208000,52000.0
ORD009106,2026-06-06,CUST1673,P007,1,0.0,UPI,Completed,28000,22000,28000,28000.0,22000,6000.0
ORD009107,2025-05-01,CUST1628,P012,1,0.1,Credit Card,Completed,9000,6500,9000,8100.0,6500,1600.0
ORD009108,2026-04-07,CUST0437,P006,1,0.05,UPI,Completed,35000,28500,35000,33250.0,28500,4750.0
ORD009109,2026-01-17,CUST0829,P013,1,0.1,UPI,Completed,6000,4200,6000,5400.0,4200,1200.0
ORD009110,2026-02-22,CUST0934,P012,3,0.0,UPI,Completed,9000,6500,27000,27000.0,19500,7500.0
ORD009111,2025-11-23,CUST0259,P001,5,0.1,UPI,Completed,65000,52000,325000,292500.0,260000,32500.0
ORD009112,2026-01-26,CUST0103,P015,4,0.05,UPI,Completed,2200,1400,8800,8360.0,5600,2760.0
ORD009113,2025-10-24,CUST0993,P004,3,0.1,Debit Card,Completed,1500,950,4500,4050.0,2850,1200.0
ORD009114,2026-09-22,CUST1591,P012,3,0.0,Debit Card,Completed,9000,6500,27000,27000.0,19500,7500.0
ORD009115,2025-03-25,CUST0769,P015,2,0.0,Cash,Completed,2200,1400,4400,4400.0,2800,1600.0
ORD009116,2025-05-26,CUST1125,P014,3,0.1,UPI,Completed,2500,1600,7500,6750.0,4800,1950.0
ORD009117,2025-06-20,CUST1222,P005,1,0.0,Net Banking,Completed,4500,3000,4500,4500.0,3000,1500.0
ORD009118,2025-11-30,CUST0813,P011,1,0.0,Credit Card,Completed,4000,2600,4000,4000.0,2600,1400.0
ORD009119,2026-02-28,CUST0226,P008,2,0.05,Credit Card,Completed,16000,12500,32000,30400.0,25000,5400.0
ORD009120,2025-11-05,CUST0943,P015,3,0.05,UPI,Completed,2200,1400,6600,6270.0,4200,2070.0
ORD009121,2026-06-10,CUST0463,P004,2,0.1,UPI,Completed,1500,950,3000,2700.0,1900,800.0
ORD009122,2026-07-23,CUST0237,P003,3,0.1,Credit Card,Completed,3000,2100,9000,8100.0,6300,1800.0
ORD009123,2025-12-13,CUST1050,P002,1,0.05,Net Banking,Completed,18000,13500,18000,17100.0,13500,3600.0
ORD009124,2025-10-29,CUST1145,P004,2,0.05,Net Banking,Completed,1500,950,3000,2850.0,1900,950.0
ORD009125,2025-12-13,CUST0506,P011,5,0.15,Cash,Completed,4000,2600,20000,17000.0,13000,4000.0
ORD009126,2026-02-12,CUST1206,P010,1,0.05,Net Banking,Completed,22000,16000,22000,20900.0,16000,4900.0
ORD009127,2025-05-13,CUST1735,P014,4,0.1,Debit Card,Completed,2500,1600,10000,9000.0,6400,2600.0
ORD009128,2026-09-06,CUST0814,P013,2,0.0,Credit Card,Completed,6000,4200,12000,12000.0,8400,3600.0
ORD009129,2025-04-16,CUST0767,P004,2,0.15,Net Banking,Returned,1500,950,3000,2550.0,1900,650.0
ORD009130,2025-06-20,CUST0634,P013,3,0.0,Debit Card,Completed,6000,4200,18000,18000.0,12600,5400.0
ORD009131,2025-09-07,CUST1567,P010,1,0.05,UPI,Completed,22000,16000,22000,20900.0,16000,4900.0
ORD009132,2026-06-28,CUST1339,P005,1,0.05,Debit Card,Completed,4500,3000,4500,4275.0,3000,1275.0
ORD009133,2025-09-19,CUST0991,P013,2,0.1,Credit Card,Completed,6000,4200,12000,10800.0,8400,2400.0
ORD009134,2026-05-09,CUST0618,P007,1,0.05,Credit Card,Completed,28000,22000,28000,26600.0,22000,4600.0
ORD009135,2025-09-01,CUST1760,P009,2,0.1,Net Banking,Completed,12000,8500,24000,21600.0,17000,4600.0
ORD009136,2026-03-27,CUST0273,P002,1,0.0,Debit Card,Completed,18000,13500,18000,18000.0,13500,4500.0
ORD009137,2025-10-17,CUST0232,P005,4,0.05,Net Banking,Completed,4500,3000,18000,17100.0,12000,5100.0
ORD009138,2025-09-20,CUST1444,P011,1,0.1,Net Banking,Completed,4000,2600,4000,3600.0,2600,1000.0
ORD009139,2025-11-10,CUST0768,P010,1,0.0,UPI,Completed,22000,16000,22000,22000.0,16000,6000.0
ORD009140,2025-03-26,CUST1466,P009,4,0.0,UPI,Returned,12000,8500,48000,48000.0,34000,14000.0
ORD009141,2026-02-19,CUST0496,P012,4,0.05,Credit Card,Completed,9000,6500,36000,34200.0,26000,8200.0
ORD009142,2025-11-25,CUST1048,P014,2,0.2,Net Banking,Completed,2500,1600,5000,4000.0,3200,800.0
ORD009143,2025-02-14,CUST1133,P013,2,0.0,UPI,Completed,6000,4200,12000,12000.0,8400,3600.0
ORD009144,2025-11-29,CUST1727,P003,1,0.0,Debit Card,Completed,3000,2100,3000,3000.0,2100,900.0
ORD009145,2026-04-10,CUST0502,P001,1,0.05,Credit Card,Completed,65000,52000,65000,61750.0,52000,9750.0
ORD009146,2025-07-19,CUST0025,P002,1,0.0,Debit Card,Completed,18000,13500,18000,18000.0,13500,4500.0
ORD009147,2025-07-20,CUST1211,P014,3,0.05,UPI,Completed,2500,1600,7500,7125.0,4800,2325.0
ORD009148,2025-11-25,CUST0288,P006,1,0.1,UPI,Cancelled,35000,28500,35000,31500.0,28500,3000.0
ORD009149,2025-08-28,CUST1652,P005,2,0.0,UPI,Cancelled,4500,3000,9000,9000.0,6000,3000.0
ORD009150,2026-08-06,CUST0338,P001,1,0.1,Credit Card,Completed,65000,52000,65000,58500.0,52000,6500.0
ORD009151,2025-12-25,CUST1061,P001,1,0.05,UPI,Completed,65000,52000,65000,61750.0,52000,9750.0
ORD009152,2025-12-26,CUST0137,P011,2,0.15,Net Banking,Completed,4000,2600,8000,6800.0,5200,1600.0
ORD009153,2026-01-13,CUST0508,P004,3,0.2,UPI,Completed,1500,950,4500,3600.0,2850,750.0
ORD009154,2026-01-20,CUST0227,P012,1,0.05,Debit Card,Completed,9000,6500,9000,8550.0,6500,2050.0
ORD009155,2026-04-10,CUST0320,P015,1,0.05,Net Banking,Completed,2200,1400,2200,2090.0,1400,690.0
ORD009156,2025-08-10,CUST0916,P004,1,0.1,Debit Card,Completed,1500,950,1500,1350.0,950,400.0
ORD009157,2025-12-31,CUST1206,P015,1,0.0,UPI,Completed,2200,1400,2200,2200.0,1400,800.0
ORD009158,2025-03-13,CUST0086,P006,2,0.0,Net Banking,Completed,35000,28500,70000,70000.0,57000,13000.0
ORD009159,2025-08-28,CUST1491,P006,1,0.2,UPI,Completed,35000,28500,35000,28000.0,28500,-500.0
ORD009160,2026-05-19,CUST0926,P010,1,0.05,UPI,Completed,22000,16000,22000,20900.0,16000,4900.0
ORD009161,2026-02-18,CUST0053,P014,3,0.0,Credit Card,Completed,2500,1600,7500,7500.0,4800,2700.0
ORD009162,2025-05-07,CUST0860,P006,2,0.1,UPI,Completed,35000,28500,70000,63000.0,57000,6000.0
ORD009163,2026-05-02,CUST0867,P001,1,0.05,Debit Card,Completed,65000,52000,65000,61750.0,52000,9750.0
ORD009164,2026-08-20,CUST1259,P010,1,0.0,Credit Card,Completed,22000,16000,22000,22000.0,16000,6000.0
ORD009165,2026-06-11,CUST0433,P009,1,0.0,Credit Card,Completed,12000,8500,12000,12000.0,8500,3500.0
ORD009166,2025-09-05,CUST1520,P011,1,0.0,UPI,Completed,4000,2600,4000,4000.0,2600,1400.0
ORD009167,2026-04-27,CUST0999,P007,2,0.15,Credit Card,Completed,28000,22000,56000,47600.0,44000,3600.0
ORD009168,2025-11-08,CUST0100,P007,2,0.15,UPI,Completed,28000,22000,56000,47600.0,44000,3600.0
ORD009169,2026-03-20,CUST0990,P011,1,0.0,UPI,Completed,4000,2600,4000,4000.0,2600,1400.0
ORD009170,2025-10-10,CUST0599,P007,2,0.1,Credit Card,Completed,28000,22000,56000,50400.0,44000,6400.0
ORD009171,2025-01-02,CUST0403,P002,1,0.05,Debit Card,Completed,18000,13500,18000,17100.0,13500,3600.0
ORD009172,2025-03-15,CUST0396,P002,1,0.1,Debit Card,Cancelled,18000,13500,18000,16200.0,13500,2700.0
ORD009173,2025-03-05,CUST1551,P006,3,0.0,UPI,Completed,35000,28500,105000,105000.0,85500,19500.0
ORD009174,2025-12-13,CUST0415,P007,1,0.05,Net Banking,Completed,28000,22000,28000,26600.0,22000,4600.0
ORD009175,2025-11-20,CUST0939,P003,1,0.0,UPI,Completed,3000,2100,3000,3000.0,2100,900.0
ORD009176,2025-08-27,CUST1637,P013,3,0.0,Debit Card,Completed,6000,4200,18000,18000.0,12600,5400.0
ORD009177,2026-02-01,CUST0677,P004,1,0.0,UPI,Completed,1500,950,1500,1500.0,950,550.0
ORD009178,2025-12-03,CUST0463,P014,1,0.0,Debit Card,Completed,2500,1600,2500,2500.0,1600,900.0
ORD009179,2025-12-07,CUST0541,P012,2,0.2,Credit Card,Completed,9000,6500,18000,14400.0,13000,1400.0
ORD009180,2025-10-06,CUST1650,P003,2,0.2,Credit Card,Completed,3000,2100,6000,4800.0,4200,600.0
ORD009181,2025-12-19,CUST1643,P007,3,0.1,UPI,Completed,28000,22000,84000,75600.0,66000,9600.0
ORD009182,2026-04-08,CUST1388,P007,1,0.0,Credit Card,Completed,28000,22000,28000,28000.0,22000,6000.0
ORD009183,2026-04-07,CUST1154,P004,1,0.05,Debit Card,Completed,1500,950,1500,1425.0,950,475.0
ORD009184,2025-10-20,CUST0084,P013,1,0.05,Debit Card,Completed,6000,4200,6000,5700.0,4200,1500.0
ORD009185,2026-02-11,CUST0271,P007,2,0.05,UPI,Completed,28000,22000,56000,53200.0,44000,9200.0
ORD009186,2025-06-11,CUST0244,P005,1,0.0,Credit Card,Completed,4500,3000,4500,4500.0,3000,1500.0
ORD009187,2026-05-18,CUST0388,P001,2,0.05,UPI,Completed,65000,52000,130000,123500.0,104000,19500.0
ORD009188,2026-03-24,CUST0214,P010,1,0.0,UPI,Completed,22000,16000,22000,22000.0,16000,6000.0
ORD009189,2026-03-31,CUST0818,P004,1,0.1,UPI,Completed,1500,950,1500,1350.0,950,400.0
ORD009190,2025-09-22,CUST1190,P007,1,0.1,UPI,Completed,28000,22000,28000,25200.0,22000,3200.0
ORD009191,2025-05-12,CUST0059,P013,4,0.05,Debit Card,Completed,6000,4200,24000,22800.0,16800,6000.0
ORD009192,2025-04-30,CUST1626,P015,3,0.1,Credit Card,Completed,2200,1400,6600,5940.0,4200,1740.0
ORD009193,2025-08-07,CUST0883,P002,5,0.0,Net Banking,Completed,18000,13500,90000,90000.0,67500,22500.0
ORD009194,2026-02-21,CUST0843,P002,1,0.0,Debit Card,Completed,18000,13500,18000,18000.0,13500,4500.0
ORD009195,2026-05-20,CUST0924,P001,1,0.0,Credit Card,Completed,65000,52000,65000,65000.0,52000,13000.0
ORD009196,2025-10-27,CUST1528,P002,1,0.1,Credit Card,Completed,18000,13500,18000,16200.0,13500,2700.0
ORD009197,2025-04-19,CUST1730,P010,2,0.0,Net Banking,Completed,22000,16000,44000,44000.0,32000,12000.0
ORD009198,2025-08-26,CUST0123,P014,1,0.05,Credit Card,Completed,2500,1600,2500,2375.0,1600,775.0
ORD009199,2025-10-20,CUST1672,P008,1,0.0,Credit Card,Completed,16000,12500,16000,16000.0,12500,3500.0
ORD009200,2026-08-02,CUST1437,P011,1,0.0,Net Banking,Returned,4000,2600,4000,4000.0,2600,1400.0
ORD009201,2025-07-06,CUST1163,P008,1,0.0,UPI,Completed,16000,12500,16000,16000.0,12500,3500.0
ORD009202,2025-02-05,CUST1253,P008,1,0.1,Debit Card,Completed,16000,12500,16000,14400.0,12500,1900.0
ORD009203,2026-07-15,CUST1298,P015,1,0.05,UPI,Completed,2200,1400,2200,2090.0,1400,690.0
ORD009204,2025-09-13,CUST0439,P001,1,0.1,Net Banking,Completed,65000,52000,65000,58500.0,52000,6500.0
ORD009205,2026-03-11,CUST1022,P001,1,0.0,Net Banking,Completed,65000,52000,65000,65000.0,52000,13000.0
ORD009206,2026-09-11,CUST0562,P012,2,0.0,Credit Card,Completed,9000,6500,18000,18000.0,13000,5000.0
ORD009207,2025-01-08,CUST0118,P010,2,0.1,Debit Card,Returned,22000,16000,44000,39600.0,32000,7600.0
ORD009208,2025-06-27,CUST1738,P004,1,0.0,Debit Card,Returned,1500,950,1500,1500.0,950,550.0
ORD009209,2025-08-30,CUST0905,P006,3,0.0,Credit Card,Completed,35000,28500,105000,105000.0,85500,19500.0
ORD009210,2025-02-10,CUST1507,P008,1,0.0,Net Banking,Completed,16000,12500,16000,16000.0,12500,3500.0
ORD009211,2025-12-23,CUST0395,P013,1,0.1,Credit Card,Completed,6000,4200,6000,5400.0,4200,1200.0
ORD009212,2025-04-23,CUST1727,P002,2,0.1,Net Banking,Completed,18000,13500,36000,32400.0,27000,5400.0
ORD009213,2025-06-15,CUST0876,P013,4,0.0,Credit Card,Completed,6000,4200,24000,24000.0,16800,7200.0
ORD009214,2026-05-19,CUST1484,P003,2,0.05,Credit Card,Completed,3000,2100,6000,5700.0,4200,1500.0
ORD009215,2025-03-19,CUST1717,P006,1,0.1,UPI,Completed,35000,28500,35000,31500.0,28500,3000.0
ORD009216,2025-07-15,CUST0935,P010,2,0.05,UPI,Completed,22000,16000,44000,41800.0,32000,9800.0
ORD009217,2026-02-06,CUST1102,P004,1,0.0,Net Banking,Completed,1500,950,1500,1500.0,950,550.0
ORD009218,2025-03-05,CUST0952,P012,1,0.1,Credit Card,Completed,9000,6500,9000,8100.0,6500,1600.0
ORD009219,2026-03-01,CUST1436,P002,1,0.1,Credit Card,Completed,18000,13500,18000,16200.0,13500,2700.0
ORD009220,2025-02-11,CUST0075,P007,2,0.0,Credit Card,Completed,28000,22000,56000,56000.0,44000,12000.0
ORD009221,2026-01-08,CUST0295,P004,1,0.1,UPI,Returned,1500,950,1500,1350.0,950,400.0
ORD009222,2025-11-02,CUST0021,P008,2,0.05,Credit Card,Completed,16000,12500,32000,30400.0,25000,5400.0
ORD009223,2025-07-28,CUST1195,P008,2,0.1,Credit Card,Completed,16000,12500,32000,28800.0,25000,3800.0
ORD009224,2026-04-12,CUST1039,P007,1,0.0,Net Banking,Completed,28000,22000,28000,28000.0,22000,6000.0
ORD009225,2025-10-31,CUST1235,P010,3,0.0,Credit Card,Returned,22000,16000,66000,66000.0,48000,18000.0
ORD009226,2026-08-08,CUST0560,P009,2,0.05,Net Banking,Completed,12000,8500,24000,22800.0,17000,5800.0
ORD009227,2026-01-27,CUST1110,P004,1,0.05,Debit Card,Completed,1500,950,1500,1425.0,950,475.0
ORD009228,2025-06-02,CUST1173,P007,1,0.05,UPI,Completed,28000,22000,28000,26600.0,22000,4600.0
ORD009229,2025-12-28,CUST1724,P010,2,0.1,Net Banking,Completed,22000,16000,44000,39600.0,32000,7600.0
ORD009230,2025-09-21,CUST0372,P010,1,0.05,UPI,Completed,22000,16000,22000,20900.0,16000,4900.0
ORD009231,2025-08-04,CUST1504,P015,4,0.1,Credit Card,Completed,2200,1400,8800,7920.0,5600,2320.0
ORD009232,2026-09-14,CUST0818,P012,1,0.0,UPI,Completed,9000,6500,9000,9000.0,6500,2500.0
ORD009233,2026-06-27,CUST1175,P001,1,0.1,Credit Card,Completed,65000,52000,65000,58500.0,52000,6500.0
ORD009234,2026-06-08,CUST1165,P004,4,0.05,UPI,Completed,1500,950,6000,5700.0,3800,1900.0
ORD009235,2025-07-13,CUST1093,P002,4,0.0,Debit Card,Completed,18000,13500,72000,72000.0,54000,18000.0
ORD009236,2025-01-27,CUST1284,P009,1,0.0,Net Banking,Completed,12000,8500,12000,12000.0,8500,3500.0
ORD009237,2025-02-15,CUST0846,P005,2,0.0,Debit Card,Completed,4500,3000,9000,9000.0,6000,3000.0
ORD009238,2025-02-27,CUST0521,P003,1,0.05,Credit Card,Completed,3000,2100,3000,2850.0,2100,750.0
ORD009239,2025-01-13,CUST1657,P004,2,0.0,Debit Card,Completed,1500,950,3000,3000.0,1900,1100.0
ORD009240,2026-09-04,CUST0371,P006,3,0.2,Net Banking,Completed,35000,28500,105000,84000.0,85500,-1500.0
ORD009241,2025-02-18,CUST1443,P010,1,0.15,UPI,Completed,22000,16000,22000,18700.0,16000,2700.0
ORD009242,2025-04-04,CUST0101,P001,1,0.1,UPI,Completed,65000,52000,65000,58500.0,52000,6500.0
ORD009243,2026-08-30,CUST0661,P007,1,0.05,UPI,Completed,28000,22000,28000,26600.0,22000,4600.0
ORD009244,2026-08-07,CUST1682,P008,1,0.1,Credit Card,Returned,16000,12500,16000,14400.0,12500,1900.0
ORD009245,2026-03-27,CUST0968,P007,1,0.0,Debit Card,Completed,28000,22000,28000,28000.0,22000,6000.0
ORD009246,2026-01-14,CUST0243,P007,3,0.05,Debit Card,Completed,28000,22000,84000,79800.0,66000,13800.0
ORD009247,2025-01-10,CUST0753,P009,1,0.05,Credit Card,Completed,12000,8500,12000,11400.0,8500,2900.0
ORD009248,2026-05-31,CUST0512,P013,2,0.0,Debit Card,Completed,6000,4200,12000,12000.0,8400,3600.0
ORD009249,2025-08-12,CUST0849,P004,3,0.0,Debit Card,Completed,1500,950,4500,4500.0,2850,1650.0
ORD009250,2026-01-16,CUST0555,P014,2,0.05,Debit Card,Completed,2500,1600,5000,4750.0,3200,1550.0
ORD009251,2026-06-25,CUST1119,P007,1,0.0,UPI,Completed,28000,22000,28000,28000.0,22000,6000.0
ORD009252,2025-10-29,CUST0226,P009,1,0.1,UPI,Completed,12000,8500,12000,10800.0,8500,2300.0
ORD009253,2025-07-22,CUST1542,P015,2,0.15,UPI,Completed,2200,1400,4400,3740.0,2800,940.0
ORD009254,2026-08-12,CUST0214,P005,1,0.0,Net Banking,Completed,4500,3000,4500,4500.0,3000,1500.0
ORD009255,2026-07-25,CUST0718,P002,3,0.05,Debit Card,Completed,18000,13500,54000,51300.0,40500,10800.0
ORD009256,2025-07-15,CUST0067,P015,1,0.1,UPI,Completed,2200,1400,2200,1980.0,1400,580.0
ORD009257,2025-11-18,CUST0396,P005,2,0.0,UPI,Completed,4500,3000,9000,9000.0,6000,3000.0
ORD009258,2026-02-22,CUST0612,P004,2,0.15,Debit Card,Completed,1500,950,3000,2550.0,1900,650.0
ORD009259,2026-09-11,CUST1036,P008,2,0.15,Credit Card,Completed,16000,12500,32000,27200.0,25000,2200.0
ORD009260,2025-12-08,CUST1261,P015,1,0.0,UPI,Completed,2200,1400,2200,2200.0,1400,800.0
ORD009261,2026-01-24,CUST0770,P005,1,0.0,UPI,Completed,4500,3000,4500,4500.0,3000,1500.0
ORD009262,2025-01-09,CUST1423,P009,3,0.2,UPI,Completed,12000,8500,36000,28800.0,25500,3300.0
ORD009263,2026-06-16,CUST0407,P009,1,0.2,Credit Card,Completed,12000,8500,12000,9600.0,8500,1100.0
ORD009264,2025-05-29,CUST0925,P003,1,0.05,UPI,Completed,3000,2100,3000,2850.0,2100,750.0
ORD009265,2026-01-18,CUST1504,P013,2,0.0,Debit Card,Completed,6000,4200,12000,12000.0,8400,3600.0
ORD009266,2026-06-13,CUST0647,P010,3,0.1,Cash,Completed,22000,16000,66000,59400.0,48000,11400.0
ORD009267,2025-01-12,CUST0222,P015,1,0.0,UPI,Completed,2200,1400,2200,2200.0,1400,800.0
ORD009268,2026-04-21,CUST1180,P006,2,0.15,UPI,Completed,35000,28500,70000,59500.0,57000,2500.0
ORD009269,2026-08-17,CUST0654,P006,2,0.1,UPI,Returned,35000,28500,70000,63000.0,57000,6000.0
ORD009270,2026-08-02,CUST0428,P004,1,0.1,Credit Card,Completed,1500,950,1500,1350.0,950,400.0
ORD009271,2025-02-22,CUST1182,P011,2,0.0,Debit Card,Completed,4000,2600,8000,8000.0,5200,2800.0
ORD009272,2026-03-12,CUST0977,P013,3,0.1,Credit Card,Completed,6000,4200,18000,16200.0,12600,3600.0
ORD009273,2025-07-25,CUST1440,P010,5,0.0,UPI,Cancelled,22000,16000,110000,110000.0,80000,30000.0
ORD009274,2025-02-23,CUST1006,P003,1,0.0,Debit Card,Completed,3000,2100,3000,3000.0,2100,900.0
ORD009275,2026-08-03,CUST1350,P001,2,0.05,Net Banking,Completed,65000,52000,130000,123500.0,104000,19500.0
ORD009276,2026-05-05,CUST0371,P012,1,0.05,UPI,Completed,9000,6500,9000,8550.0,6500,2050.0
ORD009277,2025-12-10,CUST1368,P007,1,0.1,UPI,Completed,28000,22000,28000,25200.0,22000,3200.0
ORD009278,2025-06-18,CUST1286,P015,2,0.15,Credit Card,Completed,2200,1400,4400,3740.0,2800,940.0
ORD009279,2025-06-10,CUST1307,P015,1,0.05,UPI,Completed,2200,1400,2200,2090.0,1400,690.0
ORD009280,2026-06-11,CUST0850,P005,1,0.05,Credit Card,Completed,4500,3000,4500,4275.0,3000,1275.0
ORD009281,2026-06-11,CUST0856,P014,1,0.05,Debit Card,Completed,2500,1600,2500,2375.0,1600,775.0
ORD009282,2025-10-14,CUST0229,P010,1,0.0,UPI,Completed,22000,16000,22000,22000.0,16000,6000.0
ORD009283,2026-02-16,CUST0280,P015,2,0.1,Net Banking,Completed,2200,1400,4400,3960.0,2800,1160.0
ORD009284,2026-06-06,CUST1314,P007,1,0.05,Debit Card,Completed,28000,22000,28000,26600.0,22000,4600.0
ORD009285,2026-07-23,CUST1704,P001,2,0.15,UPI,Completed,65000,52000,130000,110500.0,104000,6500.0
ORD009286,2025-07-18,CUST1071,P008,1,0.1,Credit Card,Completed,16000,12500,16000,14400.0,12500,1900.0
ORD009287,2025-06-10,CUST0975,P003,2,0.0,Debit Card,Completed,3000,2100,6000,6000.0,4200,1800.0
ORD009288,2026-01-24,CUST1739,P007,3,0.0,UPI,Completed,28000,22000,84000,84000.0,66000,18000.0
ORD009289,2026-04-19,CUST1238,P012,1,0.05,UPI,Completed,9000,6500,9000,8550.0,6500,2050.0
ORD009290,2026-01-16,CUST0758,P003,2,0.0,Credit Card,Completed,3000,2100,6000,6000.0,4200,1800.0
ORD009291,2026-09-23,CUST1048,P014,2,0.05,Debit Card,Completed,2500,1600,5000,4750.0,3200,1550.0
ORD009292,2026-08-15,CUST0321,P003,2,0.0,Credit Card,Completed,3000,2100,6000,6000.0,4200,1800.0
ORD009293,2025-05-04,CUST0274,P010,1,0.2,UPI,Returned,22000,16000,22000,17600.0,16000,1600.0
ORD009294,2025-03-13,CUST0556,P009,2,0.0,Net Banking,Completed,12000,8500,24000,24000.0,17000,7000.0
ORD009295,2025-06-17,CUST0844,P013,1,0.1,Debit Card,Completed,6000,4200,6000,5400.0,4200,1200.0
ORD009296,2025-10-11,CUST1337,P002,1,0.0,Debit Card,Completed,18000,13500,18000,18000.0,13500,4500.0
ORD009297,2026-05-09,CUST1387,P014,2,0.05,Debit Card,Completed,2500,1600,5000,4750.0,3200,1550.0
ORD009298,2025-02-05,CUST0668,P004,1,0.0,Credit Card,Completed,1500,950,1500,1500.0,950,550.0
ORD009299,2025-06-24,CUST1000,P006,2,0.05,Cash,Completed,35000,28500,70000,66500.0,57000,9500.0
ORD009300,2025-07-18,CUST0380,P014,2,0.05,UPI,Completed,2500,1600,5000,4750.0,3200,1550.0
ORD009301,2025-04-26,CUST0711,P003,2,0.1,Debit Card,Completed,3000,2100,6000,5400.0,4200,1200.0
ORD009302,2025-11-11,CUST1698,P012,1,0.05,Credit Card,Completed,9000,6500,9000,8550.0,6500,2050.0
ORD009303,2025-08-08,CUST1494,P010,5,0.1,Net Banking,Completed,22000,16000,110000,99000.0,80000,19000.0
ORD009304,2026-08-01,CUST0746,P014,2,0.1,Debit Card,Completed,2500,1600,5000,4500.0,3200,1300.0
ORD009305,2025-05-14,CUST0675,P010,1,0.15,Credit Card,Completed,22000,16000,22000,18700.0,16000,2700.0
ORD009306,2026-09-23,CUST0116,P007,1,0.1,Net Banking,Cancelled,28000,22000,28000,25200.0,22000,3200.0
ORD009307,2025-05-02,CUST0605,P007,2,0.0,Net Banking,Completed,28000,22000,56000,56000.0,44000,12000.0
ORD009308,2026-02-25,CUST1066,P015,3,0.2,UPI,Completed,2200,1400,6600,5280.0,4200,1080.0
ORD009309,2026-05-07,CUST0379,P005,2,0.15,UPI,Completed,4500,3000,9000,7650.0,6000,1650.0
ORD009310,2026-08-22,CUST1746,P003,2,0.1,Debit Card,Completed,3000,2100,6000,5400.0,4200,1200.0
ORD009311,2025-10-16,CUST1230,P002,1,0.05,Net Banking,Completed,18000,13500,18000,17100.0,13500,3600.0
ORD009312,2025-02-22,CUST0466,P015,1,0.0,Credit Card,Completed,2200,1400,2200,2200.0,1400,800.0
ORD009313,2025-07-24,CUST1756,P015,1,0.1,UPI,Completed,2200,1400,2200,1980.0,1400,580.0
ORD009314,2025-12-14,CUST0280,P004,2,0.15,Debit Card,Completed,1500,950,3000,2550.0,1900,650.0
ORD009315,2025-02-20,CUST1672,P014,1,0.1,UPI,Completed,2500,1600,2500,2250.0,1600,650.0
ORD009316,2025-02-09,CUST0618,P015,1,0.1,Credit Card,Completed,2200,1400,2200,1980.0,1400,580.0
ORD009317,2025-09-07,CUST0118,P013,1,0.0,Credit Card,Completed,6000,4200,6000,6000.0,4200,1800.0
ORD009318,2025-08-06,CUST1261,P004,3,0.05,Credit Card,Completed,1500,950,4500,4275.0,2850,1425.0
ORD009319,2025-06-28,CUST0309,P011,2,0.1,Net Banking,Completed,4000,2600,8000,7200.0,5200,2000.0
ORD009320,2026-07-05,CUST1480,P008,1,0.0,Credit Card,Completed,16000,12500,16000,16000.0,12500,3500.0
ORD009321,2025-07-02,CUST1499,P008,4,0.1,UPI,Completed,16000,12500,64000,57600.0,50000,7600.0
ORD009322,2025-06-13,CUST0100,P013,1,0.1,Credit Card,Completed,6000,4200,6000,5400.0,4200,1200.0
ORD009323,2026-01-12,CUST0261,P005,1,0.0,UPI,Completed,4500,3000,4500,4500.0,3000,1500.0
ORD009324,2026-05-12,CUST0993,P013,1,0.0,Debit Card,Completed,6000,4200,6000,6000.0,4200,1800.0
ORD009325,2026-08-20,CUST1329,P006,1,0.1,Credit Card,Completed,35000,28500,35000,31500.0,28500,3000.0
ORD009326,2026-04-06,CUST1378,P008,1,0.0,Debit Card,Completed,16000,12500,16000,16000.0,12500,3500.0
ORD009327,2026-04-19,CUST0286,P015,2,0.05,Net Banking,Completed,2200,1400,4400,4180.0,2800,1380.0
ORD009328,2025-02-06,CUST0328,P001,2,0.1,Credit Card,Completed,65000,52000,130000,117000.0,104000,13000.0
ORD009329,2026-08-22,CUST1127,P005,2,0.1,Cash,Completed,4500,3000,9000,8100.0,6000,2100.0
ORD009330,2025-11-15,CUST0063,P004,2,0.15,UPI,Completed,1500,950,3000,2550.0,1900,650.0
ORD009331,2026-07-09,CUST0687,P004,2,0.05,Debit Card,Completed,1500,950,3000,2850.0,1900,950.0
ORD009332,2026-02-16,CUST1306,P011,1,0.05,UPI,Completed,4000,2600,4000,3800.0,2600,1200.0
ORD009333,2025-12-22,CUST1465,P002,2,0.1,UPI,Completed,18000,13500,36000,32400.0,27000,5400.0
ORD009334,2026-09-09,CUST1317,P010,2,0.05,Debit Card,Completed,22000,16000,44000,41800.0,32000,9800.0
ORD009335,2025-08-17,CUST0738,P001,4,0.05,UPI,Completed,65000,52000,260000,247000.0,208000,39000.0
ORD009336,2025-09-21,CUST1031,P014,1,0.05,UPI,Completed,2500,1600,2500,2375.0,1600,775.0
ORD009337,2026-05-02,CUST0639,P015,1,0.05,UPI,Completed,2200,1400,2200,2090.0,1400,690.0
ORD009338,2026-07-15,CUST0936,P006,2,0.05,Credit Card,Completed,35000,28500,70000,66500.0,57000,9500.0
ORD009339,2025-12-18,CUST1116,P007,2,0.05,UPI,Completed,28000,22000,56000,53200.0,44000,9200.0
ORD009340,2026-03-18,CUST1214,P005,1,0.0,Credit Card,Completed,4500,3000,4500,4500.0,3000,1500.0
ORD009341,2026-09-27,CUST0476,P015,2,0.2,Debit Card,Completed,2200,1400,4400,3520.0,2800,720.0
ORD009342,2026-04-04,CUST1535,P008,1,0.0,Credit Card,Completed,16000,12500,16000,16000.0,12500,3500.0
ORD009343,2025-01-25,CUST1486,P009,4,0.0,UPI,Completed,12000,8500,48000,48000.0,34000,14000.0
ORD009344,2025-05-11,CUST0053,P011,1,0.05,Debit Card,Completed,4000,2600,4000,3800.0,2600,1200.0
ORD009345,2026-01-05,CUST0754,P011,1,0.05,Debit Card,Cancelled,4000,2600,4000,3800.0,2600,1200.0
ORD009346,2026-03-12,CUST0486,P002,1,0.15,Credit Card,Completed,18000,13500,18000,15300.0,13500,1800.0
ORD009347,2025-08-12,CUST1668,P011,1,0.1,Debit Card,Completed,4000,2600,4000,3600.0,2600,1000.0
ORD009348,2026-09-03,CUST1514,P013,1,0.1,UPI,Completed,6000,4200,6000,5400.0,4200,1200.0
ORD009349,2025-12-18,CUST1388,P004,2,0.15,Debit Card,Completed,1500,950,3000,2550.0,1900,650.0
ORD009350,2026-04-30,CUST1136,P011,3,0.15,UPI,Completed,4000,2600,12000,10200.0,7800,2400.0
ORD009351,2025-07-16,CUST0409,P009,1,0.0,Credit Card,Completed,12000,8500,12000,12000.0,8500,3500.0
ORD009352,2025-04-19,CUST1031,P005,2,0.05,UPI,Completed,4500,3000,9000,8550.0,6000,2550.0
ORD009353,2025-08-08,CUST1766,P003,1,0.05,Net Banking,Completed,3000,2100,3000,2850.0,2100,750.0
ORD009354,2025-11-15,CUST0668,P006,1,0.05,Credit Card,Completed,35000,28500,35000,33250.0,28500,4750.0
ORD009355,2025-03-23,CUST1221,P015,1,0.1,Cash,Completed,2200,1400,2200,1980.0,1400,580.0
ORD009356,2026-06-21,CUST0835,P003,1,0.05,Net Banking,Completed,3000,2100,3000,2850.0,2100,750.0
ORD009357,2026-03-08,CUST0876,P014,2,0.1,Cash,Completed,2500,1600,5000,4500.0,3200,1300.0
ORD009358,2025-01-08,CUST1759,P005,1,0.05,UPI,Completed,4500,3000,4500,4275.0,3000,1275.0
ORD009359,2026-09-28,CUST0367,P003,3,0.0,Debit Card,Completed,3000,2100,9000,9000.0,6300,2700.0
ORD009360,2025-05-29,CUST1002,P006,2,0.05,Credit Card,Completed,35000,28500,70000,66500.0,57000,9500.0
ORD009361,2025-04-08,CUST0250,P012,2,0.1,Credit Card,Completed,9000,6500,18000,16200.0,13000,3200.0
ORD009362,2025-04-11,CUST1619,P010,4,0.1,UPI,Completed,22000,16000,88000,79200.0,64000,15200.0
ORD009363,2026-01-02,CUST1264,P005,4,0.2,UPI,Returned,4500,3000,18000,14400.0,12000,2400.0
ORD009364,2026-04-07,CUST0380,P014,2,0.1,Debit Card,Completed,2500,1600,5000,4500.0,3200,1300.0
ORD009365,2026-02-18,CUST0872,P009,2,0.05,Cash,Completed,12000,8500,24000,22800.0,17000,5800.0
ORD009366,2025-09-16,CUST0835,P003,1,0.0,Credit Card,Completed,3000,2100,3000,3000.0,2100,900.0
ORD009367,2025-12-22,CUST1495,P006,2,0.1,UPI,Completed,35000,28500,70000,63000.0,57000,6000.0
ORD009368,2025-01-11,CUST0775,P008,2,0.1,Net Banking,Completed,16000,12500,32000,28800.0,25000,3800.0
ORD009369,2026-02-20,CUST0919,P007,4,0.05,Credit Card,Completed,28000,22000,112000,106400.0,88000,18400.0
ORD009370,2026-07-25,CUST1725,P006,1,0.0,Net Banking,Completed,35000,28500,35000,35000.0,28500,6500.0
ORD009371,2025-09-07,CUST0455,P014,1,0.05,Net Banking,Completed,2500,1600,2500,2375.0,1600,775.0
ORD009372,2026-07-04,CUST0366,P015,1,0.0,Credit Card,Completed,2200,1400,2200,2200.0,1400,800.0
ORD009373,2025-05-02,CUST1314,P002,3,0.15,Debit Card,Completed,18000,13500,54000,45900.0,40500,5400.0
ORD009374,2025-03-06,CUST0403,P015,1,0.1,Debit Card,Completed,2200,1400,2200,1980.0,1400,580.0
ORD009375,2025-10-29,CUST0058,P007,1,0.0,Debit Card,Cancelled,28000,22000,28000,28000.0,22000,6000.0
ORD009376,2025-05-05,CUST0521,P008,1,0.0,UPI,Completed,16000,12500,16000,16000.0,12500,3500.0
ORD009377,2025-11-08,CUST1328,P001,1,0.1,Debit Card,Completed,65000,52000,65000,58500.0,52000,6500.0
ORD009378,2025-07-10,CUST1139,P015,1,0.1,UPI,Completed,2200,1400,2200,1980.0,1400,580.0
ORD009379,2026-03-26,CUST0210,P009,2,0.05,Debit Card,Completed,12000,8500,24000,22800.0,17000,5800.0
ORD009380,2025-06-08,CUST1065,P004,1,0.1,Credit Card,Completed,1500,950,1500,1350.0,950,400.0
ORD009381,2025-12-19,CUST0816,P008,2,0.1,UPI,Completed,16000,12500,32000,28800.0,25000,3800.0
ORD009382,2025-09-20,CUST0173,P015,4,0.05,Net Banking,Completed,2200,1400,8800,8360.0,5600,2760.0
ORD009383,2026-02-10,CUST0234,P010,5,0.15,Credit Card,Completed,22000,16000,110000,93500.0,80000,13500.0
ORD009384,2026-08-26,CUST0793,P007,2,0.05,Credit Card,Completed,28000,22000,56000,53200.0,44000,9200.0
ORD009385,2025-01-17,CUST1614,P014,2,0.0,UPI,Completed,2500,1600,5000,5000.0,3200,1800.0
ORD009386,2026-09-29,CUST1644,P013,1,0.0,Credit Card,Completed,6000,4200,6000,6000.0,4200,1800.0
ORD009387,2025-09-17,CUST0793,P010,5,0.0,UPI,Completed,22000,16000,110000,110000.0,80000,30000.0
ORD009388,2025-12-21,CUST1427,P007,1,0.05,UPI,Returned,28000,22000,28000,26600.0,22000,4600.0
ORD009389,2026-05-04,CUST1063,P002,1,0.1,UPI,Completed,18000,13500,18000,16200.0,13500,2700.0
ORD009390,2025-08-02,CUST0119,P001,1,0.0,UPI,Completed,65000,52000,65000,65000.0,52000,13000.0
ORD009391,2025-08-27,CUST0335,P004,1,0.15,Credit Card,Completed,1500,950,1500,1275.0,950,325.0
ORD009392,2025-06-29,CUST1360,P012,1,0.1,Credit Card,Completed,9000,6500,9000,8100.0,6500,1600.0
ORD009393,2026-02-23,CUST1563,P002,2,0.0,Credit Card,Completed,18000,13500,36000,36000.0,27000,9000.0
ORD009394,2025-05-23,CUST1640,P008,2,0.0,Credit Card,Completed,16000,12500,32000,32000.0,25000,7000.0
ORD009395,2025-11-13,CUST1098,P010,2,0.05,Net Banking,Completed,22000,16000,44000,41800.0,32000,9800.0
ORD009396,2025-09-01,CUST1215,P007,1,0.0,UPI,Completed,28000,22000,28000,28000.0,22000,6000.0
ORD009397,2025-08-20,CUST0324,P008,3,0.0,Debit Card,Completed,16000,12500,48000,48000.0,37500,10500.0
ORD009398,2026-08-12,CUST1011,P011,1,0.0,Net Banking,Returned,4000,2600,4000,4000.0,2600,1400.0
ORD009399,2025-10-30,CUST1171,P006,1,0.05,UPI,Completed,35000,28500,35000,33250.0,28500,4750.0
ORD009400,2025-11-27,CUST1791,P001,2,0.0,Credit Card,Completed,65000,52000,130000,130000.0,104000,26000.0
ORD009401,2026-07-15,CUST0284,P014,4,0.0,Credit Card,Completed,2500,1600,10000,10000.0,6400,3600.0
ORD009402,2025-09-05,CUST0213,P013,1,,UPI,Completed,6000,4200,6000,5100.0,4200,900.0
ORD009403,2025-10-10,CUST1659,P013,2,0.0,UPI,Completed,6000,4200,12000,12000.0,8400,3600.0
ORD009404,2025-10-14,CUST1742,P012,2,0.05,Net Banking,Completed,9000,6500,18000,17100.0,13000,4100.0
ORD009405,2025-02-01,CUST0929,P009,3,0.0,Credit Card,Completed,12000,8500,36000,36000.0,25500,10500.0
ORD009406,2026-05-15,CUST0752,P006,1,0.0,UPI,Completed,35000,28500,35000,35000.0,28500,6500.0
ORD009407,2026-06-14,CUST1418,P012,1,0.1,Debit Card,Completed,9000,6500,9000,8100.0,6500,1600.0
ORD009408,2026-01-16,CUST0339,P013,1,0.0,Debit Card,Completed,6000,4200,6000,6000.0,4200,1800.0
ORD009409,2025-03-04,CUST1046,P010,1,0.0,UPI,Completed,22000,16000,22000,22000.0,16000,6000.0
ORD009410,2025-05-08,CUST1795,P001,1,0.05,Credit Card,Completed,65000,52000,65000,61750.0,52000,9750.0
ORD009411,2026-06-12,CUST0105,P001,5,0.0,Debit Card,Completed,65000,52000,325000,325000.0,260000,65000.0
ORD009412,2025-06-12,CUST1490,P008,1,0.05,UPI,Completed,16000,12500,16000,15200.0,12500,2700.0
ORD009413,2025-09-08,CUST1483,P006,4,0.0,Debit Card,Completed,35000,28500,140000,140000.0,114000,26000.0
ORD009414,2025-10-22,CUST1456,P008,1,0.0,UPI,Returned,16000,12500,16000,16000.0,12500,3500.0
ORD009415,2025-06-28,CUST0770,P008,4,0.0,UPI,Completed,16000,12500,64000,64000.0,50000,14000.0
ORD009416,2025-08-17,CUST0716,P015,2,0.2,UPI,Completed,2200,1400,4400,3520.0,2800,720.0
ORD009417,2026-01-29,CUST1798,P011,1,0.05,Net Banking,Completed,4000,2600,4000,3800.0,2600,1200.0
ORD009418,2026-01-31,CUST1643,P014,2,0.05,Net Banking,Completed,2500,1600,5000,4750.0,3200,1550.0
ORD009419,2025-03-13,CUST0763,P008,1,0.1,Credit Card,Completed,16000,12500,16000,14400.0,12500,1900.0
ORD009420,2025-11-14,CUST1245,P010,1,0.1,Credit Card,Completed,22000,16000,22000,19800.0,16000,3800.0
ORD009421,2026-08-18,CUST0379,P015,1,0.1,UPI,Completed,2200,1400,2200,1980.0,1400,580.0
ORD009422,2026-01-14,CUST1246,P007,1,0.1,Debit Card,Completed,28000,22000,28000,25200.0,22000,3200.0
ORD009423,2025-05-16,CUST1282,P007,2,0.05,UPI,Completed,28000,22000,56000,53200.0,44000,9200.0
ORD009424,2026-09-13,CUST0713,P010,3,0.05,Debit Card,Completed,22000,16000,66000,62700.0,48000,14700.0
ORD009425,2026-01-13,CUST1391,P004,1,0.1,,Completed,1500,950,1500,1350.0,950,400.0
ORD009426,2025-04-29,CUST1794,P009,4,0.15,UPI,Completed,12000,8500,48000,40800.0,34000,6800.0
ORD009427,2026-06-14,CUST1373,P012,4,0.0,Debit Card,Completed,9000,6500,36000,36000.0,26000,10000.0
ORD009428,2026-06-07,CUST0225,P002,1,0.05,Credit Card,Completed,18000,13500,18000,17100.0,13500,3600.0
ORD009429,2026-01-22,CUST1738,P011,1,0.1,UPI,Completed,4000,2600,4000,3600.0,2600,1000.0
ORD009430,2026-07-28,CUST0738,P009,1,0.0,Debit Card,Completed,12000,8500,12000,12000.0,8500,3500.0
ORD009431,2026-08-06,CUST0236,P010,2,0.15,Credit Card,Completed,22000,16000,44000,37400.0,32000,5400.0
ORD009432,2026-07-27,CUST0183,P003,1,0.05,Debit Card,Completed,3000,2100,3000,2850.0,2100,750.0
ORD009433,2026-07-27,CUST0712,P014,1,0.1,UPI,Completed,2500,1600,2500,2250.0,1600,650.0
ORD009434,2025-09-26,CUST1782,P013,2,0.0,Credit Card,Completed,6000,4200,12000,12000.0,8400,3600.0
ORD009435,2026-06-08,CUST0444,P015,2,0.0,Cash,Returned,2200,1400,4400,4400.0,2800,1600.0
ORD009436,2026-07-01,CUST0623,P002,1,0.0,Debit Card,Completed,18000,13500,18000,18000.0,13500,4500.0
ORD009437,2026-05-01,CUST1030,P013,3,0.0,Debit Card,Completed,6000,4200,18000,18000.0,12600,5400.0
ORD009438,2026-03-14,CUST1260,P004,2,0.05,UPI,Completed,1500,950,3000,2850.0,1900,950.0
ORD009439,2026-07-17,CUST1151,P005,1,0.1,UPI,Completed,4500,3000,4500,4050.0,3000,1050.0
ORD009440,2026-07-09,CUST1128,P002,2,0.05,Net Banking,Completed,18000,13500,36000,34200.0,27000,7200.0
ORD009441,2025-04-21,CUST0749,P013,1,0.0,UPI,Completed,6000,4200,6000,6000.0,4200,1800.0
ORD009442,2025-11-18,CUST1504,P015,1,0.0,Cash,Completed,2200,1400,2200,2200.0,1400,800.0
ORD009443,2026-06-11,CUST0155,P001,1,0.1,UPI,Completed,65000,52000,65000,58500.0,52000,6500.0
ORD009444,2025-06-26,CUST0257,P010,1,0.05,UPI,Completed,22000,16000,22000,20900.0,16000,4900.0
ORD009445,2026-07-05,CUST0235,P011,1,0.2,UPI,Completed,4000,2600,4000,3200.0,2600,600.0
ORD009446,2026-06-22,CUST0500,P005,1,0.1,Credit Card,Completed,4500,3000,4500,4050.0,3000,1050.0
ORD009447,2026-09-16,CUST0289,P009,2,0.1,Net Banking,Completed,12000,8500,24000,21600.0,17000,4600.0
ORD009448,2026-04-18,CUST0510,P015,2,0.0,Cash,Completed,2200,1400,4400,4400.0,2800,1600.0
ORD009449,2026-07-17,CUST1576,P012,1,0.1,Credit Card,Completed,9000,6500,9000,8100.0,6500,1600.0
ORD009450,2026-01-23,CUST0709,P012,1,0.0,UPI,Completed,9000,6500,9000,9000.0,6500,2500.0
ORD009451,2025-04-08,CUST0785,P015,3,0.05,Debit Card,Cancelled,2200,1400,6600,6270.0,4200,2070.0
ORD009452,2026-02-15,CUST0894,P005,1,0.05,Debit Card,Completed,4500,3000,4500,4275.0,3000,1275.0
ORD009453,2026-01-10,CUST0776,P012,1,0.05,Credit Card,Completed,9000,6500,9000,8550.0,6500,2050.0
ORD009454,2025-06-19,CUST1593,P011,2,0.0,UPI,Completed,4000,2600,8000,8000.0,5200,2800.0
ORD009455,2025-02-25,CUST0298,P010,3,0.05,UPI,Completed,22000,16000,66000,62700.0,48000,14700.0
ORD009456,2025-11-21,CUST1634,P009,3,0.0,Debit Card,Completed,12000,8500,36000,36000.0,25500,10500.0
ORD009457,2025-09-17,CUST0137,P014,2,0.0,Credit Card,Completed,2500,1600,5000,5000.0,3200,1800.0
ORD009458,2026-07-16,CUST0376,P013,1,0.1,Debit Card,Completed,6000,4200,6000,5400.0,4200,1200.0
ORD009459,2025-12-06,CUST0087,P012,2,0.2,UPI,Returned,9000,6500,18000,14400.0,13000,1400.0
ORD009460,2026-02-08,CUST1443,P010,1,0.1,Net Banking,Completed,22000,16000,22000,19800.0,16000,3800.0
ORD009461,2026-06-16,CUST1778,P006,1,0.05,UPI,Completed,35000,28500,35000,33250.0,28500,4750.0
ORD009462,2025-06-23,CUST1223,P003,2,0.0,UPI,Completed,3000,2100,6000,6000.0,4200,1800.0
ORD009463,2026-06-22,CUST1487,P004,2,0.0,Credit Card,Completed,1500,950,3000,3000.0,1900,1100.0
ORD009464,2025-06-09,CUST0437,P004,1,0.0,Debit Card,Completed,1500,950,1500,1500.0,950,550.0
ORD009465,2025-01-10,CUST1334,P001,1,0.2,UPI,Completed,65000,52000,65000,52000.0,52000,0.0
ORD009466,2026-08-17,CUST1620,P003,3,0.05,Net Banking,Completed,3000,2100,9000,8550.0,6300,2250.0
ORD009467,2025-09-13,CUST1778,P003,3,0.1,Debit Card,Returned,3000,2100,9000,8100.0,6300,1800.0
ORD009468,2026-09-09,CUST1305,P013,2,0.1,UPI,Completed,6000,4200,12000,10800.0,8400,2400.0
ORD009469,2025-12-10,CUST1347,P014,1,0.1,Debit Card,Completed,2500,1600,2500,2250.0,1600,650.0
ORD009470,2026-06-20,CUST0764,P001,3,0.15,Debit Card,Completed,65000,52000,195000,165750.0,156000,9750.0
ORD009471,2026-01-08,CUST0702,P013,2,0.0,Debit Card,Completed,6000,4200,12000,12000.0,8400,3600.0
ORD009472,2026-03-11,CUST0942,P009,2,0.05,Net Banking,Completed,12000,8500,24000,22800.0,17000,5800.0
ORD009473,2025-02-15,CUST0152,P011,1,0.15,Debit Card,Completed,4000,2600,4000,3400.0,2600,800.0
ORD009474,2025-02-24,CUST1326,P001,1,0.05,Credit Card,Completed,65000,52000,65000,61750.0,52000,9750.0
ORD009475,2025-03-19,CUST1302,P009,1,0.0,Net Banking,Completed,12000,8500,12000,12000.0,8500,3500.0
ORD009476,2026-05-06,CUST1675,P001,1,0.0,Debit Card,Returned,65000,52000,65000,65000.0,52000,13000.0
ORD009477,2025-09-29,CUST1712,P002,1,0.1,Credit Card,Completed,18000,13500,18000,16200.0,13500,2700.0
ORD009478,2026-07-04,CUST1032,P002,2,0.0,Credit Card,Completed,18000,13500,36000,36000.0,27000,9000.0
ORD009479,2025-04-21,CUST0807,P014,1,0.15,Net Banking,Completed,2500,1600,2500,2125.0,1600,525.0
ORD009480,2025-01-15,CUST0235,P006,3,0.0,Credit Card,Completed,35000,28500,105000,105000.0,85500,19500.0
ORD009481,2025-03-19,CUST0675,P007,1,0.1,Debit Card,Completed,28000,22000,28000,25200.0,22000,3200.0
ORD009482,2026-05-16,CUST0561,P011,2,0.1,Credit Card,Completed,4000,2600,8000,7200.0,5200,2000.0
ORD009483,2026-08-11,CUST1326,P001,2,0.05,Net Banking,Completed,65000,52000,130000,123500.0,104000,19500.0
ORD009484,2026-02-22,CUST0038,P003,2,0.05,UPI,Completed,3000,2100,6000,5700.0,4200,1500.0
ORD009485,2025-10-02,CUST1160,P002,1,0.15,Net Banking,Completed,18000,13500,18000,15300.0,13500,1800.0
ORD009486,2026-05-09,CUST0822,P008,1,0.1,UPI,Completed,16000,12500,16000,14400.0,12500,1900.0
ORD009487,2025-07-16,CUST0421,P009,3,0.1,Debit Card,Completed,12000,8500,36000,32400.0,25500,6900.0
ORD009488,2026-01-11,CUST1243,P013,5,0.0,Credit Card,Completed,6000,4200,30000,30000.0,21000,9000.0
ORD009489,2025-03-04,CUST0348,P002,2,0.0,Debit Card,Completed,18000,13500,36000,36000.0,27000,9000.0
ORD009490,2025-12-27,CUST1570,P002,3,0.0,Credit Card,Completed,18000,13500,54000,54000.0,40500,13500.0
ORD009491,2026-06-28,CUST1103,P010,1,0.0,UPI,Completed,22000,16000,22000,22000.0,16000,6000.0
ORD009492,2025-04-20,CUST0748,P015,3,0.1,Credit Card,Returned,2200,1400,6600,5940.0,4200,1740.0
ORD009493,2025-07-13,CUST0273,P009,4,0.05,Cash,Completed,12000,8500,48000,45600.0,34000,11600.0
ORD009494,2026-06-03,CUST1185,P014,2,0.1,Debit Card,Completed,2500,1600,5000,4500.0,3200,1300.0
ORD009495,2026-04-04,CUST1711,P004,2,0.0,UPI,Completed,1500,950,3000,3000.0,1900,1100.0
ORD009496,2025-10-28,CUST0308,P005,2,0.05,Net Banking,Completed,4500,3000,9000,8550.0,6000,2550.0
ORD009497,2026-07-22,CUST1398,P013,1,0.15,Debit Card,Completed,6000,4200,6000,5100.0,4200,900.0
ORD009498,2026-05-11,CUST0976,P011,3,0.15,Credit Card,Completed,4000,2600,12000,10200.0,7800,2400.0
ORD009499,2025-05-29,CUST0733,P009,2,0.15,Debit Card,Completed,12000,8500,24000,20400.0,17000,3400.0
ORD009500,2026-04-06,CUST1033,P006,2,0.1,Credit Card,Completed,35000,28500,70000,63000.0,57000,6000.0
ORD009501,2025-05-19,CUST0444,P010,2,0.1,UPI,Completed,22000,16000,44000,39600.0,32000,7600.0
ORD009502,2025-10-19,CUST1137,P012,3,0.15,Net Banking,Completed,9000,6500,27000,22950.0,19500,3450.0
ORD009503,2025-12-01,CUST1229,P009,2,0.1,UPI,Completed,12000,8500,24000,21600.0,17000,4600.0
ORD009504,2025-07-03,CUST0405,P009,1,0.2,Credit Card,Completed,12000,8500,12000,9600.0,8500,1100.0
ORD009505,2025-11-03,CUST1722,P007,1,0.0,Debit Card,Cancelled,28000,22000,28000,28000.0,22000,6000.0
ORD009506,2025-09-19,CUST0853,P014,5,0.15,Net Banking,Completed,2500,1600,12500,10625.0,8000,2625.0
ORD009507,2025-11-06,CUST1221,P012,2,0.05,UPI,Completed,9000,6500,18000,17100.0,13000,4100.0
ORD009508,2025-12-10,CUST0778,P010,4,0.0,Credit Card,Completed,22000,16000,88000,88000.0,64000,24000.0
ORD009509,2026-02-28,CUST1798,P009,3,0.0,Debit Card,Completed,12000,8500,36000,36000.0,25500,10500.0
ORD009510,2026-05-29,CUST1784,P005,2,0.15,Debit Card,Completed,4500,3000,9000,7650.0,6000,1650.0
ORD009511,2026-06-08,CUST0115,P005,1,0.05,Net Banking,Completed,4500,3000,4500,4275.0,3000,1275.0
ORD009512,2025-09-18,CUST1145,P012,1,0.2,UPI,Completed,9000,6500,9000,7200.0,6500,700.0
ORD009513,2025-12-28,CUST1677,P008,2,0.0,Debit Card,Completed,16000,12500,32000,32000.0,25000,7000.0
ORD009514,2025-06-18,CUST0065,P010,1,0.05,UPI,Completed,22000,16000,22000,20900.0,16000,4900.0
ORD009515,2025-07-19,CUST1300,P004,3,0.0,Net Banking,Completed,1500,950,4500,4500.0,2850,1650.0
ORD009516,2026-01-20,CUST0825,P009,3,0.05,UPI,Completed,12000,8500,36000,34200.0,25500,8700.0
ORD009517,2025-11-08,CUST0239,P007,1,0.1,Net Banking,Completed,28000,22000,28000,25200.0,22000,3200.0
ORD009518,2026-08-05,CUST0302,P007,2,0.1,UPI,Completed,28000,22000,56000,50400.0,44000,6400.0
ORD009519,2025-11-08,CUST1416,P013,2,0.0,Debit Card,Cancelled,6000,4200,12000,12000.0,8400,3600.0
ORD009520,2026-07-20,CUST1546,P015,1,0.0,UPI,Cancelled,2200,1400,2200,2200.0,1400,800.0
ORD009521,2026-01-30,CUST0969,P003,1,0.0,Credit Card,Completed,3000,2100,3000,3000.0,2100,900.0
ORD009522,2025-12-17,CUST0369,P004,3,0.15,Debit Card,Completed,1500,950,4500,3825.0,2850,975.0
ORD009523,2025-01-28,CUST0233,P007,1,0.0,UPI,Completed,28000,22000,28000,28000.0,22000,6000.0
ORD009524,2026-09-24,CUST0195,P011,1,0.05,UPI,Completed,4000,2600,4000,3800.0,2600,1200.0
ORD009525,2025-05-13,CUST0907,P011,1,0.05,UPI,Completed,4000,2600,4000,3800.0,2600,1200.0
ORD009526,2026-01-15,CUST1036,P014,1,0.1,UPI,Completed,2500,1600,2500,2250.0,1600,650.0
ORD009527,2026-08-25,CUST0921,P005,2,0.0,UPI,Completed,4500,3000,9000,9000.0,6000,3000.0
ORD009528,2026-06-12,CUST0689,P012,1,0.0,Credit Card,Completed,9000,6500,9000,9000.0,6500,2500.0
ORD009529,2025-10-14,CUST0177,P003,3,0.1,Debit Card,Completed,3000,2100,9000,8100.0,6300,1800.0
ORD009530,2025-10-11,CUST0217,P001,1,0.2,Net Banking,Completed,65000,52000,65000,52000.0,52000,0.0
ORD009531,2025-08-15,CUST1035,P007,2,0.1,UPI,Completed,28000,22000,56000,50400.0,44000,6400.0
ORD009532,2026-03-03,CUST1470,P006,1,0.0,UPI,Completed,35000,28500,35000,35000.0,28500,6500.0
ORD009533,2025-01-27,CUST0630,P010,5,0.05,Debit Card,Completed,22000,16000,110000,104500.0,80000,24500.0
ORD009534,2025-11-28,CUST0164,P015,1,0.2,Credit Card,Completed,2200,1400,2200,1760.0,1400,360.0
ORD009535,2025-04-27,CUST1575,P007,3,0.05,UPI,Completed,28000,22000,84000,79800.0,66000,13800.0
ORD009536,2025-03-30,CUST0053,P015,3,0.05,Credit Card,Completed,2200,1400,6600,6270.0,4200,2070.0
ORD009537,2026-09-11,CUST0218,P014,2,0.05,UPI,Completed,2500,1600,5000,4750.0,3200,1550.0
ORD009538,2025-05-02,CUST1742,P002,3,0.2,UPI,Completed,18000,13500,54000,43200.0,40500,2700.0
ORD009539,2025-02-02,CUST0999,P013,1,0.1,Debit Card,Completed,6000,4200,6000,5400.0,4200,1200.0
ORD009540,2026-08-26,CUST0824,P012,2,0.1,UPI,Completed,9000,6500,18000,16200.0,13000,3200.0
ORD009541,2026-02-02,CUST1384,P004,1,0.0,Net Banking,Completed,1500,950,1500,1500.0,950,550.0
ORD009542,2026-06-09,CUST0385,P002,3,0.05,Net Banking,Completed,18000,13500,54000,51300.0,40500,10800.0
ORD009543,2025-01-24,CUST0056,P008,4,0.05,Debit Card,Completed,16000,12500,64000,60800.0,50000,10800.0
ORD009544,2025-11-21,CUST0118,P007,4,0.0,UPI,Completed,28000,22000,112000,112000.0,88000,24000.0
ORD009545,2025-02-03,CUST0900,P001,1,0.15,UPI,Completed,65000,52000,65000,55250.0,52000,3250.0
ORD009546,2025-09-04,CUST1277,P002,1,0.05,Credit Card,Completed,18000,13500,18000,17100.0,13500,3600.0
ORD009547,2025-01-19,CUST0798,P002,1,0.0,Credit Card,Returned,18000,13500,18000,18000.0,13500,4500.0
ORD009548,2025-01-30,CUST0780,P004,1,0.15,Net Banking,Completed,1500,950,1500,1275.0,950,325.0
ORD009549,2025-02-18,CUST1016,P003,1,0.0,UPI,Completed,3000,2100,3000,3000.0,2100,900.0
ORD009550,2025-06-29,CUST0803,P001,1,0.1,Debit Card,Completed,65000,52000,65000,58500.0,52000,6500.0
ORD009551,2026-01-05,CUST0845,P012,5,0.1,Debit Card,Completed,9000,6500,45000,40500.0,32500,8000.0
ORD009552,2026-01-30,CUST1204,P014,2,0.15,Net Banking,Returned,2500,1600,5000,4250.0,3200,1050.0
ORD009553,2026-08-13,CUST1439,P002,2,0.1,Credit Card,Completed,18000,13500,36000,32400.0,27000,5400.0
ORD009554,2026-05-11,CUST1259,P011,1,0.1,Debit Card,Completed,4000,2600,4000,3600.0,2600,1000.0
ORD009555,2026-03-07,CUST0855,P009,2,0.0,Cash,Completed,12000,8500,24000,24000.0,17000,7000.0
ORD009556,2025-07-26,CUST0708,P013,4,0.05,UPI,Completed,6000,4200,24000,22800.0,16800,6000.0
ORD009557,2025-02-04,CUST1104,P001,2,0.15,UPI,Completed,65000,52000,130000,110500.0,104000,6500.0
ORD009558,2026-08-06,CUST1671,P009,1,0.0,Credit Card,Completed,12000,8500,12000,12000.0,8500,3500.0
ORD009559,2026-02-17,CUST0022,P007,2,0.1,Credit Card,Completed,28000,22000,56000,50400.0,44000,6400.0
ORD009560,2025-12-30,CUST1501,P002,5,0.0,UPI,Completed,18000,13500,90000,90000.0,67500,22500.0
ORD009561,2025-11-06,CUST0843,P002,1,0.0,UPI,Completed,18000,13500,18000,18000.0,13500,4500.0
ORD009562,2025-10-06,CUST1464,P005,2,0.0,UPI,Cancelled,4500,3000,9000,9000.0,6000,3000.0
ORD009563,2025-06-01,CUST1761,P013,1,0.0,Debit Card,Completed,6000,4200,6000,6000.0,4200,1800.0
ORD009564,2025-08-15,CUST1594,P005,1,0.2,Credit Card,Completed,4500,3000,4500,3600.0,3000,600.0
ORD009565,2025-08-31,CUST1117,P004,3,0.15,Net Banking,Completed,1500,950,4500,3825.0,2850,975.0
ORD009566,2025-01-10,CUST0192,P012,1,0.05,Credit Card,Completed,9000,6500,9000,8550.0,6500,2050.0
ORD009567,2026-01-27,CUST1019,P010,1,0.1,Debit Card,Completed,22000,16000,22000,19800.0,16000,3800.0
ORD009568,2025-02-17,CUST1127,P010,1,0.05,Credit Card,Completed,22000,16000,22000,20900.0,16000,4900.0
ORD009569,2026-09-16,CUST0396,P013,4,0.1,Debit Card,Completed,6000,4200,24000,21600.0,16800,4800.0
ORD009570,2025-07-23,CUST1031,P012,1,0.1,Credit Card,Completed,9000,6500,9000,8100.0,6500,1600.0
ORD009571,2025-06-06,CUST0640,P003,3,0.0,UPI,Completed,3000,2100,9000,9000.0,6300,2700.0
ORD009572,2025-01-26,CUST1019,P004,1,0.05,Net Banking,Completed,1500,950,1500,1425.0,950,475.0
ORD009573,2026-02-25,CUST0567,P010,3,0.1,Net Banking,Completed,22000,16000,66000,59400.0,48000,11400.0
ORD009574,2025-09-21,CUST0231,P004,5,0.2,UPI,Returned,1500,950,7500,6000.0,4750,1250.0
ORD009575,2026-06-13,CUST0874,P002,1,0.1,Cash,Completed,18000,13500,18000,16200.0,13500,2700.0
ORD009576,2026-08-11,CUST0574,P005,1,0.15,UPI,Completed,4500,3000,4500,3825.0,3000,825.0
ORD009577,2026-04-15,CUST0240,P015,1,0.1,Credit Card,Completed,2200,1400,2200,1980.0,1400,580.0
ORD009578,2025-09-11,CUST0090,P005,2,0.05,Debit Card,Completed,4500,3000,9000,8550.0,6000,2550.0
ORD009579,2026-06-30,CUST0232,P005,1,0.15,UPI,Completed,4500,3000,4500,3825.0,3000,825.0
ORD009580,2025-05-27,CUST0457,P011,1,0.05,UPI,Completed,4000,2600,4000,3800.0,2600,1200.0
ORD009581,2025-11-22,CUST0233,P015,1,0.05,Credit Card,Returned,2200,1400,2200,2090.0,1400,690.0
ORD009582,2025-12-04,CUST0354,P011,1,0.1,Credit Card,Completed,4000,2600,4000,3600.0,2600,1000.0
ORD009583,2025-04-28,CUST1005,P010,1,0.0,UPI,Completed,22000,16000,22000,22000.0,16000,6000.0
ORD009584,2025-06-14,CUST1357,P001,3,0.0,UPI,Completed,65000,52000,195000,195000.0,156000,39000.0
ORD009585,2026-07-04,CUST0439,P006,3,0.1,Net Banking,Completed,35000,28500,105000,94500.0,85500,9000.0
ORD009586,2025-07-17,CUST1399,P011,1,0.05,Credit Card,Completed,4000,2600,4000,3800.0,2600,1200.0
ORD009587,2026-01-09,CUST1316,P002,2,0.15,UPI,Completed,18000,13500,36000,30600.0,27000,3600.0
ORD009588,2026-08-01,CUST0345,P007,2,0.2,Debit Card,Returned,28000,22000,56000,44800.0,44000,800.0
ORD009589,2026-08-15,CUST0664,P004,2,0.05,UPI,Completed,1500,950,3000,2850.0,1900,950.0
ORD009590,2026-07-18,CUST1452,P015,2,0.05,UPI,Completed,2200,1400,4400,4180.0,2800,1380.0
ORD009591,2025-05-09,CUST0657,P005,2,0.1,Cash,Completed,4500,3000,9000,8100.0,6000,2100.0
ORD009592,2026-02-18,CUST0130,P005,2,0.05,Net Banking,Completed,4500,3000,9000,8550.0,6000,2550.0
ORD009593,2026-01-15,CUST0141,P005,2,0.0,UPI,Completed,4500,3000,9000,9000.0,6000,3000.0
ORD009594,2025-01-01,CUST0415,P002,1,0.1,Net Banking,Returned,18000,13500,18000,16200.0,13500,2700.0
ORD009595,2025-06-16,CUST1117,P005,1,0.1,Net Banking,Completed,4500,3000,4500,4050.0,3000,1050.0
ORD009596,2025-01-16,CUST0626,P003,1,0.0,Debit Card,Completed,3000,2100,3000,3000.0,2100,900.0
ORD009597,2025-04-22,CUST0284,P004,2,0.1,Credit Card,Cancelled,1500,950,3000,2700.0,1900,800.0
ORD009598,2026-01-03,CUST1679,P013,1,0.1,UPI,Completed,6000,4200,6000,5400.0,4200,1200.0
ORD009599,2025-04-12,CUST0223,P002,2,0.0,UPI,Completed,18000,13500,36000,36000.0,27000,9000.0
ORD009600,2026-08-17,CUST0744,P004,1,0.1,Debit Card,Completed,1500,950,1500,1350.0,950,400.0
ORD009601,2026-02-10,CUST0463,P013,3,0.0,Net Banking,Completed,6000,4200,18000,18000.0,12600,5400.0
ORD009602,2026-05-22,CUST1569,P009,1,0.0,Debit Card,Completed,12000,8500,12000,12000.0,8500,3500.0
ORD009603,2026-09-03,CUST1300,P008,2,0.1,UPI,Cancelled,16000,12500,32000,28800.0,25000,3800.0
ORD009604,2025-02-09,CUST1706,P013,2,0.15,UPI,Completed,6000,4200,12000,10200.0,8400,1800.0
ORD009605,2026-07-02,CUST1164,P014,1,0.0,Credit Card,Completed,2500,1600,2500,2500.0,1600,900.0
ORD009606,2026-01-16,CUST0357,P015,1,0.15,Debit Card,Completed,2200,1400,2200,1870.0,1400,470.0
ORD009607,2026-05-31,CUST1737,P011,3,0.0,UPI,Completed,4000,2600,12000,12000.0,7800,4200.0
ORD009608,2026-05-12,CUST1047,P012,1,0.0,Debit Card,Completed,9000,6500,9000,9000.0,6500,2500.0
ORD009609,2025-10-08,CUST1760,P003,3,0.0,Debit Card,Completed,3000,2100,9000,9000.0,6300,2700.0
ORD009610,2025-12-17,CUST1294,P001,3,0.0,UPI,Completed,65000,52000,195000,195000.0,156000,39000.0
ORD009611,2025-11-30,CUST0859,P001,2,0.05,UPI,Completed,65000,52000,130000,123500.0,104000,19500.0
ORD009612,2026-06-08,CUST0665,P006,3,0.15,UPI,Completed,35000,28500,105000,89250.0,85500,3750.0
ORD009613,2025-10-10,CUST1357,P003,2,0.0,Net Banking,Completed,3000,2100,6000,6000.0,4200,1800.0
ORD009614,2025-11-15,CUST1015,P004,2,0.05,Credit Card,Completed,1500,950,3000,2850.0,1900,950.0
ORD009615,2026-02-18,CUST0085,P001,4,0.1,Credit Card,Completed,65000,52000,260000,234000.0,208000,26000.0
ORD009616,2026-08-17,CUST0621,P008,1,0.0,Debit Card,Completed,16000,12500,16000,16000.0,12500,3500.0
ORD009617,2025-01-14,CUST1055,P001,1,0.1,Credit Card,Completed,65000,52000,65000,58500.0,52000,6500.0
ORD009618,2025-02-25,CUST1765,P005,1,0.05,UPI,Completed,4500,3000,4500,4275.0,3000,1275.0
ORD009619,2026-02-07,CUST0240,P006,2,0.0,Debit Card,Completed,35000,28500,70000,70000.0,57000,13000.0
ORD009620,2025-12-08,CUST0363,P015,1,0.1,Debit Card,Completed,2200,1400,2200,1980.0,1400,580.0
ORD009621,2025-07-18,CUST0822,P002,4,0.0,UPI,Completed,18000,13500,72000,72000.0,54000,18000.0
ORD009622,2025-10-19,CUST1413,P007,1,0.0,UPI,Completed,28000,22000,28000,28000.0,22000,6000.0
ORD009623,2026-03-17,CUST1677,P007,3,0.05,Debit Card,Completed,28000,22000,84000,79800.0,66000,13800.0
ORD009624,2025-03-19,CUST0668,P001,1,0.05,Debit Card,Completed,65000,52000,65000,61750.0,52000,9750.0
ORD009625,2025-04-22,CUST1323,P004,1,0.1,UPI,Completed,1500,950,1500,1350.0,950,400.0
ORD009626,2026-06-19,CUST1395,P012,1,0.05,Debit Card,Completed,9000,6500,9000,8550.0,6500,2050.0
ORD009627,2026-01-10,CUST0099,P013,1,0.05,Net Banking,Completed,6000,4200,6000,5700.0,4200,1500.0
ORD009628,2025-04-26,CUST0047,P004,2,0.05,UPI,Completed,1500,950,3000,2850.0,1900,950.0
ORD009629,2025-05-22,CUST0839,P005,4,0.05,Credit Card,Completed,4500,3000,18000,17100.0,12000,5100.0
ORD009630,2025-07-16,CUST0422,P001,1,0.15,Debit Card,Completed,65000,52000,65000,55250.0,52000,3250.0
ORD009631,2026-06-24,CUST1504,P001,2,0.2,UPI,Completed,65000,52000,130000,104000.0,104000,0.0
ORD009632,2025-10-26,CUST1603,P007,1,0.05,Debit Card,Completed,28000,22000,28000,26600.0,22000,4600.0
ORD009633,2025-03-17,CUST0062,P009,1,0.0,Net Banking,Completed,12000,8500,12000,12000.0,8500,3500.0
ORD009634,2026-06-14,CUST1133,P001,2,0.05,Net Banking,Completed,65000,52000,130000,123500.0,104000,19500.0
ORD009635,2025-04-10,CUST1703,P002,1,0.0,UPI,Completed,18000,13500,18000,18000.0,13500,4500.0
ORD009636,2026-04-24,CUST1573,P006,3,0.05,Net Banking,Completed,35000,28500,105000,99750.0,85500,14250.0
ORD009637,2026-04-13,CUST1143,P015,2,0.0,Credit Card,Completed,2200,1400,4400,4400.0,2800,1600.0
ORD009638,2026-09-28,CUST1010,P015,1,0.1,UPI,Completed,2200,1400,2200,1980.0,1400,580.0
ORD009639,2025-10-19,CUST0598,P006,2,0.0,UPI,Completed,35000,28500,70000,70000.0,57000,13000.0
ORD009640,2025-05-05,CUST1406,P002,1,0.2,Net Banking,Completed,18000,13500,18000,14400.0,13500,900.0
ORD009641,2026-06-03,CUST0392,P009,2,0.0,Credit Card,Completed,12000,8500,24000,24000.0,17000,7000.0
ORD009642,2025-01-23,CUST0977,P004,3,0.1,Net Banking,Returned,1500,950,4500,4050.0,2850,1200.0
ORD009643,2025-06-11,CUST1076,P013,3,0.15,UPI,Completed,6000,4200,18000,15300.0,12600,2700.0
ORD009644,2026-09-21,CUST0603,P007,1,0.0,Debit Card,Completed,28000,22000,28000,28000.0,22000,6000.0
ORD009645,2026-05-21,CUST1313,P006,1,0.15,UPI,Completed,35000,28500,35000,29750.0,28500,1250.0
ORD009646,2025-01-21,CUST0337,P011,2,0.05,UPI,Completed,4000,2600,8000,7600.0,5200,2400.0
ORD009647,2026-04-09,CUST0810,P013,4,0.2,Cash,Completed,6000,4200,24000,19200.0,16800,2400.0
ORD009648,2026-04-28,CUST1228,P011,4,0.2,UPI,Completed,4000,2600,16000,12800.0,10400,2400.0
ORD009649,2026-05-17,CUST1262,P003,1,0.0,Credit Card,Completed,3000,2100,3000,3000.0,2100,900.0
ORD009650,2025-11-05,CUST1406,P008,3,0.1,Net Banking,Completed,16000,12500,48000,43200.0,37500,5700.0
ORD009651,2026-08-19,CUST1691,P007,4,0.0,Net Banking,Completed,28000,22000,112000,112000.0,88000,24000.0
ORD009652,2026-07-07,CUST0752,P009,1,0.0,,Completed,12000,8500,12000,12000.0,8500,3500.0
ORD009653,2025-07-22,CUST1160,P003,3,0.0,Debit Card,Completed,3000,2100,9000,9000.0,6300,2700.0
ORD009654,2026-02-20,CUST1431,P001,1,0.0,Debit Card,Completed,65000,52000,65000,65000.0,52000,13000.0
ORD009655,2025-05-22,CUST1532,P002,1,0.1,UPI,Cancelled,18000,13500,18000,16200.0,13500,2700.0
ORD009656,2026-09-07,CUST1386,P012,1,0.05,UPI,Completed,9000,6500,9000,8550.0,6500,2050.0
ORD009657,2025-04-17,CUST1405,P011,2,0.1,UPI,Completed,4000,2600,8000,7200.0,5200,2000.0
ORD009658,2026-06-13,CUST0881,P015,3,0.0,Credit Card,Completed,2200,1400,6600,6600.0,4200,2400.0
ORD009659,2026-06-21,CUST1600,P012,2,0.2,UPI,Cancelled,9000,6500,18000,14400.0,13000,1400.0
ORD009660,2026-07-30,CUST0635,P001,1,0.0,UPI,Completed,65000,52000,65000,65000.0,52000,13000.0
ORD009661,2025-10-18,CUST0254,P011,1,0.0,Credit Card,Completed,4000,2600,4000,4000.0,2600,1400.0
ORD009662,2025-11-07,CUST1501,P005,2,0.1,Credit Card,Completed,4500,3000,9000,8100.0,6000,2100.0
ORD009663,2026-01-20,CUST1138,P015,2,0.15,Credit Card,Completed,2200,1400,4400,3740.0,2800,940.0
ORD009664,2025-02-22,CUST0020,P010,2,0.1,UPI,Completed,22000,16000,44000,39600.0,32000,7600.0
ORD009665,2026-08-08,CUST0528,P014,1,0.05,Net Banking,Completed,2500,1600,2500,2375.0,1600,775.0
ORD009666,2025-07-02,CUST1169,P002,2,0.0,,Completed,18000,13500,36000,36000.0,27000,9000.0
ORD009667,2026-01-04,CUST1232,P003,4,0.0,UPI,Completed,3000,2100,12000,12000.0,8400,3600.0
ORD009668,2025-01-13,CUST1555,P008,2,0.05,UPI,Completed,16000,12500,32000,30400.0,25000,5400.0
ORD009669,2026-07-13,CUST0376,P015,2,0.05,Debit Card,Completed,2200,1400,4400,4180.0,2800,1380.0
ORD009670,2025-06-09,CUST1528,P010,4,0.0,Net Banking,Completed,22000,16000,88000,88000.0,64000,24000.0
ORD009671,2025-10-11,CUST0166,P014,2,0.05,UPI,Completed,2500,1600,5000,4750.0,3200,1550.0
ORD009672,2026-07-19,CUST1574,P005,2,0.1,UPI,Completed,4500,3000,9000,8100.0,6000,2100.0
ORD009673,2025-10-14,CUST1205,P004,2,0.1,UPI,Completed,1500,950,3000,2700.0,1900,800.0
ORD009674,2025-01-08,CUST0861,P005,1,0.0,Debit Card,Completed,4500,3000,4500,4500.0,3000,1500.0
ORD009675,2025-03-13,CUST0617,P010,2,0.05,Cash,Completed,22000,16000,44000,41800.0,32000,9800.0
ORD009676,2025-04-08,CUST0612,P006,3,0.0,Debit Card,Completed,35000,28500,105000,105000.0,85500,19500.0
ORD009677,2025-03-28,CUST1626,P012,1,0.0,Credit Card,Completed,9000,6500,9000,9000.0,6500,2500.0
ORD009678,2025-04-11,CUST1468,P007,3,0.1,Debit Card,Completed,28000,22000,84000,75600.0,66000,9600.0
ORD009679,2025-10-08,CUST1356,P014,2,0.1,UPI,Completed,2500,1600,5000,4500.0,3200,1300.0
ORD009680,2025-10-16,CUST0503,P013,1,0.1,Debit Card,Completed,6000,4200,6000,5400.0,4200,1200.0
ORD009681,2025-07-15,CUST0913,P009,2,0.0,UPI,Completed,12000,8500,24000,24000.0,17000,7000.0
ORD009682,2026-01-26,CUST0079,P001,1,0.15,UPI,Completed,65000,52000,65000,55250.0,52000,3250.0
ORD009683,2026-09-01,CUST0585,P004,3,0.0,UPI,Cancelled,1500,950,4500,4500.0,2850,1650.0
ORD009684,2026-03-26,CUST0688,P012,2,0.15,Debit Card,Completed,9000,6500,18000,15300.0,13000,2300.0
ORD009685,2026-01-03,CUST0396,P012,4,0.05,Debit Card,Completed,9000,6500,36000,34200.0,26000,8200.0
ORD009686,2026-03-06,CUST1632,P009,2,0.0,Credit Card,Completed,12000,8500,24000,24000.0,17000,7000.0
ORD009687,2025-04-06,CUST1127,P005,2,0.0,UPI,Completed,4500,3000,9000,9000.0,6000,3000.0
ORD009688,2025-09-18,CUST0402,P008,5,0.0,UPI,Completed,16000,12500,80000,80000.0,62500,17500.0
ORD009689,2026-05-27,CUST0975,P012,1,0.05,UPI,Completed,9000,6500,9000,8550.0,6500,2050.0
ORD009690,2025-05-01,CUST0224,P001,2,0.15,UPI,Completed,65000,52000,130000,110500.0,104000,6500.0
ORD009691,2026-01-01,CUST0518,P004,1,0.0,Credit Card,Completed,1500,950,1500,1500.0,950,550.0
ORD009692,2025-11-28,CUST0634,P012,3,0.1,UPI,Completed,9000,6500,27000,24300.0,19500,4800.0
ORD009693,2025-02-21,CUST0236,P014,2,0.15,Debit Card,Completed,2500,1600,5000,4250.0,3200,1050.0
ORD009694,2026-01-31,CUST1451,P012,4,0.1,Debit Card,Completed,9000,6500,36000,32400.0,26000,6400.0
ORD009695,2025-11-14,CUST0116,P009,3,0.05,UPI,Completed,12000,8500,36000,34200.0,25500,8700.0
ORD009696,2025-10-04,CUST1187,P013,1,0.2,Credit Card,Completed,6000,4200,6000,4800.0,4200,600.0
ORD009697,2026-08-20,CUST0226,P001,1,0.0,UPI,Completed,65000,52000,65000,65000.0,52000,13000.0
ORD009698,2025-07-13,CUST0230,P001,2,0.05,Credit Card,Completed,65000,52000,130000,123500.0,104000,19500.0
ORD009699,2025-01-21,CUST0182,P004,2,0.1,Net Banking,Completed,1500,950,3000,2700.0,1900,800.0
ORD009700,2026-02-03,CUST1273,P014,1,0.0,Debit Card,Completed,2500,1600,2500,2500.0,1600,900.0
ORD009701,2025-07-21,CUST1342,P003,1,0.1,UPI,Completed,3000,2100,3000,2700.0,2100,600.0
ORD009702,2026-04-11,CUST0210,P007,2,0.0,Net Banking,Completed,28000,22000,56000,56000.0,44000,12000.0
ORD009703,2025-05-31,CUST1680,P011,1,0.0,Debit Card,Completed,4000,2600,4000,4000.0,2600,1400.0
ORD009704,2025-06-08,CUST1416,P003,3,0.0,Credit Card,Completed,3000,2100,9000,9000.0,6300,2700.0
ORD009705,2025-11-06,CUST0096,P001,3,0.2,Debit Card,Completed,65000,52000,195000,156000.0,156000,0.0
ORD009706,2026-05-19,CUST0894,P012,3,0.15,UPI,Completed,9000,6500,27000,22950.0,19500,3450.0
ORD009707,2025-01-26,CUST0756,P015,1,0.0,Credit Card,Completed,2200,1400,2200,2200.0,1400,800.0
ORD009708,2025-03-07,CUST1110,P011,1,0.0,Debit Card,Completed,4000,2600,4000,4000.0,2600,1400.0
ORD009709,2025-09-20,CUST0415,P010,2,0.05,Net Banking,Completed,22000,16000,44000,41800.0,32000,9800.0
ORD009710,2026-04-17,CUST0394,P002,5,0.05,UPI,Completed,18000,13500,90000,85500.0,67500,18000.0
ORD009711,2025-06-16,CUST0696,P010,1,0.15,Credit Card,Cancelled,22000,16000,22000,18700.0,16000,2700.0
ORD009712,2025-06-03,CUST1657,P013,1,0.2,Net Banking,Completed,6000,4200,6000,4800.0,4200,600.0
ORD009713,2025-12-09,CUST0844,P004,1,0.1,UPI,Completed,1500,950,1500,1350.0,950,400.0
ORD009714,2026-02-17,CUST1525,P001,2,0.05,Net Banking,Completed,65000,52000,130000,123500.0,104000,19500.0
ORD009715,2025-07-03,CUST0604,P001,2,0.0,UPI,Completed,65000,52000,130000,130000.0,104000,26000.0
ORD009716,2025-07-13,CUST0582,P012,1,0.0,UPI,Completed,9000,6500,9000,9000.0,6500,2500.0
ORD009717,2025-01-02,CUST0133,P014,1,0.05,UPI,Completed,2500,1600,2500,2375.0,1600,775.0
ORD009718,2025-08-03,CUST0791,P008,2,0.05,Debit Card,Completed,16000,12500,32000,30400.0,25000,5400.0
ORD009719,2026-08-10,CUST0649,P007,2,0.1,UPI,Completed,28000,22000,56000,50400.0,44000,6400.0
ORD009720,2026-04-28,CUST1338,P014,2,0.0,Credit Card,Completed,2500,1600,5000,5000.0,3200,1800.0
ORD009721,2026-07-15,CUST1723,P008,3,0.0,UPI,Completed,16000,12500,48000,48000.0,37500,10500.0
ORD009722,2025-02-01,CUST0221,P013,2,0.05,UPI,Completed,6000,4200,12000,11400.0,8400,3000.0
ORD009723,2025-01-15,CUST0976,P004,2,0.2,Credit Card,Completed,1500,950,3000,2400.0,1900,500.0
ORD009724,2025-11-14,CUST1462,P006,3,0.1,UPI,Completed,35000,28500,105000,94500.0,85500,9000.0
ORD009725,2025-08-31,CUST1070,P015,4,0.0,UPI,Completed,2200,1400,8800,8800.0,5600,3200.0
ORD009726,2025-01-17,CUST1216,P013,1,0.15,Credit Card,Completed,6000,4200,6000,5100.0,4200,900.0
ORD009727,2026-06-18,CUST1544,P003,1,0.05,Debit Card,Completed,3000,2100,3000,2850.0,2100,750.0
ORD009728,2025-03-22,CUST1403,P011,3,0.05,UPI,Completed,4000,2600,12000,11400.0,7800,3600.0
ORD009729,2026-03-12,CUST0788,P013,1,0.0,Credit Card,Completed,6000,4200,6000,6000.0,4200,1800.0
ORD009730,2025-01-08,CUST0691,P008,4,0.05,UPI,Completed,16000,12500,64000,60800.0,50000,10800.0
ORD009731,2025-10-14,CUST1358,P004,1,0.05,Credit Card,Completed,1500,950,1500,1425.0,950,475.0
ORD009732,2025-07-05,CUST0039,P003,4,0.1,Net Banking,Completed,3000,2100,12000,10800.0,8400,2400.0
ORD009733,2026-06-08,CUST1317,P004,2,0.05,Net Banking,Completed,1500,950,3000,2850.0,1900,950.0
ORD009734,2026-02-26,CUST0690,P006,3,0.0,UPI,Completed,35000,28500,105000,105000.0,85500,19500.0
ORD009735,2026-04-11,CUST0162,P011,1,0.0,Debit Card,Completed,4000,2600,4000,4000.0,2600,1400.0
ORD009736,2025-03-24,CUST1355,P007,5,0.1,Debit Card,Completed,28000,22000,140000,126000.0,110000,16000.0
ORD009737,2026-07-21,CUST1128,P007,1,0.1,Net Banking,Completed,28000,22000,28000,25200.0,22000,3200.0
ORD009738,2026-09-29,CUST0161,P014,1,0.05,Net Banking,Completed,2500,1600,2500,2375.0,1600,775.0
ORD009739,2026-04-28,CUST1659,P015,1,0.0,Credit Card,Completed,2200,1400,2200,2200.0,1400,800.0
ORD009740,2025-11-21,CUST1078,P012,4,0.0,Cash,Completed,9000,6500,36000,36000.0,26000,10000.0
ORD009741,2026-02-23,CUST1058,P004,1,0.0,Cash,Completed,1500,950,1500,1500.0,950,550.0
ORD009742,2025-02-20,CUST0242,P008,2,0.0,Credit Card,Completed,16000,12500,32000,32000.0,25000,7000.0
ORD009743,2025-01-27,CUST0967,P007,2,0.05,Credit Card,Completed,28000,22000,56000,53200.0,44000,9200.0
ORD009744,2026-06-29,CUST0890,P002,3,0.1,Debit Card,Returned,18000,13500,54000,48600.0,40500,8100.0
ORD009745,2025-03-03,CUST0113,P013,2,0.0,Credit Card,Completed,6000,4200,12000,12000.0,8400,3600.0
ORD009746,2025-06-20,CUST1014,P008,2,0.1,Debit Card,Completed,16000,12500,32000,28800.0,25000,3800.0
ORD009747,2025-10-13,CUST0318,P009,2,0.1,Credit Card,Completed,12000,8500,24000,21600.0,17000,4600.0
ORD009748,2025-04-27,CUST0023,P005,2,0.0,UPI,Completed,4500,3000,9000,9000.0,6000,3000.0
ORD009749,2025-01-04,CUST1582,P015,1,0.1,Net Banking,Completed,2200,1400,2200,1980.0,1400,580.0
ORD009750,2025-03-07,CUST0824,P004,1,0.0,Net Banking,Completed,1500,950,1500,1500.0,950,550.0
ORD009751,2025-03-01,CUST1671,P004,1,0.1,UPI,Completed,1500,950,1500,1350.0,950,400.0
ORD009752,2026-05-17,CUST1142,P013,1,0.0,Net Banking,Completed,6000,4200,6000,6000.0,4200,1800.0
ORD009753,2025-08-17,CUST0701,P004,2,0.05,Credit Card,Completed,1500,950,3000,2850.0,1900,950.0
ORD009754,2025-04-10,CUST1667,P006,2,0.05,Credit Card,Completed,35000,28500,70000,66500.0,57000,9500.0
ORD009755,2025-04-29,CUST1019,P011,4,0.0,Credit Card,Completed,4000,2600,16000,16000.0,10400,5600.0
ORD009756,2025-03-10,CUST1236,P004,1,0.0,Credit Card,Completed,1500,950,1500,1500.0,950,550.0
ORD009757,2025-08-09,CUST1442,P007,3,0.0,Credit Card,Completed,28000,22000,84000,84000.0,66000,18000.0
ORD009758,2025-08-11,CUST1137,P007,2,0.05,Net Banking,Completed,28000,22000,56000,53200.0,44000,9200.0
ORD009759,2026-05-19,CUST1068,P005,1,0.15,Debit Card,Completed,4500,3000,4500,3825.0,3000,825.0
ORD009760,2025-07-30,CUST0128,P013,2,0.0,Credit Card,Completed,6000,4200,12000,12000.0,8400,3600.0
ORD009761,2026-07-29,CUST0876,P005,4,0.0,Debit Card,Completed,4500,3000,18000,18000.0,12000,6000.0
ORD009762,2025-09-19,CUST0158,P015,1,0.05,Cash,Completed,2200,1400,2200,2090.0,1400,690.0
ORD009763,2026-06-02,CUST0827,P010,2,0.0,UPI,Completed,22000,16000,44000,44000.0,32000,12000.0
ORD009764,2025-09-05,CUST1418,P008,1,0.1,Credit Card,Completed,16000,12500,16000,14400.0,12500,1900.0
ORD009765,2025-09-14,CUST0852,P007,1,0.0,Net Banking,Completed,28000,22000,28000,28000.0,22000,6000.0
ORD009766,2025-03-04,CUST0512,P014,2,0.1,Debit Card,Completed,2500,1600,5000,4500.0,3200,1300.0
ORD009767,2026-01-27,CUST0045,P007,3,0.05,Net Banking,Completed,28000,22000,84000,79800.0,66000,13800.0
ORD009768,2026-06-24,CUST1132,P006,2,0.0,UPI,Completed,35000,28500,70000,70000.0,57000,13000.0
ORD009769,2026-02-21,CUST0219,P007,1,0.1,Net Banking,Completed,28000,22000,28000,25200.0,22000,3200.0
ORD009770,2025-02-22,CUST0443,P007,4,0.05,Net Banking,Completed,28000,22000,112000,106400.0,88000,18400.0
ORD009771,2025-02-07,CUST0315,P010,1,0.0,Net Banking,Completed,22000,16000,22000,22000.0,16000,6000.0
ORD009772,2025-11-04,CUST0177,P014,2,0.0,Credit Card,Completed,2500,1600,5000,5000.0,3200,1800.0
ORD009773,2025-02-22,CUST0228,P002,1,0.0,UPI,Completed,18000,13500,18000,18000.0,13500,4500.0
ORD009774,2026-08-29,CUST1727,P014,3,0.05,Credit Card,Completed,2500,1600,7500,7125.0,4800,2325.0
ORD009775,2026-08-29,CUST1696,P010,3,0.0,Credit Card,Completed,22000,16000,66000,66000.0,48000,18000.0
ORD009776,2026-03-28,CUST0267,P002,4,0.05,Credit Card,Completed,18000,13500,72000,68400.0,54000,14400.0
ORD009777,2026-04-06,CUST0870,P014,1,0.1,Debit Card,Completed,2500,1600,2500,2250.0,1600,650.0
ORD009778,2026-05-01,CUST0838,P010,2,0.15,Credit Card,Completed,22000,16000,44000,37400.0,32000,5400.0
ORD009779,2025-05-17,CUST1403,P007,2,0.1,UPI,Completed,28000,22000,56000,50400.0,44000,6400.0
ORD009780,2026-01-07,CUST0489,P014,2,0.1,Credit Card,Completed,2500,1600,5000,4500.0,3200,1300.0
ORD009781,2025-09-13,CUST0702,P010,2,0.1,UPI,Completed,22000,16000,44000,39600.0,32000,7600.0
ORD009782,2026-01-30,CUST0687,P007,1,0.2,UPI,Completed,28000,22000,28000,22400.0,22000,400.0
ORD009783,2025-02-06,CUST1314,P007,1,0.0,Credit Card,Completed,28000,22000,28000,28000.0,22000,6000.0
ORD009784,2025-05-27,CUST0996,P005,1,0.0,Debit Card,Completed,4500,3000,4500,4500.0,3000,1500.0
ORD009785,2025-01-08,CUST0357,P001,3,0.0,Net Banking,Completed,65000,52000,195000,195000.0,156000,39000.0
ORD009786,2025-09-08,CUST1681,P014,3,0.05,Credit Card,Completed,2500,1600,7500,7125.0,4800,2325.0
ORD009787,2026-07-25,CUST1768,P002,1,0.0,Net Banking,Completed,18000,13500,18000,18000.0,13500,4500.0
ORD009788,2026-09-27,CUST0872,P013,4,0.0,UPI,Completed,6000,4200,24000,24000.0,16800,7200.0
ORD009789,2026-03-23,CUST0204,P009,1,0.05,Cash,Completed,12000,8500,12000,11400.0,8500,2900.0
ORD009790,2025-09-20,CUST1237,P008,1,0.2,Net Banking,Completed,16000,12500,16000,12800.0,12500,300.0
ORD009791,2026-09-24,CUST0552,P008,1,0.2,Credit Card,Completed,16000,12500,16000,12800.0,12500,300.0
ORD009792,2026-03-15,CUST0323,P010,3,0.1,UPI,Completed,22000,16000,66000,59400.0,48000,11400.0
ORD009793,2025-09-16,CUST0594,P001,2,0.05,Credit Card,Completed,65000,52000,130000,123500.0,104000,19500.0
ORD009794,2025-11-19,CUST0181,P006,1,0.15,UPI,Completed,35000,28500,35000,29750.0,28500,1250.0
ORD009795,2026-06-14,CUST0499,P015,2,0.15,Debit Card,Completed,2200,1400,4400,3740.0,2800,940.0
ORD009796,2025-10-28,CUST1344,P015,1,0.15,UPI,Completed,2200,1400,2200,1870.0,1400,470.0
ORD009797,2026-04-30,CUST0083,P009,1,0.1,Credit Card,Completed,12000,8500,12000,10800.0,8500,2300.0
ORD009798,2025-04-02,CUST0303,P015,1,0.0,UPI,Completed,2200,1400,2200,2200.0,1400,800.0
ORD009799,2025-06-13,CUST0262,P008,1,0.0,UPI,Completed,16000,12500,16000,16000.0,12500,3500.0
ORD009800,2025-12-01,CUST0784,P003,3,0.15,UPI,Completed,3000,2100,9000,7650.0,6300,1350.0
ORD009801,2025-11-11,CUST1224,P004,2,0.0,UPI,Completed,1500,950,3000,3000.0,1900,1100.0
ORD009802,2025-08-26,CUST1264,P015,1,0.0,Debit Card,Completed,2200,1400,2200,2200.0,1400,800.0
ORD009803,2025-03-24,CUST0914,P003,1,0.05,UPI,Completed,3000,2100,3000,2850.0,2100,750.0
ORD009804,2025-04-19,CUST0692,P006,1,0.0,Debit Card,Completed,35000,28500,35000,35000.0,28500,6500.0
ORD009805,2025-06-27,CUST0944,P014,1,0.15,Debit Card,Completed,2500,1600,2500,2125.0,1600,525.0
ORD009806,2025-09-07,CUST0683,P009,2,0.0,UPI,Completed,12000,8500,24000,24000.0,17000,7000.0
ORD009807,2026-07-21,CUST1319,P015,1,0.0,UPI,Completed,2200,1400,2200,2200.0,1400,800.0
ORD009808,2025-04-01,CUST1536,P008,2,0.2,Credit Card,Completed,16000,12500,32000,25600.0,25000,600.0
ORD009809,2025-12-05,CUST0689,P015,1,0.0,Net Banking,Completed,2200,1400,2200,2200.0,1400,800.0
ORD009810,2026-09-30,CUST0396,P015,1,0.15,Credit Card,Completed,2200,1400,2200,1870.0,1400,470.0
ORD009811,2025-06-18,CUST1773,P013,4,0.05,Credit Card,Completed,6000,4200,24000,22800.0,16800,6000.0
ORD009812,2025-05-19,CUST1162,P010,1,0.1,Debit Card,Completed,22000,16000,22000,19800.0,16000,3800.0
ORD009813,2026-06-01,CUST0839,P004,1,0.0,Net Banking,Completed,1500,950,1500,1500.0,950,550.0
ORD009814,2026-08-01,CUST0878,P015,1,0.05,Net Banking,Completed,2200,1400,2200,2090.0,1400,690.0
ORD009815,2026-09-15,CUST0823,P002,1,0.0,Credit Card,Completed,18000,13500,18000,18000.0,13500,4500.0
ORD009816,2025-07-03,CUST1153,P013,1,0.2,UPI,Completed,6000,4200,6000,4800.0,4200,600.0
ORD009817,2025-06-19,CUST0049,P008,1,0.0,Debit Card,Completed,16000,12500,16000,16000.0,12500,3500.0
ORD009818,2025-12-28,CUST1700,P008,3,0.0,UPI,Completed,16000,12500,48000,48000.0,37500,10500.0
ORD009819,2025-09-01,CUST0789,P014,3,0.15,Credit Card,Completed,2500,1600,7500,6375.0,4800,1575.0
ORD009820,2025-05-18,CUST0293,P012,2,0.05,Debit Card,Completed,9000,6500,18000,17100.0,13000,4100.0
ORD009821,2025-01-28,CUST1652,P011,1,0.1,Debit Card,Completed,4000,2600,4000,3600.0,2600,1000.0
ORD009822,2026-06-03,CUST0536,P006,2,0.1,Debit Card,Cancelled,35000,28500,70000,63000.0,57000,6000.0
ORD009823,2026-02-02,CUST0311,P014,1,0.0,UPI,Completed,2500,1600,2500,2500.0,1600,900.0
ORD009824,2025-11-29,CUST0537,P008,1,0.0,Cash,Completed,16000,12500,16000,16000.0,12500,3500.0
ORD009825,2025-11-13,CUST0639,P009,1,0.15,UPI,Completed,12000,8500,12000,10200.0,8500,1700.0
ORD009826,2026-07-17,CUST0234,P013,2,0.0,UPI,Completed,6000,4200,12000,12000.0,8400,3600.0
ORD009827,2026-03-02,CUST1233,P001,1,0.05,Debit Card,Completed,65000,52000,65000,61750.0,52000,9750.0
ORD009828,2025-05-16,CUST0605,P009,1,0.1,Net Banking,Completed,12000,8500,12000,10800.0,8500,2300.0
ORD009829,2025-09-24,CUST0094,P002,1,0.0,Credit Card,Completed,18000,13500,18000,18000.0,13500,4500.0
ORD009830,2025-04-17,CUST0327,P014,1,0.1,Credit Card,Completed,2500,1600,2500,2250.0,1600,650.0
ORD009831,2026-07-14,CUST0225,P013,1,0.05,Credit Card,Completed,6000,4200,6000,5700.0,4200,1500.0
ORD009832,2025-05-18,CUST0967,P001,1,0.15,UPI,Completed,65000,52000,65000,55250.0,52000,3250.0
ORD009833,2026-09-07,CUST0890,P008,1,0.0,Debit Card,Completed,16000,12500,16000,16000.0,12500,3500.0
ORD009834,2025-02-16,CUST0011,P008,1,0.0,Credit Card,Cancelled,16000,12500,16000,16000.0,12500,3500.0
ORD009835,2026-01-03,CUST1353,P011,1,0.1,Net Banking,Completed,4000,2600,4000,3600.0,2600,1000.0
ORD009836,2025-01-06,CUST1036,P004,1,0.0,UPI,Completed,1500,950,1500,1500.0,950,550.0
ORD009837,2026-06-07,CUST0035,P008,1,0.05,UPI,Completed,16000,12500,16000,15200.0,12500,2700.0
ORD009838,2026-06-13,CUST0447,P007,2,0.1,Credit Card,Completed,28000,22000,56000,50400.0,44000,6400.0
ORD009839,2025-09-29,CUST1476,P013,1,0.1,Credit Card,Completed,6000,4200,6000,5400.0,4200,1200.0
ORD009840,2025-03-07,CUST1764,P002,1,0.05,Credit Card,Returned,18000,13500,18000,17100.0,13500,3600.0
ORD009841,2026-02-24,CUST1244,P005,1,0.0,UPI,Completed,4500,3000,4500,4500.0,3000,1500.0
ORD009842,2025-12-05,CUST0441,P014,1,0.1,UPI,Completed,2500,1600,2500,2250.0,1600,650.0
ORD009843,2026-05-13,CUST0653,P010,1,0.0,Net Banking,Completed,22000,16000,22000,22000.0,16000,6000.0
ORD009844,2026-04-14,CUST1559,P004,5,0.15,Credit Card,Completed,1500,950,7500,6375.0,4750,1625.0
ORD009845,2025-11-27,CUST0595,P003,3,0.0,Credit Card,Cancelled,3000,2100,9000,9000.0,6300,2700.0
ORD009846,2025-05-11,CUST0229,P001,1,0.1,Credit Card,Completed,65000,52000,65000,58500.0,52000,6500.0
ORD009847,2026-06-14,CUST0344,P005,2,0.05,Credit Card,Completed,4500,3000,9000,8550.0,6000,2550.0
ORD009848,2026-08-24,CUST1104,P010,1,0.0,Debit Card,Completed,22000,16000,22000,22000.0,16000,6000.0
ORD009849,2026-03-14,CUST1377,P008,1,0.05,Debit Card,Completed,16000,12500,16000,15200.0,12500,2700.0
ORD009850,2025-08-31,CUST1420,P012,2,0.0,UPI,Completed,9000,6500,18000,18000.0,13000,5000.0
ORD009851,2026-04-08,CUST1314,P009,1,0.0,Credit Card,Completed,12000,8500,12000,12000.0,8500,3500.0
ORD009852,2025-12-16,CUST1479,P007,1,0.0,UPI,Completed,28000,22000,28000,28000.0,22000,6000.0
ORD009853,2025-01-17,CUST1695,P012,2,0.15,Credit Card,Completed,9000,6500,18000,15300.0,13000,2300.0
ORD009854,2026-04-11,CUST0989,P011,2,0.0,Credit Card,Completed,4000,2600,8000,8000.0,5200,2800.0
ORD009855,2025-12-29,CUST1152,P001,5,0.2,UPI,Completed,65000,52000,325000,260000.0,260000,0.0
ORD009856,2025-07-29,CUST1726,P001,3,0.0,Debit Card,Completed,65000,52000,195000,195000.0,156000,39000.0
ORD009857,2026-09-03,CUST0909,P015,3,0.1,UPI,Completed,2200,1400,6600,5940.0,4200,1740.0
ORD009858,2026-06-09,CUST1567,P001,1,0.15,Net Banking,Completed,65000,52000,65000,55250.0,52000,3250.0
ORD009859,2026-02-24,CUST1383,P002,1,0.15,UPI,Completed,18000,13500,18000,15300.0,13500,1800.0
ORD009860,2025-05-13,CUST0527,P001,2,0.0,Cash,Completed,65000,52000,130000,130000.0,104000,26000.0
ORD009861,2025-01-14,CUST1337,P004,5,0.1,Credit Card,Completed,1500,950,7500,6750.0,4750,2000.0
ORD009862,2025-02-13,CUST0075,P010,1,0.0,UPI,Completed,22000,16000,22000,22000.0,16000,6000.0
ORD009863,2026-01-12,CUST1570,P009,5,0.05,UPI,Completed,12000,8500,60000,57000.0,42500,14500.0
ORD009864,2025-10-22,CUST0196,P012,1,0.1,UPI,Completed,9000,6500,9000,8100.0,6500,1600.0
ORD009865,2026-01-31,CUST0029,P004,1,0.0,UPI,Completed,1500,950,1500,1500.0,950,550.0
ORD009866,2025-04-14,CUST0706,P013,1,0.0,UPI,Completed,6000,4200,6000,6000.0,4200,1800.0
ORD009867,2026-03-21,CUST1021,P004,1,0.0,UPI,Cancelled,1500,950,1500,1500.0,950,550.0
ORD009868,2025-03-03,CUST0016,P007,3,0.0,UPI,Completed,28000,22000,84000,84000.0,66000,18000.0
ORD009869,2026-07-19,CUST1447,P014,1,0.0,Credit Card,Completed,2500,1600,2500,2500.0,1600,900.0
ORD009870,2026-02-16,CUST1613,P011,4,0.15,Credit Card,Completed,4000,2600,16000,13600.0,10400,3200.0
ORD009871,2026-09-22,CUST0805,P009,2,0.0,Debit Card,Completed,12000,8500,24000,24000.0,17000,7000.0
ORD009872,2025-11-17,CUST1617,P007,1,0.1,UPI,Completed,28000,22000,28000,25200.0,22000,3200.0
ORD009873,2025-05-11,CUST1429,P001,3,0.1,Net Banking,Completed,65000,52000,195000,175500.0,156000,19500.0
ORD009874,2025-07-18,CUST0940,P001,1,0.05,Credit Card,Completed,65000,52000,65000,61750.0,52000,9750.0
ORD009875,2025-02-05,CUST1660,P004,3,0.1,Debit Card,Completed,1500,950,4500,4050.0,2850,1200.0
ORD009876,2025-08-04,CUST1555,P004,1,0.1,UPI,Completed,1500,950,1500,1350.0,950,400.0
ORD009877,2026-08-09,CUST0967,P001,1,0.05,Credit Card,Completed,65000,52000,65000,61750.0,52000,9750.0
ORD009878,2025-11-02,CUST1638,P006,2,0.05,Credit Card,Returned,35000,28500,70000,66500.0,57000,9500.0
ORD009879,2026-07-21,CUST1101,P010,4,0.15,Net Banking,Completed,22000,16000,88000,74800.0,64000,10800.0
ORD009880,2025-01-12,CUST0229,P002,2,0.2,Net Banking,Completed,18000,13500,36000,28800.0,27000,1800.0
ORD009881,2025-03-24,CUST0962,P011,2,0.1,Debit Card,Completed,4000,2600,8000,7200.0,5200,2000.0
ORD009882,2025-02-01,CUST1321,P005,3,0.0,Debit Card,Completed,4500,3000,13500,13500.0,9000,4500.0
ORD009883,2026-02-12,CUST1534,P008,1,0.05,Debit Card,Completed,16000,12500,16000,15200.0,12500,2700.0
ORD009884,2025-03-27,CUST0715,P015,3,0.05,UPI,Completed,2200,1400,6600,6270.0,4200,2070.0
ORD009885,2026-02-15,CUST0984,P003,1,0.1,Debit Card,Returned,3000,2100,3000,2700.0,2100,600.0
ORD009886,2026-07-17,CUST0573,P009,1,0.1,UPI,Completed,12000,8500,12000,10800.0,8500,2300.0
ORD009887,2025-09-13,CUST1562,P007,1,0.05,Debit Card,Completed,28000,22000,28000,26600.0,22000,4600.0
ORD009888,2025-08-29,CUST1607,P009,1,0.1,UPI,Completed,12000,8500,12000,10800.0,8500,2300.0
ORD009889,2026-03-28,CUST0615,P001,1,0.0,UPI,Completed,65000,52000,65000,65000.0,52000,13000.0
ORD009890,2025-01-01,CUST0326,P005,1,0.1,Credit Card,Completed,4500,3000,4500,4050.0,3000,1050.0
ORD009891,2026-08-24,CUST1387,P012,1,0.0,UPI,Completed,9000,6500,9000,9000.0,6500,2500.0
ORD009892,2025-10-09,CUST1693,P013,2,0.1,Debit Card,Completed,6000,4200,12000,10800.0,8400,2400.0
ORD009893,2026-08-22,CUST0875,P003,2,0.0,Credit Card,Completed,3000,2100,6000,6000.0,4200,1800.0
ORD009894,2026-05-29,CUST0359,P004,2,0.0,Cash,Completed,1500,950,3000,3000.0,1900,1100.0
ORD009895,2025-04-29,CUST1730,P004,1,0.0,Credit Card,Completed,1500,950,1500,1500.0,950,550.0
ORD009896,2026-05-20,CUST0324,P011,3,0.15,Debit Card,Completed,4000,2600,12000,10200.0,7800,2400.0
ORD009897,2025-03-21,CUST1722,P012,1,0.1,Net Banking,Completed,9000,6500,9000,8100.0,6500,1600.0
ORD009898,2026-09-15,CUST1350,P007,2,0.05,UPI,Completed,28000,22000,56000,53200.0,44000,9200.0
ORD009899,2025-08-07,CUST1649,P010,1,0.1,Debit Card,Completed,22000,16000,22000,19800.0,16000,3800.0
ORD009900,2026-06-01,CUST0165,P011,2,0.1,Credit Card,Completed,4000,2600,8000,7200.0,5200,2000.0
ORD009901,2026-04-11,CUST1597,P008,1,0.1,UPI,Completed,16000,12500,16000,14400.0,12500,1900.0
ORD009902,2026-06-02,CUST1628,P011,3,0.05,UPI,Completed,4000,2600,12000,11400.0,7800,3600.0
ORD009903,2026-05-17,CUST0798,P010,3,0.0,Debit Card,Completed,22000,16000,66000,66000.0,48000,18000.0
ORD009904,2025-02-27,CUST0455,P005,2,0.0,UPI,Completed,4500,3000,9000,9000.0,6000,3000.0
ORD009905,2025-12-03,CUST1177,P013,1,0.0,UPI,Completed,6000,4200,6000,6000.0,4200,1800.0
ORD009906,2026-05-25,CUST1761,P013,1,0.1,Credit Card,Completed,6000,4200,6000,5400.0,4200,1200.0
ORD009907,2026-09-06,CUST1151,P012,4,0.0,UPI,Completed,9000,6500,36000,36000.0,26000,10000.0
ORD009908,2026-03-02,CUST0193,P010,1,0.05,Debit Card,Completed,22000,16000,22000,20900.0,16000,4900.0
ORD009909,2026-07-14,CUST0627,P007,4,0.05,UPI,Completed,28000,22000,112000,106400.0,88000,18400.0
ORD009910,2026-01-05,CUST1798,P003,1,0.0,UPI,Completed,3000,2100,3000,3000.0,2100,900.0
ORD009911,2026-02-15,CUST0530,P003,4,0.2,Credit Card,Completed,3000,2100,12000,9600.0,8400,1200.0
ORD009912,2026-03-08,CUST1034,P003,4,0.15,Credit Card,Completed,3000,2100,12000,10200.0,8400,1800.0
ORD009913,2025-07-15,CUST0092,P012,2,0.0,Net Banking,Completed,9000,6500,18000,18000.0,13000,5000.0
ORD009914,2026-01-12,CUST0139,P004,1,0.1,Credit Card,Completed,1500,950,1500,1350.0,950,400.0
ORD009915,2025-12-31,CUST0481,P006,1,0.05,Net Banking,Completed,35000,28500,35000,33250.0,28500,4750.0
ORD009916,2026-02-09,CUST0449,P015,4,0.1,UPI,Completed,2200,1400,8800,7920.0,5600,2320.0
ORD009917,2026-05-07,CUST1357,P005,3,0.0,Credit Card,Completed,4500,3000,13500,13500.0,9000,4500.0
ORD009918,2025-03-07,CUST0869,P008,1,0.0,Debit Card,Completed,16000,12500,16000,16000.0,12500,3500.0
ORD009919,2026-01-26,CUST0340,P014,1,0.15,Debit Card,Completed,2500,1600,2500,2125.0,1600,525.0
ORD009920,2025-03-24,CUST1076,P014,3,0.15,Cash,Completed,2500,1600,7500,6375.0,4800,1575.0
ORD009921,2026-04-26,CUST1731,P012,2,0.05,Credit Card,Completed,9000,6500,18000,17100.0,13000,4100.0
ORD009922,2025-08-17,CUST0466,P013,3,0.15,Credit Card,Completed,6000,4200,18000,15300.0,12600,2700.0
ORD009923,2025-08-13,CUST0718,P005,3,0.1,Net Banking,Completed,4500,3000,13500,12150.0,9000,3150.0
ORD009924,2025-04-23,CUST0799,P011,4,0.0,UPI,Completed,4000,2600,16000,16000.0,10400,5600.0
ORD009925,2025-07-04,CUST0475,P012,1,0.0,UPI,Completed,9000,6500,9000,9000.0,6500,2500.0
ORD009926,2026-05-27,CUST0401,P005,1,0.0,Credit Card,Completed,4500,3000,4500,4500.0,3000,1500.0
ORD009927,2025-06-22,CUST1463,P014,1,0.1,UPI,Cancelled,2500,1600,2500,2250.0,1600,650.0
ORD009928,2026-06-07,CUST0605,P010,4,0.2,Credit Card,Completed,22000,16000,88000,70400.0,64000,6400.0
ORD009929,2025-07-24,CUST0932,P002,1,0.05,Cash,Completed,18000,13500,18000,17100.0,13500,3600.0
ORD009930,2026-06-22,CUST0997,P012,1,0.1,UPI,Completed,9000,6500,9000,8100.0,6500,1600.0
ORD009931,2025-11-15,CUST0922,P011,1,0.1,Debit Card,Completed,4000,2600,4000,3600.0,2600,1000.0
ORD009932,2025-06-08,CUST0821,P011,1,0.0,UPI,Completed,4000,2600,4000,4000.0,2600,1400.0
ORD009933,2025-10-05,CUST0657,P005,3,0.0,UPI,Completed,4500,3000,13500,13500.0,9000,4500.0
ORD009934,2025-05-28,CUST0598,P015,2,0.05,UPI,Completed,2200,1400,4400,4180.0,2800,1380.0
ORD009935,2025-03-24,CUST1533,P012,2,0.05,Credit Card,Completed,9000,6500,18000,17100.0,13000,4100.0
ORD009936,2026-02-23,CUST1177,P007,1,0.15,UPI,Completed,28000,22000,28000,23800.0,22000,1800.0
ORD009937,2026-06-22,CUST0514,P002,4,0.0,Debit Card,Completed,18000,13500,72000,72000.0,54000,18000.0
ORD009938,2026-08-06,CUST1527,P014,1,0.05,Debit Card,Completed,2500,1600,2500,2375.0,1600,775.0
ORD009939,2026-07-03,CUST1796,P013,2,0.1,Credit Card,Completed,6000,4200,12000,10800.0,8400,2400.0
ORD009940,2026-01-27,CUST1700,P006,1,0.0,UPI,Completed,35000,28500,35000,35000.0,28500,6500.0
ORD009941,2025-05-13,CUST1030,P007,1,0.05,UPI,Completed,28000,22000,28000,26600.0,22000,4600.0
ORD009942,2026-09-30,CUST0500,P005,1,0.0,Credit Card,Completed,4500,3000,4500,4500.0,3000,1500.0
ORD009943,2026-09-19,CUST1685,P009,2,0.05,Net Banking,Completed,12000,8500,24000,22800.0,17000,5800.0
ORD009944,2026-08-27,CUST0717,P014,2,0.1,Credit Card,Completed,2500,1600,5000,4500.0,3200,1300.0
ORD009945,2025-08-30,CUST1142,P004,1,0.0,Credit Card,Completed,1500,950,1500,1500.0,950,550.0
ORD009946,2026-03-27,CUST1509,P014,1,0.1,Net Banking,Completed,2500,1600,2500,2250.0,1600,650.0
ORD009947,2025-07-19,CUST0601,P014,3,0.0,UPI,Completed,2500,1600,7500,7500.0,4800,2700.0
ORD009948,2025-04-27,CUST0666,P013,1,0.0,Credit Card,Completed,6000,4200,6000,6000.0,4200,1800.0
ORD009949,2025-08-07,CUST1703,P010,1,0.05,Credit Card,Completed,22000,16000,22000,20900.0,16000,4900.0
ORD009950,2025-11-01,CUST0468,P015,1,0.15,UPI,Completed,2200,1400,2200,1870.0,1400,470.0
ORD009951,2025-08-31,CUST0161,P001,3,0.0,Cash,Completed,65000,52000,195000,195000.0,156000,39000.0
ORD009952,2025-10-19,CUST0270,P014,1,0.0,Credit Card,Completed,2500,1600,2500,2500.0,1600,900.0
ORD009953,2025-10-28,CUST1080,P008,5,0.1,UPI,Completed,16000,12500,80000,72000.0,62500,9500.0
ORD009954,2026-01-23,CUST0228,P015,1,0.05,UPI,Completed,2200,1400,2200,2090.0,1400,690.0
ORD009955,2026-08-11,CUST0849,P008,1,0.0,Credit Card,Completed,16000,12500,16000,16000.0,12500,3500.0
ORD009956,2025-07-28,CUST0149,P007,1,0.0,Credit Card,Completed,28000,22000,28000,28000.0,22000,6000.0
ORD009957,2025-11-10,CUST1070,P008,2,0.1,Cash,Completed,16000,12500,32000,28800.0,25000,3800.0
ORD009958,2026-09-09,CUST1168,P002,1,0.2,Credit Card,Returned,18000,13500,18000,14400.0,13500,900.0
ORD009959,2025-01-26,CUST1774,P003,2,0.0,Debit Card,Completed,3000,2100,6000,6000.0,4200,1800.0
ORD009960,2025-03-20,CUST0632,P009,1,0.05,UPI,Completed,12000,8500,12000,11400.0,8500,2900.0
ORD009961,2025-05-08,CUST1364,P001,1,0.0,UPI,Completed,65000,52000,65000,65000.0,52000,13000.0
ORD009962,2026-02-17,CUST0413,P008,3,0.1,Debit Card,Completed,16000,12500,48000,43200.0,37500,5700.0
ORD009963,2025-05-17,CUST1756,P008,2,0.0,Net Banking,Completed,16000,12500,32000,32000.0,25000,7000.0
ORD009964,2025-11-30,CUST0520,P007,1,0.0,Credit Card,Completed,28000,22000,28000,28000.0,22000,6000.0
ORD009965,2026-07-02,CUST1368,P013,2,0.1,Credit Card,Completed,6000,4200,12000,10800.0,8400,2400.0
ORD009966,2026-01-23,CUST0387,P014,2,0.0,Credit Card,Completed,2500,1600,5000,5000.0,3200,1800.0
ORD009967,2026-07-25,CUST1497,P011,1,0.0,Credit Card,Cancelled,4000,2600,4000,4000.0,2600,1400.0
ORD009968,2025-08-18,CUST0275,P005,1,0.2,UPI,Completed,4500,3000,4500,3600.0,3000,600.0
ORD009969,2026-02-25,CUST0353,P004,1,0.2,Debit Card,Completed,1500,950,1500,1200.0,950,250.0
ORD009970,2025-05-04,CUST1090,P010,1,0.0,Credit Card,Completed,22000,16000,22000,22000.0,16000,6000.0
ORD009971,2025-03-29,CUST1103,P010,3,0.05,Credit Card,Completed,22000,16000,66000,62700.0,48000,14700.0
ORD009972,2025-05-21,CUST0598,P013,1,0.05,Credit Card,Completed,6000,4200,6000,5700.0,4200,1500.0
ORD009973,2025-02-20,CUST1660,P015,1,0.05,UPI,Returned,2200,1400,2200,2090.0,1400,690.0
ORD009974,2026-07-21,CUST1226,P010,1,0.15,Credit Card,Completed,22000,16000,22000,18700.0,16000,2700.0
ORD009975,2026-02-09,CUST1686,P014,4,0.1,Debit Card,Cancelled,2500,1600,10000,9000.0,6400,2600.0
ORD009976,2025-12-03,CUST0558,P010,2,0.1,UPI,Completed,22000,16000,44000,39600.0,32000,7600.0
ORD009977,2026-01-01,CUST0113,P006,1,0.0,Debit Card,Completed,35000,28500,35000,35000.0,28500,6500.0
ORD009978,2025-09-15,CUST1115,P012,1,0.05,Credit Card,Completed,9000,6500,9000,8550.0,6500,2050.0
ORD009979,2026-01-23,CUST0141,P011,1,0.05,Net Banking,Completed,4000,2600,4000,3800.0,2600,1200.0
ORD009980,2025-02-14,CUST1313,P001,2,0.0,Net Banking,Completed,65000,52000,130000,130000.0,104000,26000.0
ORD009981,2025-09-26,CUST0730,P013,1,0.0,Credit Card,Completed,6000,4200,6000,6000.0,4200,1800.0
ORD009982,2025-11-07,CUST0589,P005,4,0.0,UPI,Completed,4500,3000,18000,18000.0,12000,6000.0
ORD009983,2025-10-05,CUST0411,P014,1,0.0,Debit Card,Completed,2500,1600,2500,2500.0,1600,900.0
ORD009984,2026-04-20,CUST0377,P004,2,0.0,Credit Card,Completed,1500,950,3000,3000.0,1900,1100.0
ORD009985,2026-07-21,CUST1408,P004,2,0.0,Credit Card,Completed,1500,950,3000,3000.0,1900,1100.0
ORD009986,2025-05-25,CUST1176,P007,3,0.0,UPI,Completed,28000,22000,84000,84000.0,66000,18000.0
ORD009987,2025-08-23,CUST0751,P009,1,0.05,Debit Card,Completed,12000,8500,12000,11400.0,8500,2900.0
ORD009988,2025-05-16,CUST0627,P008,2,0.05,Credit Card,Completed,16000,12500,32000,30400.0,25000,5400.0
ORD009989,2026-03-21,CUST1343,P011,1,0.0,UPI,Completed,4000,2600,4000,4000.0,2600,1400.0
ORD009990,2025-12-19,CUST1393,P013,1,0.15,Cash,Completed,6000,4200,6000,5100.0,4200,900.0
ORD009991,2026-01-29,CUST1630,P014,3,0.05,Credit Card,Completed,2500,1600,7500,7125.0,4800,2325.0
ORD009992,2025-10-02,CUST0995,P012,4,0.1,Debit Card,Completed,9000,6500,36000,32400.0,26000,6400.0
ORD009993,2026-01-19,CUST1584,P008,2,0.15,Debit Card,Completed,16000,12500,32000,27200.0,25000,2200.0
ORD009994,2025-11-19,CUST0703,P005,1,0.0,UPI,Completed,4500,3000,4500,4500.0,3000,1500.0
ORD009995,2025-07-02,CUST0462,P006,3,0.05,Debit Card,Completed,35000,28500,105000,99750.0,85500,14250.0
ORD009996,2026-07-27,CUST0012,P002,1,0.05,UPI,Completed,18000,13500,18000,17100.0,13500,3600.0
ORD009997,2026-03-16,CUST1180,P013,1,0.05,Net Banking,Completed,6000,4200,6000,5700.0,4200,1500.0
ORD009998,2025-03-04,CUST1708,P011,2,0.0,Debit Card,Completed,4000,2600,8000,8000.0,5200,2800.0
ORD009999,2025-02-03,CUST0477,P014,1,0.1,UPI,Completed,2500,1600,2500,2250.0,1600,650.0
ORD010000,2026-04-22,CUST0939,P003,4,0.0,Credit Card,Completed,3000,2100,12000,12000.0,8400,3600.0
